clave,csv_origen,P_alta,x_b,T_fuente,T_sumidero,eps_hrvg,eps_lo,eps_supuesta,h1_min,h2max,h2_min,h_rocio,h_burbuja,T_rocio,T_burbuja,margen_sobrecalentada,veredicto,error
3000|0.6|394|283|0.829602|2026-09-23_pinch6_realista/barrido_pinch6_realista.csv|2,2026-09-23_pinch6_realista/barrido_pinch6_realista.csv,3000.0,0.6,394.0,283.0,0.829602,0.829602,False,13.144172224415994,869.9002713156519,723.9107455427035,2277.3517315636077,432.56572112122956,462.2532428683603,369.55223243012836,-1553.4409860209043,DENTRO_DE_CAMPANA_POSIBLE,
3000|0.35|470|300.033|0.85|2026-10-01_benchmark_reintento/benchmark_minibarrido.csv|230,2026-10-01_benchmark_reintento/benchmark_minibarrido.csv,3000.0,0.35,470.0,300.032917,0.85,0.85,False,12.220257854533157,1679.0611675391965,1429.035031086497,2506.0225936736992,561.7492280223859,484.03572725469417,417.16680593478605,-1076.9875625872023,DENTRO_DE_CAMPANA_POSIBLE,
4000|0.75|380|300.033|0.85|2026-10-01_benchmark_reintento/benchmark_minibarrido.csv|89,2026-10-01_benchmark_reintento/benchmark_minibarrido.csv,4000.0,0.75,380.0,300.032917,0.85,0.85,False,209.46250120987077,911.1197100562136,805.8711287292622,2128.0014343410194,548.7588926143247,456.00416669992484,368.09601667480024,-1322.1303056117572,DENTRO_DE_CAMPANA_POSIBLE,
3000|0.5|470|300.033|0.75|2026-10-01_benchmark_reintento/benchmark_minibarrido_mb_corregido.csv|56,2026-10-01_benchmark_reintento/benchmark_minibarrido_mb_corregido.csv,3000.0,0.5,470.0,300.032917,0.75,0.75,False,42.59451371694848,2273.6583809214235,1715.8924141203047,2371.0109776549134,454.825468492777,471.79477596770096,385.55748439418085,-655.1185635346087,DENTRO_DE_CAMPANA_POSIBLE,
3000|0.45|470|300.033|0.85|2026-10-01_benchmark_reintento/respaldo_minibarrido_93puntos.csv|58,2026-10-01_benchmark_reintento/respaldo_minibarrido_93puntos.csv,3000.0,0.45,470.0,300.032917,0.85,0.85,False,26.43845591436748,2075.4593097940146,1768.1061817120674,2416.622573497389,481.4569069898763,476.1059062841319,395.2209574730669,-648.5163917853217,DENTRO_DE_CAMPANA_POSIBLE,
4500|0.8|470|300.033|0.75|2026-10-01_benchmark_reintento/respaldo_minibarrido_93puntos.csv|260,2026-10-01_benchmark_reintento/respaldo_minibarrido_93puntos.csv,4500.0,0.8,470.0,300.032917,0.75,0.75,False,256.64705687817474,2127.235242122208,1659.5881958112,2071.1209119329333,609.2240905677885,452.5432170457796,370.2383064112004,-411.5327161217333,DENTRO_DE_CAMPANA_POSIBLE,
3000|0.35|470|300.033|0.85|barridos_2026-09-19/fase2_libre/busqueda_libre_v2.csv|150,barridos_2026-09-19/fase2_libre/busqueda_libre_v2.csv,3000.0,0.35,470.0,300.032917,0.85,0.85,False,12.220257854533157,1679.0611675391965,1429.035031086497,2506.0225936736992,561.7492280223859,484.03572725469417,417.16680593478605,-1076.9875625872023,DENTRO_DE_CAMPANA_POSIBLE,
3000|0.4|470|300.033|0.8|barridos_2026-09-19/fase2_libre/busqueda_libre_v2.csv|723,barridos_2026-09-19/fase2_libre/busqueda_libre_v2.csv,3000.0,0.4,470.0,300.032917,0.8,0.8,False,16.40207711426378,1877.2602386666056,1505.0886063561372,2461.597811662558,517.5110363429663,480.1748261753551,405.8265354597948,-956.5092053064207,DENTRO_DE_CAMPANA_POSIBLE,
3000|0.45|470|300.033|0.8|barridos_2026-09-19/fase2_libre/busqueda_libre_v2.csv|192,barridos_2026-09-19/fase2_libre/busqueda_libre_v2.csv,3000.0,0.45,470.0,300.032917,0.8,0.8,False,26.43845591436748,2075.4593097940146,1665.6551390180853,2416.622573497389,481.4569069898763,476.1059062841319,395.2209574730669,-750.9674344793038,DENTRO_DE_CAMPANA_POSIBLE,
3000|0.45|470|300.033|0.75|barridos_2026-09-19/fase2_libre/busqueda_libre_v2.csv|375,barridos_2026-09-19/fase2_libre/busqueda_libre_v2.csv,3000.0,0.45,470.0,300.032917,0.75,0.75,False,26.43845591436748,2075.459309793785,1563.2040963239306,2416.622573497389,481.4569069898763,476.1059062841319,395.2209574730669,-853.4184771734585,DENTRO_DE_CAMPANA_POSIBLE,
3000|0.45|470|300.033|0.8|barridos_2026-09-19/fase2_libre/busqueda_libre_v2.csv|513,barridos_2026-09-19/fase2_libre/busqueda_libre_v2.csv,3000.0,0.45,470.0,300.032917,0.8,0.8,False,26.43845591436748,2075.4593097940146,1665.6551390180853,2416.622573497389,481.4569069898763,476.1059062841319,395.2209574730669,-750.9674344793038,DENTRO_DE_CAMPANA_POSIBLE,
3000|0.45|470|300.033|0.8|barridos_2026-09-19/fase2_libre/busqueda_libre_v2.csv|691,barridos_2026-09-19/fase2_libre/busqueda_libre_v2.csv,3000.0,0.45,470.0,300.032917,0.8,0.8,False,26.43845591436748,2075.4593097940146,1665.6551390180853,2416.622573497389,481.4569069898763,476.1059062841319,395.2209574730669,-750.9674344793038,DENTRO_DE_CAMPANA_POSIBLE,
3000|0.475|470|300.033|0.8|barridos_2026-09-19/fase2_libre/busqueda_libre_v2.csv|285,barridos_2026-09-19/fase2_libre/busqueda_libre_v2.csv,3000.0,0.475,470.0,300.032917,0.8,0.8,False,33.74425296186127,2174.558845357719,1746.3959268785475,2393.9029136407826,466.90150729783636,473.9831090159242,390.2607880219632,-647.5069867622351,DENTRO_DE_CAMPANA_POSIBLE,
3000|0.5|470|300.033|0.85|barridos_2026-09-19/fase2_libre/busqueda_libre_v2.csv|442,barridos_2026-09-19/fase2_libre/busqueda_libre_v2.csv,3000.0,0.5,470.0,300.032917,0.85,0.85,False,42.59451371694848,2273.6583809214235,1938.9988008407522,2371.0109776549134,454.825468492777,471.79477596770096,385.55748439418085,-432.0121768141612,DENTRO_DE_CAMPANA_POSIBLE,
3000|0.5|470|300.033|0.75|barridos_2026-09-19/fase2_libre/busqueda_libre_v2.csv|653,barridos_2026-09-19/fase2_libre/busqueda_libre_v2.csv,3000.0,0.5,470.0,300.032917,0.75,0.75,False,42.59451371694848,2273.6583809214235,1715.8924141203047,2371.0109776549134,454.825468492777,471.79477596770096,385.55748439418085,-655.1185635346087,DENTRO_DE_CAMPANA_POSIBLE,
3200|0.45|470|300.033|0.85|barridos_2026-09-19/fase2_libre/busqueda_libre_v2.csv|161,barridos_2026-09-19/fase2_libre/busqueda_libre_v2.csv,3200.0,0.45,470.0,300.032917,0.85,0.85,False,26.601276759016077,1946.0367920903536,1658.121464790653,2417.251300602959,499.7135402412013,479.1681894939245,398.8050852768563,-759.129835812306,DENTRO_DE_CAMPANA_POSIBLE,
3300|0.5|470|300.033|0.8|barridos_2026-09-19/fase2_libre/busqueda_libre_v2.csv|602,barridos_2026-09-19/fase2_libre/busqueda_libre_v2.csv,3300.0,0.5,470.0,300.032917,0.8,0.8,False,42.834110349405016,2072.7548100998656,1666.7706701497737,2371.91857426254,481.4564947007854,476.22647395305097,390.76678210880004,-705.1479041127664,DENTRO_DE_CAMPANA_POSIBLE,
4000|0.7|400|300.033|0.85|barridos_2026-09-19/fase2_libre/busqueda_libre_v2.csv|1494,barridos_2026-09-19/fase2_libre/busqueda_libre_v2.csv,4000.0,0.7,400.0,300.032917,0.85,0.85,False,166.35623631582843,1076.7036935299047,940.1515749477933,2180.1657142990225,528.1347169226142,463.0840450513229,372.8171367186041,-1240.0141393512292,DENTRO_DE_CAMPANA_POSIBLE,
4400|0.75|470|300.033|0.8|barridos_2026-09-19/fase2_libre/busqueda_libre_v2.csv|850,barridos_2026-09-19/fase2_libre/busqueda_libre_v2.csv,4400.0,0.75,470.0,300.032917,0.8,0.8,False,209.73981135341813,2159.622778457624,1769.6461850367828,2126.9527886579262,575.9201637521837,459.9614949854129,373.1982501533258,-357.3066036211435,DENTRO_DE_CAMPANA_POSIBLE,
4500|0.75|400|300.033|0.8|barridos_2026-09-19/fase2_libre/busqueda_libre_v2.csv|1505,barridos_2026-09-19/fase2_libre/busqueda_libre_v2.csv,4500.0,0.75,400.0,300.032917,0.8,0.8,False,209.80921931934498,1155.009856156185,965.9697287888171,2126.5843486759068,582.4994005204412,460.90004957873197,374.4259412885474,-1160.6146198870897,DENTRO_DE_CAMPANA_POSIBLE,
4500|0.85|380|300.033|0.75|barridos_2026-09-19/fase2_libre/busqueda_libre_v2.csv|1540,barridos_2026-09-19/fase2_libre/busqueda_libre_v2.csv,4500.0,0.85,380.0,300.032917,0.75,0.75,False,306.6328195149584,1175.2048173220655,958.0618178702888,2010.7067725877346,641.6969175865532,442.55481095864315,366.5876857624533,-1052.6449547174457,DENTRO_DE_CAMPANA_POSIBLE,
3300|0.82|394.15|278.15|0.85|barridos_2026-09-19/fase3_real/busqueda_husavik.csv|61,barridos_2026-09-19/fase3_real/busqueda_husavik.csv,3300.0,0.82,394.15,278.15,0.85,0.85,False,172.12518492718422,1433.2584081549562,1244.0884246707903,2049.920750619144,539.0745899444956,436.82053405304237,353.1594623073456,-805.8323259483539,DENTRO_DE_CAMPANA_POSIBLE,
3300|0.82|394.15|278.15|0.85|barridos_2026-09-19/fase3_real/busqueda_husavik_v2.csv|32,barridos_2026-09-19/fase3_real/busqueda_husavik_v2.csv,3300.0,0.82,394.15,278.15,0.85,0.85,False,172.12518492718422,1433.2584081549537,1244.0884246707883,2049.920750619144,539.07458994448,436.82053405304237,353.1594623073456,-805.8323259483559,DENTRO_DE_CAMPANA_POSIBLE,
3300|0.82|394.15|278.15|0.85|barridos_2026-09-19/fase3_real/sensibilidad_P_baja.csv|5,barridos_2026-09-19/fase3_real/sensibilidad_P_baja.csv,3300.0,0.82,394.15,278.15,0.85,0.85,False,172.12518492718422,1433.2584081549562,1244.0884246707903,2049.920750619144,539.0745899444956,436.82053405304237,353.1594623073456,-805.8323259483539,DENTRO_DE_CAMPANA_POSIBLE,
3300|0.8|394.15|278.15|0.85|barridos_2026-09-19/fase3_real/sensibilidad_xb.csv|3,barridos_2026-09-19/fase3_real/sensibilidad_xb.csv,3300.0,0.8,394.15,278.15,0.85,0.85,False,152.411828324369,1377.4312979450224,1193.6783775019244,2073.0134205896265,525.9725353147969,440.33665147507196,354.51165065013794,-879.3350430877022,DENTRO_DE_CAMPANA_POSIBLE,
1000|0.55|373|283|0.916686|2026-09-22_literatura_kcs11/barrido_literatura_kcs11.csv|2,2026-09-22_literatura_kcs11/barrido_literatura_kcs11.csv,1000.0,0.55,373.0,283.0,0.916686,0.916686,False,-15.99715816057425,940.0569806760274,860.4042861529948,2289.2436375870097,197.2979139434724,422.32672623115394,328.27201274794066,-1428.839351434015,DENTRO_DE_CAMPANA_POSIBLE,
3000|0.475|470|300.033|0.85|2026-10-01_benchmark_reintento/benchmark_filas.csv|298,2026-10-01_benchmark_reintento/benchmark_filas.csv,3000.0,0.475,470.0,300.032917,0.85,0.85,False,33.74425296186127,2174.558845357719,1853.4366564983402,2393.9029136407826,466.90150729783636,473.9831090159242,390.2607880219632,-540.4662571424424,DENTRO_DE_CAMPANA_POSIBLE,
1500|0.65|463|283|0.85|2026-10-01_benchmark_reintento/benchmark_filas_topes.csv|57,2026-10-01_benchmark_reintento/benchmark_filas_topes.csv,1500.0,0.65,463.0,283.0,0.85,0.85,False,45.271936174776236,2298.1914674227396,1960.253537735545,2209.956837751326,280.34667449207126,428.97605290398013,332.0685877079904,-249.703300015781,DENTRO_DE_CAMPANA_POSIBLE,
1000|0.7|373|283|0.942333|2026-10-01_benchmark_reintento/benchmark_minibarrido.csv|218,2026-10-01_benchmark_reintento/benchmark_minibarrido.csv,1000.0,0.7,373.0,283.0,0.942333,0.942333,False,83.42819316678145,1312.3626046390043,1241.4936439326357,2143.8219116240903,222.7902277799278,409.3952988129126,312.23111969988423,-902.3282676914546,DENTRO_DE_CAMPANA_POSIBLE,
3000|0.475|470|300.033|0.8|2026-10-01_benchmark_reintento/benchmark_minibarrido.csv|161,2026-10-01_benchmark_reintento/benchmark_minibarrido.csv,3000.0,0.475,470.0,300.032917,0.8,0.8,False,33.74425296186127,2174.558845357719,1746.3959268785475,2393.9029136407826,466.90150729784824,473.9831090159242,390.2607880219632,-647.5069867622351,DENTRO_DE_CAMPANA_POSIBLE,
4500|0.85|460|300.033|0.8|2026-10-01_benchmark_reintento/benchmark_minibarrido.csv|176,2026-10-01_benchmark_reintento/benchmark_minibarrido.csv,4500.0,0.85,460.0,300.032917,0.8,0.8,False,306.6328195149584,2066.6371364927204,1714.636273097168,2010.7067725877346,641.6969175865427,442.55481095864315,366.5876857624533,-296.0704994905666,DENTRO_DE_CAMPANA_POSIBLE,
2000|0.65|373|283|0.906293|2026-10-01_benchmark_reintento/benchmark_minibarrido_mb_corregido.csv|116,2026-10-01_benchmark_reintento/benchmark_minibarrido_mb_corregido.csv,2000.0,0.65,373.0,283.0,0.906293,0.906293,False,45.66656865166018,910.6490157100764,829.5941055435733,2219.756551038821,340.5550751081369,440.1624650136847,344.20680415636895,-1390.1624454952475,DENTRO_DE_CAMPANA_POSIBLE,
3150|0.5|470|300.033|0.85|2026-10-01_benchmark_reintento/benchmark_minibarrido_mb_corregido.csv|50,2026-10-01_benchmark_reintento/benchmark_minibarrido_mb_corregido.csv,3150.0,0.5,470.0,300.032917,0.85,0.85,False,42.714303922771464,2165.271375952649,1846.8878151481674,2371.5430238094036,468.3226899405496,474.05406912358495,388.2028497768644,-524.6552086612362,DENTRO_DE_CAMPANA_POSIBLE,
1000|0.65|373|283|0.936203|2026-10-01_benchmark_reintento/respaldo_minibarrido_93puntos.csv|114,2026-10-01_benchmark_reintento/respaldo_minibarrido_93puntos.csv,1000.0,0.65,373.0,283.0,0.936203,0.936203,False,44.877609402419694,1188.2607299846788,1115.3163170408925,2193.3921126081727,204.7092447194991,414.1361877663231,316.58380298277143,-1078.0757955672802,DENTRO_DE_CAMPANA_POSIBLE,
3000|0.45|470|300.033|0.8|2026-10-01_benchmark_reintento/respaldo_minibarrido_93puntos.csv|253,2026-10-01_benchmark_reintento/respaldo_minibarrido_93puntos.csv,3000.0,0.45,470.0,300.032917,0.8,0.8,False,26.43845591436748,2075.4593097940146,1665.6551390180853,2416.622573497389,481.4569069898763,476.1059062841319,395.2209574730669,-750.9674344793038,DENTRO_DE_CAMPANA_POSIBLE,
4500|0.8|400|300.033|0.8|2026-10-01_benchmark_reintento/respaldo_minibarrido_93puntos.csv|171,2026-10-01_benchmark_reintento/respaldo_minibarrido_93puntos.csv,4500.0,0.8,400.0,300.032917,0.8,0.8,False,256.64705687817474,1303.8360732148594,1094.3982699475225,2071.1209119329333,609.2240905676197,452.5432170457796,370.2383064112004,-976.7226419854107,DENTRO_DE_CAMPANA_POSIBLE,
3000|0.6|423|283|0.93128|2026-10-01_benchmark_reintento/respaldo_parteA_filas.csv|317,2026-10-01_benchmark_reintento/respaldo_parteA_filas.csv,3000.0,0.6,423.0,283.0,0.93128,0.93128,False,13.144172224415994,1291.7647009346902,1203.8978982017202,2277.3517315636077,432.56572112122956,462.2532428683603,369.55223243012836,-1073.4538333618875,DENTRO_DE_CAMPANA_POSIBLE,
2800|0.75|380|300.033|0.8|barridos_2026-09-19/fase2_libre/busqueda_libre_v2.csv|966,barridos_2026-09-19/fase2_libre/busqueda_libre_v2.csv,2800.0,0.75,380.0,300.032917,0.8,0.8,False,208.6337058123021,1134.47274390706,949.3049362881085,2126.035438913451,456.4638390126148,441.585685551393,350.3739837431158,-1176.7305026253425,DENTRO_DE_CAMPANA_POSIBLE,
3000|0.425|470|300.033|0.85|barridos_2026-09-19/fase2_libre/busqueda_libre_v2.csv|124,barridos_2026-09-19/fase2_libre/busqueda_libre_v2.csv,3000.0,0.425,470.0,300.032917,0.85,0.85,False,20.666447045498224,1976.3597742303102,1683.0057751525883,2439.1836696848445,498.37479891735194,478.1683076966906,400.4176847812511,-756.1778945322562,DENTRO_DE_CAMPANA_POSIBLE,
3000|0.45|470|300.033|0.75|barridos_2026-09-19/fase2_libre/busqueda_libre_v2.csv|340,barridos_2026-09-19/fase2_libre/busqueda_libre_v2.csv,3000.0,0.45,470.0,300.032917,0.75,0.75,False,26.43845591436748,2075.4593097940146,1563.204096324103,2416.622573497389,481.4569069898763,476.1059062841319,395.2209574730669,-853.4184771732862,DENTRO_DE_CAMPANA_POSIBLE,
3000|0.45|470|300.033|0.8|barridos_2026-09-19/fase2_libre/busqueda_libre_v2.csv|664,barridos_2026-09-19/fase2_libre/busqueda_libre_v2.csv,3000.0,0.45,470.0,300.032917,0.8,0.8,False,26.43845591436748,2075.4593097940146,1665.6551390180853,2416.622573497389,481.4569069898763,476.1059062841319,395.2209574730669,-750.9674344793038,DENTRO_DE_CAMPANA_POSIBLE,
3000|0.5|470|300.033|0.85|barridos_2026-09-19/fase2_libre/busqueda_libre_v2.csv|77,barridos_2026-09-19/fase2_libre/busqueda_libre_v2.csv,3000.0,0.5,470.0,300.032917,0.85,0.85,False,42.59451371694848,2273.6583809214235,1938.9988008407522,2371.0109776549134,454.825468492777,471.79477596770096,385.55748439418085,-432.0121768141612,DENTRO_DE_CAMPANA_POSIBLE,
3000|0.5|470|300.033|0.85|barridos_2026-09-19/fase2_libre/busqueda_libre_v2.csv|431,barridos_2026-09-19/fase2_libre/busqueda_libre_v2.csv,3000.0,0.5,470.0,300.032917,0.85,0.85,False,42.59451371694848,2273.6583809214235,1938.9988008407522,2371.0109776549134,454.825468492777,471.79477596770096,385.55748439418085,-432.0121768141612,DENTRO_DE_CAMPANA_POSIBLE,
3000|0.5|470|300.033|0.8|barridos_2026-09-19/fase2_libre/busqueda_libre_v2.csv|704,barridos_2026-09-19/fase2_libre/busqueda_libre_v2.csv,3000.0,0.5,470.0,300.032917,0.8,0.8,False,42.59451371694848,2273.6583809214235,1827.4456074805285,2371.0109776549134,454.825468492777,471.79477596770096,385.55748439418085,-543.565370174385,DENTRO_DE_CAMPANA_POSIBLE,
3200|0.85|420|300.033|0.8|barridos_2026-09-19/fase2_libre/busqueda_libre_v2.csv|1120,barridos_2026-09-19/fase2_libre/busqueda_libre_v2.csv,3200.0,0.85,420.0,300.032917,0.8,0.8,False,305.8358370837892,1849.4540183728568,1540.7303821150433,2013.5316287907845,552.7252384424846,429.84245503795137,349.82374331736577,-472.80124667574114,DENTRO_DE_CAMPANA_POSIBLE,
4000|0.7|380|300.033|0.8|barridos_2026-09-19/fase2_libre/busqueda_libre_v2.csv|956,barridos_2026-09-19/fase2_libre/busqueda_libre_v2.csv,4000.0,0.7,380.0,300.032917,0.8,0.8,False,166.35623631582843,734.8423616401278,621.145136575268,2180.1657142990225,528.1347169226142,463.0840450513229,372.8171367186041,-1559.0205777237545,DENTRO_DE_CAMPANA_POSIBLE,
4000|0.85|420|300.033|0.8|barridos_2026-09-19/fase2_libre/busqueda_libre_v2.csv|1121,barridos_2026-09-19/fase2_libre/busqueda_libre_v2.csv,4000.0,0.85,420.0,300.032917,0.8,0.8,False,306.3251551619683,1738.6011459749636,1452.1459478123645,2012.7559309639546,609.4786079999787,438.12330288040357,360.5954708495158,-560.6099831515901,DENTRO_DE_CAMPANA_POSIBLE,
4500|0.75|380|300.033|0.8|barridos_2026-09-19/fase2_libre/busqueda_libre_v2.csv|1563,barridos_2026-09-19/fase2_libre/busqueda_libre_v2.csv,4500.0,0.75,380.0,300.032917,0.8,0.8,False,209.80921931934498,782.1904541690503,667.7142071991093,2126.5843486759068,582.4994005204412,460.90004957873197,374.4259412885474,-1458.8701414767975,DENTRO_DE_CAMPANA_POSIBLE,
3200|0.84|394.15|278.15|0.85|barridos_2026-09-19/fase3_real/busqueda_husavik.csv|30,barridos_2026-09-19/fase3_real/busqueda_husavik.csv,3200.0,0.84,394.15,278.15,0.85,0.85,False,192.24814604434707,1500.9399898357728,1304.636213267059,2025.8580719057127,545.4448158680301,431.8664958703486,350.4315487511461,-721.2218586386537,DENTRO_DE_CAMPANA_POSIBLE,
3300|0.86|394.15|278.15|0.85|barridos_2026-09-19/fase3_real/sensibilidad_xb.csv|5,barridos_2026-09-19/fase3_real/sensibilidad_xb.csv,3300.0,0.86,394.15,278.15,0.85,0.85,False,212.9691695681751,1544.9126285748246,1345.121109723827,2000.9861191039238,567.678323244901,428.83571232920696,350.66635046402047,-655.8650093800968,DENTRO_DE_CAMPANA_POSIBLE,
