P_alta,P_baja,x_b,eta_t,eta_p,eps_hrvg,eps_reg,eps_cond,q4,q2,T_sat_L,T9_amb,margen_O1,margen_O2,margen_S5,margen_O5,criterio_ligante,margen_ligante,al_filo_O1,convergio,clasificacion,eta,mensaje
2800.0,1500.0,0.7,0.85,0.75,0.8,0.8,0.8,,,,,,,,,,,,False,NO_CONVERGIO,,"T_from_Ph(P, h, x): el motor teqp no cubre el estado pedido (ver TASK_CONTEXT 2026-09-18-validar-teqp-nh3h2o). Detalle: h=58362.7 fuera de dominio a P=1.5e+06 Pa, x=0.7117"
2800.0,2500.0,0.7,0.85,0.75,0.8,0.8,0.8,,,,,,,,,,,,False,NO_CONVERGIO,,"T_from_Ph(P, h, x): el motor teqp no cubre el estado pedido (ver TASK_CONTEXT 2026-09-18-validar-teqp-nh3h2o). Detalle: h=60599.8 fuera de dominio a P=2.5e+06 Pa, x=0.7117"
3000.0,2500.0,0.7,0.85,0.75,0.8,0.8,0.8,,,,,,,,,,,,False,NO_CONVERGIO,,"T_from_Ph(P, h, x): el motor teqp no cubre el estado pedido (ver TASK_CONTEXT 2026-09-18-validar-teqp-nh3h2o). Detalle: h=55357.2 fuera de dominio a P=2.5e+06 Pa, x=0.7117"
3000.0,1500.0,0.7,0.85,0.75,0.8,0.8,0.8,,,,,,,,,,,,False,NO_CONVERGIO,,"T_from_Ph(P, h, x): el motor teqp no cubre el estado pedido (ver TASK_CONTEXT 2026-09-18-validar-teqp-nh3h2o). Detalle: h=53310.3 fuera de dominio a P=1.5e+06 Pa, x=0.7117"
3300.0,1500.0,0.7,0.85,0.75,0.8,0.8,0.8,,,,,,,,,,,,False,NO_CONVERGIO,,"T_from_Ph(P, h, x): el motor teqp no cubre el estado pedido (ver TASK_CONTEXT 2026-09-18-validar-teqp-nh3h2o). Detalle: h=47689.9 fuera de dominio a P=1.5e+06 Pa, x=0.7117"
3300.0,2500.0,0.7,0.85,0.75,0.8,0.8,0.8,,,,,,,,,,,,False,NO_CONVERGIO,,"T_from_Ph(P, h, x): el motor teqp no cubre el estado pedido (ver TASK_CONTEXT 2026-09-18-validar-teqp-nh3h2o). Detalle: h=49522.8 fuera de dominio a P=2.5e+06 Pa, x=0.7117"
3600.0,1000.0,0.7,0.85,0.75,0.8,0.8,0.8,0.9295831399719899,0.845292468684306,312.2313595053385,318.4612042918159,0.029583139971989914,-6.229844786477372,22.766804684166402,0.15370753131569403,O2,-6.229844786477372,True,True,CORREGIBLE,0.09957874102515889,"[CORREGIBLE] O2: succión de la bomba bifásica bajo el peor caso de T_amb (riesgo de cavitación) (medido=318.4612042918159, esperado=<= 312.231 K). Causa probable: subenfriamiento insuficiente a la salida del condensador bajo el peor caso ambiental. Sugerencia: aumentar eps_cond o el margen de subenf"
3600.0,1600.0,0.7,0.85,0.75,0.8,0.8,0.8,0.9499818660152952,0.8450149857101993,330.0351462380388,334.5285110442813,0.049981866015295195,-4.493364806242482,22.790799043645393,0.15398501428980071,O2,-4.493364806242482,True,True,CORREGIBLE,0.06772359569346062,"[CORREGIBLE] O2: succión de la bomba bifásica bajo el peor caso de T_amb (riesgo de cavitación) (medido=334.5285110442813, esperado=<= 330.035 K). Causa probable: subenfriamiento insuficiente a la salida del condensador bajo el peor caso ambiental. Sugerencia: aumentar eps_cond o el margen de subenf"
4000.0,1000.0,0.7,0.85,0.75,0.8,0.8,0.8,,,,,,,,,,,,False,NO_CONVERGIO,,"T_from_Ph(P, h, x): el motor teqp no cubre el estado pedido (ver TASK_CONTEXT 2026-09-18-validar-teqp-nh3h2o). Detalle: equilibrio no resoluble en T=516.61 K, P=4e+06 Pa, x=0.7117"
4000.0,1600.0,0.7,0.85,0.75,0.8,0.8,0.8,,,,,,,,,,,,False,NO_CONVERGIO,,"T_from_Ph(P, h, x): el motor teqp no cubre el estado pedido (ver TASK_CONTEXT 2026-09-18-validar-teqp-nh3h2o). Detalle: equilibrio no resoluble en T=516.61 K, P=4e+06 Pa, x=0.7117"
4000.0,2200.0,0.7,0.85,0.75,0.8,0.8,0.8,,,,,,,,,,,,False,NO_CONVERGIO,,"T_from_Ph(P, h, x): el motor teqp no cubre el estado pedido (ver TASK_CONTEXT 2026-09-18-validar-teqp-nh3h2o). Detalle: equilibrio no resoluble en T=516.61 K, P=4e+06 Pa, x=0.7117"
4000.0,2800.0,0.7,0.85,0.75,0.8,0.8,0.8,,,,,,,,,,,,False,NO_CONVERGIO,,"T_from_Ph(P, h, x): el motor teqp no cubre el estado pedido (ver TASK_CONTEXT 2026-09-18-validar-teqp-nh3h2o). Detalle: equilibrio no resoluble en T=516.61 K, P=4e+06 Pa, x=0.7117"
3600.0,2200.0,0.7,0.85,0.75,0.8,0.8,0.8,0.966646095034355,0.8451037574794008,343.53346812827016,346.6284967356886,0.06664609503435492,-3.095028607418442,22.783121199190248,0.1538962425205992,O2,-3.095028607418442,False,True,CORREGIBLE,0.04324462922165162,"[CORREGIBLE] O2: succión de la bomba bifásica bajo el peor caso de T_amb (riesgo de cavitación) (medido=346.6284967356886, esperado=<= 343.533 K). Causa probable: subenfriamiento insuficiente a la salida del condensador bajo el peor caso ambiental. Sugerencia: aumentar eps_cond o el margen de subenf"
3600.0,2800.0,0.7,0.85,0.75,0.8,0.8,0.8,0.9815282972705122,0.8453392091705292,354.6647884153868,356.53477985054997,0.08152829727051214,-1.869991435163172,22.76276443046362,0.15366079082947082,O2,-1.869991435163172,False,True,CORREGIBLE,0.02294471668447751,"[CORREGIBLE] O2: succión de la bomba bifásica bajo el peor caso de T_amb (riesgo de cavitación) (medido=356.53477985054997, esperado=<= 354.665 K). Causa probable: subenfriamiento insuficiente a la salida del condensador bajo el peor caso ambiental. Sugerencia: aumentar eps_cond o el margen de suben"
3600.0,3240.0,0.7,0.85,0.75,0.8,0.8,0.8,0.9918166264127793,0.8455586708055454,361.8314653794417,362.8696400192428,0.09181662641277932,-1.0381746398011273,22.743799782189456,0.15344132919445463,O2,-1.0381746398011273,False,True,CORREGIBLE,0.009852865499786046,"[CORREGIBLE] O2: succión de la bomba bifásica bajo el peor caso de T_amb (riesgo de cavitación) (medido=362.8696400192428, esperado=<= 361.831 K). Causa probable: subenfriamiento insuficiente a la salida del condensador bajo el peor caso ambiental. Sugerencia: aumentar eps_cond o el margen de subenf"
4000.0,3600.0,0.7,0.85,0.75,0.8,0.8,0.8,,,,,,,,,,,,False,NO_CONVERGIO,,"T_from_Ph(P, h, x): el motor teqp no cubre el estado pedido (ver TASK_CONTEXT 2026-09-18-validar-teqp-nh3h2o). Detalle: equilibrio no resoluble en T=516.61 K, P=4e+06 Pa, x=0.7117"
4000.0,3400.0,0.7,0.85,0.75,0.8,0.8,0.8,,,,,,,,,,,,False,NO_CONVERGIO,,"T_from_Ph(P, h, x): el motor teqp no cubre el estado pedido (ver TASK_CONTEXT 2026-09-18-validar-teqp-nh3h2o). Detalle: equilibrio no resoluble en T=516.61 K, P=4e+06 Pa, x=0.7117"
4400.0,1000.0,0.7,0.85,0.75,0.8,0.8,0.8,0.9169391892562528,0.829311667628938,312.2313595053385,318.1224519998994,0.016939189256252818,-5.891092494560894,15.585964843462875,0.16968833237106196,O2,-5.891092494560894,True,True,CORREGIBLE,0.11639063323890729,"[CORREGIBLE] O2: succión de la bomba bifásica bajo el peor caso de T_amb (riesgo de cavitación) (medido=318.1224519998994, esperado=<= 312.231 K). Causa probable: subenfriamiento insuficiente a la salida del condensador bajo el peor caso ambiental. Sugerencia: aumentar eps_cond o el margen de subenf"
4400.0,1600.0,0.7,0.85,0.75,0.8,0.8,0.8,0.936156983619348,0.8290552464226862,330.0351462380388,334.1964143258386,0.03615698361934794,-4.161268087799783,15.608711805589962,0.16994475357731376,O2,-4.161268087799783,True,True,CORREGIBLE,0.08515421476112407,"[CORREGIBLE] O2: succión de la bomba bifásica bajo el peor caso de T_amb (riesgo de cavitación) (medido=334.1964143258386, esperado=<= 330.035 K). Causa probable: subenfriamiento insuficiente a la salida del condensador bajo el peor caso ambiental. Sugerencia: aumentar eps_cond o el margen de subenf"
4400.0,2200.0,0.7,0.85,0.75,0.8,0.8,0.8,0.9518403377356053,0.8291636902672976,343.53346812827016,346.3020325903026,0.05184033773560526,-2.7685644620324297,15.59909034464198,0.16983630973270236,O2,-2.7685644620324297,False,True,CORREGIBLE,0.061118176698727184,"[CORREGIBLE] O2: succión de la bomba bifásica bajo el peor caso de T_amb (riesgo de cavitación) (medido=346.3020325903026, esperado=<= 343.533 K). Causa probable: subenfriamiento insuficiente a la salida del condensador bajo el peor caso ambiental. Sugerencia: aumentar eps_cond o el margen de subenf"
4400.0,2800.0,0.7,0.85,0.75,0.8,0.8,0.8,0.9658432297937601,0.8294172432410063,354.6647884153868,356.21289470327787,0.06584322979376012,-1.5481062878910734,15.576602813770819,0.1695827567589937,O2,-1.5481062878910734,False,True,CORREGIBLE,0.041168871222124453,"[CORREGIBLE] O2: succión de la bomba bifásica bajo el peor caso de T_amb (riesgo de cavitación) (medido=356.21289470327787, esperado=<= 354.665 K). Causa probable: subenfriamiento insuficiente a la salida del condensador bajo el peor caso ambiental. Sugerencia: aumentar eps_cond o el margen de suben"
4400.0,3960.0,0.7,0.85,0.75,0.8,0.8,0.8,,,,,,,,,,,,False,NO_CONVERGIO,,"T_from_Ph(P, h, x): el motor teqp no cubre el estado pedido (ver TASK_CONTEXT 2026-09-18-validar-teqp-nh3h2o). Detalle: equilibrio no resoluble en T=516.69 K, P=3.96e+06 Pa, x=0.7117"
4500.0,1000.0,0.7,0.85,0.75,0.8,0.8,0.8,0.9154702745033556,0.8273146416648515,312.2313595053385,318.08262825070034,0.015470274503355586,-5.8512687453618355,14.784872661899328,0.17168535833514853,O2,-5.8512687453618355,True,True,CORREGIBLE,0.11821293811300788,"[CORREGIBLE] O2: succión de la bomba bifásica bajo el peor caso de T_amb (riesgo de cavitación) (medido=318.08262825070034, esperado=<= 312.231 K). Causa probable: subenfriamiento insuficiente a la salida del condensador bajo el peor caso ambiental. Sugerencia: aumentar eps_cond o el margen de suben"
4400.0,3400.0,0.7,0.85,0.75,0.8,0.8,0.8,0.9789674451735235,0.8297394303344161,364.2753772939649,364.7026780139029,0.0789674451735235,-0.42730071993804586,15.548045202462049,0.1692605696655839,O2,-0.42730071993804586,False,True,CORREGIBLE,0.023905268335316098,"[CORREGIBLE] O2: succión de la bomba bifásica bajo el peor caso de T_amb (riesgo de cavitación) (medido=364.7026780139029, esperado=<= 364.275 K). Causa probable: subenfriamiento insuficiente a la salida del condensador bajo el peor caso ambiental. Sugerencia: aumentar eps_cond o el margen de subenf"
4500.0,1600.0,0.7,0.85,0.75,0.8,0.8,0.8,0.9345508149692978,0.8270607618233133,330.0351462380388,334.1573950131553,0.034550814969297794,-4.122248775116475,14.807452220572259,0.17193923817668666,O2,-4.122248775116475,True,True,CORREGIBLE,0.08704442430245579,"[CORREGIBLE] O2: succión de la bomba bifásica bajo el peor caso de T_amb (riesgo de cavitación) (medido=334.1573950131553, esperado=<= 330.035 K). Causa probable: subenfriamiento insuficiente a la salida del condensador bajo el peor caso ambiental. Sugerencia: aumentar eps_cond o el margen de subenf"
4500.0,2200.0,0.7,0.85,0.75,0.8,0.8,0.8,0.9501202048771284,0.8271716076923457,343.53346812827016,346.26368765981255,0.05012020487712843,-2.7302195315423887,14.797592365372793,0.17182839230765434,O2,-2.7302195315423887,False,True,CORREGIBLE,0.06305602482483197,"[CORREGIBLE] O2: succión de la bomba bifásica bajo el peor caso de T_amb (riesgo de cavitación) (medido=346.26368765981255, esperado=<= 343.533 K). Causa probable: subenfriamiento insuficiente a la salida del condensador bajo el peor caso ambiental. Sugerencia: aumentar eps_cond o el margen de suben"
2800.0,1500.0,0.75,0.85,0.75,0.8,0.8,0.8,,,,,,,,,,,,False,NO_CONVERGIO,,"T_from_Ph(P, h, x): el motor teqp no cubre el estado pedido (ver TASK_CONTEXT 2026-09-18-validar-teqp-nh3h2o). Detalle: h=62789.9 fuera de dominio a P=1.5e+06 Pa, x=0.7604"
2800.0,2500.0,0.75,0.85,0.75,0.8,0.8,0.8,,,,,,,,,,,,False,NO_CONVERGIO,,"h(P, s, x): el motor teqp no cubre el estado pedido (ver TASK_CONTEXT 2026-09-18-validar-teqp-nh3h2o). Detalle: equilibrio no resoluble en T=485.37 K, P=2.5e+06 Pa, x=0.8428"
3000.0,1500.0,0.75,0.85,0.75,0.8,0.8,0.8,,,,,,,,,,,,False,NO_CONVERGIO,,"T_from_Ph(P, h, x): el motor teqp no cubre el estado pedido (ver TASK_CONTEXT 2026-09-18-validar-teqp-nh3h2o). Detalle: h=57384.2 fuera de dominio a P=1.5e+06 Pa, x=0.7604"
4500.0,2800.0,0.7,0.85,0.75,0.8,0.8,0.8,0.9640209442955846,0.8274273920406237,354.6647884153868,356.17509451769325,0.06402094429558458,-1.5103061023064583,14.774848647127612,0.17157260795937634,O2,-1.5103061023064583,False,True,CORREGIBLE,0.04314385785833778,"[CORREGIBLE] O2: succión de la bomba bifásica bajo el peor caso de T_amb (riesgo de cavitación) (medido=356.17509451769325, esperado=<= 354.665 K). Causa probable: subenfriamiento insuficiente a la salida del condensador bajo el peor caso ambiental. Sugerencia: aumentar eps_cond o el margen de suben"
3000.0,2500.0,0.75,0.85,0.75,0.8,0.8,0.8,,,,,,,,,,,,False,NO_CONVERGIO,,"T_from_Ph(P, h, x): el motor teqp no cubre el estado pedido (ver TASK_CONTEXT 2026-09-18-validar-teqp-nh3h2o). Detalle: h=59606.2 fuera de dominio a P=2.5e+06 Pa, x=0.7604"
3300.0,1500.0,0.75,0.85,0.75,0.8,0.8,0.8,,,,,,,,,,,,False,NO_CONVERGIO,,"T_from_Ph(P, h, x): el motor teqp no cubre el estado pedido (ver TASK_CONTEXT 2026-09-18-validar-teqp-nh3h2o). Detalle: h=51378.6 fuera de dominio a P=1.5e+06 Pa, x=0.7604"
4500.0,3400.0,0.7,0.85,0.75,0.8,0.8,0.8,0.9770497325580599,0.8277516366051865,364.2753772939649,364.66530400495503,0.07704973255805991,-0.38992671099015297,14.74603478327191,0.17124836339481353,O2,-0.38992671099015297,False,True,CORREGIBLE,0.025910923626724314,"[CORREGIBLE] O2: succión de la bomba bifásica bajo el peor caso de T_amb (riesgo de cavitación) (medido=364.66530400495503, esperado=<= 364.275 K). Causa probable: subenfriamiento insuficiente a la salida del condensador bajo el peor caso ambiental. Sugerencia: aumentar eps_cond o el margen de suben"
3300.0,2500.0,0.75,0.85,0.75,0.8,0.8,0.8,,,,,,,,,,,,False,NO_CONVERGIO,,"T_from_Ph(P, h, x): el motor teqp no cubre el estado pedido (ver TASK_CONTEXT 2026-09-18-validar-teqp-nh3h2o). Detalle: h=53374.6 fuera de dominio a P=2.5e+06 Pa, x=0.7604"
4500.0,4000.0,0.7,0.85,0.75,0.8,0.8,0.8,0.9896406719637212,0.8280691338547514,372.817451678411,368.0288980477479,0.08964067196372116,4.7885536306631025,14.717839106026759,0.17093086614524855,O1,0.08964067196372116,False,True,KALINA,0.010923920729293045,"KALINA: régimen Kalina genuino y admisible, sin fallas."
3600.0,1600.0,0.75,0.85,0.75,0.8,0.8,0.8,,,,,,,,,,,,False,NO_CONVERGIO,,"T_from_Ph(P, h, x): el motor teqp no cubre el estado pedido (ver TASK_CONTEXT 2026-09-18-validar-teqp-nh3h2o). Detalle: h=47238.2 fuera de dominio a P=1.6e+06 Pa, x=0.7604"
3600.0,2200.0,0.75,0.85,0.75,0.8,0.8,0.8,,,,,,,,,,,,False,NO_CONVERGIO,,"T_from_Ph(P, h, x): el motor teqp no cubre el estado pedido (ver TASK_CONTEXT 2026-09-18-validar-teqp-nh3h2o). Detalle: h=48371.6 fuera de dominio a P=2.2e+06 Pa, x=0.7604"
3600.0,3240.0,0.75,0.85,0.75,0.8,0.8,0.8,,,,,,,,,,,,False,NO_CONVERGIO,,"T_from_Ph(P, h, x): el motor teqp no cubre el estado pedido (ver TASK_CONTEXT 2026-09-18-validar-teqp-nh3h2o). Detalle: equilibrio no resoluble en T=506.46 K, P=3.24e+06 Pa, x=0.7604"
3600.0,2800.0,0.75,0.85,0.75,0.8,0.8,0.8,,,,,,,,,,,,False,NO_CONVERGIO,,"T_from_Ph(P, h, x): el motor teqp no cubre el estado pedido (ver TASK_CONTEXT 2026-09-18-validar-teqp-nh3h2o). Detalle: h=49246.3 fuera de dominio a P=2.8e+06 Pa, x=0.7604"
3600.0,1000.0,0.75,0.85,0.75,0.8,0.8,0.8,0.9311515153198964,0.8639851309953523,308.71505251912845,313.2695421902512,0.03115151531989635,-4.554489671122724,30.043662763962402,0.13501486900464765,O2,-4.554489671122724,True,True,CORREGIBLE,0.10229634701594585,"[CORREGIBLE] O2: succión de la bomba bifásica bajo el peor caso de T_amb (riesgo de cavitación) (medido=313.2695421902512, esperado=<= 308.715 K). Causa probable: subenfriamiento insuficiente a la salida del condensador bajo el peor caso ambiental. Sugerencia: aumentar eps_cond o el margen de subenf"
4000.0,1000.0,0.75,0.85,0.75,0.8,0.8,0.8,0.924778263550889,0.8568308952351807,308.71505251912845,313.15190678552545,0.024778263550888968,-4.436854266397006,26.441428066827655,0.14216910476481925,O2,-4.436854266397006,True,True,CORREGIBLE,0.1115597271778887,"[CORREGIBLE] O2: succión de la bomba bifásica bajo el peor caso de T_amb (riesgo de cavitación) (medido=313.15190678552545, esperado=<= 308.715 K). Causa probable: subenfriamiento insuficiente a la salida del condensador bajo el peor caso ambiental. Sugerencia: aumentar eps_cond o el margen de suben"
4000.0,1600.0,0.75,0.85,0.75,0.8,0.8,0.8,0.9440866323892698,0.8564811645335569,326.22766827244675,329.4926534281362,0.0440866323892698,-3.2649851556894305,26.476985266210306,0.14251883546644306,O2,-3.2649851556894305,True,True,CORREGIBLE,0.07922885992192592,"[CORREGIBLE] O2: succión de la bomba bifásica bajo el peor caso de T_amb (riesgo de cavitación) (medido=329.4926534281362, esperado=<= 326.228 K). Causa probable: subenfriamiento insuficiente a la salida del condensador bajo el peor caso ambiental. Sugerencia: aumentar eps_cond o el margen de subenf"
4000.0,2200.0,0.75,0.85,0.75,0.8,0.8,0.8,0.9598692342435845,0.8565264997366081,339.4742242447867,341.7810217762049,0.05986923424358448,-2.3067975314182263,26.472374431481683,0.1424735002633919,O2,-2.3067975314182263,False,True,CORREGIBLE,0.05433655375010383,"[CORREGIBLE] O2: succión de la bomba bifásica bajo el peor caso de T_amb (riesgo de cavitación) (medido=341.7810217762049, esperado=<= 339.474 K). Causa probable: subenfriamiento insuficiente a la salida del condensador bajo el peor caso ambiental. Sugerencia: aumentar eps_cond o el margen de subenf"
4000.0,3600.0,0.75,0.85,0.75,0.8,0.8,0.8,,,,,,,,,,,,False,NO_CONVERGIO,,"T_from_Ph(P, h, x): el motor teqp no cubre el estado pedido (ver TASK_CONTEXT 2026-09-18-validar-teqp-nh3h2o). Detalle: equilibrio no resoluble en T=505.84 K, P=3.6e+06 Pa, x=0.7604"
4000.0,2800.0,0.75,0.85,0.75,0.8,0.8,0.8,0.9739752469847862,0.8567313530993436,350.3741977982431,351.82536405468284,0.07397524698478619,-1.4511662564397625,26.45154566128656,0.14226864690065644,O2,-1.4511662564397625,False,True,CORREGIBLE,0.033673426969766176,"[CORREGIBLE] O2: succión de la bomba bifásica bajo el peor caso de T_amb (riesgo de cavitación) (medido=351.82536405468284, esperado=<= 350.374 K). Causa probable: subenfriamiento insuficiente a la salida del condensador bajo el peor caso ambiental. Sugerencia: aumentar eps_cond o el margen de suben"
4000.0,3400.0,0.75,0.85,0.75,0.8,0.8,0.8,0.9872062571512434,0.8570130441565622,359.7655817301571,360.4150556110282,0.08720625715124342,-0.6494738808710849,26.422920134337176,0.1419869558434378,O2,-0.6494738808710849,False,True,CORREGIBLE,0.015793619231144175,"[CORREGIBLE] O2: succión de la bomba bifásica bajo el peor caso de T_amb (riesgo de cavitación) (medido=360.4150556110282, esperado=<= 359.766 K). Causa probable: subenfriamiento insuficiente a la salida del condensador bajo el peor caso ambiental. Sugerencia: aumentar eps_cond o el margen de subenf"
4400.0,1000.0,0.75,0.85,0.75,0.8,0.8,0.8,0.918827246814528,0.849833258504644,308.71505251912845,313.03902180291124,0.018827246814527965,-4.323969283782787,23.180167487893186,0.14916674149535603,O2,-4.323969283782787,True,True,CORREGIBLE,0.11976802968536805,"[CORREGIBLE] O2: succión de la bomba bifásica bajo el peor caso de T_amb (riesgo de cavitación) (medido=313.03902180291124, esperado=<= 308.715 K). Causa probable: subenfriamiento insuficiente a la salida del condensador bajo el peor caso ambiental. Sugerencia: aumentar eps_cond o el margen de suben"
4400.0,1600.0,0.75,0.85,0.75,0.8,0.8,0.8,0.937564855819364,0.849492709572913,326.22766827244675,329.3812702050792,0.037564855819363974,-3.153601932632455,23.215073272532265,0.149507290427087,O2,-3.153601932632455,True,True,CORREGIBLE,0.08774034802936018,"[CORREGIBLE] O2: succión de la bomba bifásica bajo el peor caso de T_amb (riesgo de cavitación) (medido=329.3812702050792, esperado=<= 326.228 K). Causa probable: subenfriamiento insuficiente a la salida del condensador bajo el peor caso ambiental. Sugerencia: aumentar eps_cond o el margen de subenf"
4400.0,2200.0,0.75,0.85,0.75,0.8,0.8,0.8,0.9528759732261984,0.8495472846574192,339.4742242447867,341.6705381518839,0.052875973226198414,-2.196313907097192,23.209477668116847,0.14945271534258076,O2,-2.196313907097192,False,True,CORREGIBLE,0.06306585468875106,"[CORREGIBLE] O2: succión de la bomba bifásica bajo el peor caso de T_amb (riesgo de cavitación) (medido=341.6705381518839, esperado=<= 339.474 K). Causa probable: subenfriamiento insuficiente a la salida del condensador bajo el peor caso ambiental. Sugerencia: aumentar eps_cond o el margen de subenf"
4400.0,2800.0,0.75,0.85,0.75,0.8,0.8,0.8,0.9665607608189015,0.8497609169369325,350.3741977982431,351.71531884036426,0.0665607608189015,-1.3411210421211877,23.18758023938716,0.14923908306306755,O2,-1.3411210421211877,False,True,CORREGIBLE,0.04257571694084052,"[CORREGIBLE] O2: succión de la bomba bifásica bajo el peor caso de T_amb (riesgo de cavitación) (medido=351.71531884036426, esperado=<= 350.374 K). Causa probable: subenfriamiento insuficiente a la salida del condensador bajo el peor caso ambiental. Sugerencia: aumentar eps_cond o el margen de suben"
4400.0,3400.0,0.75,0.85,0.75,0.8,0.8,0.8,0.979399204744291,0.850050841974705,359.7655817301571,360.3050895283547,0.07939920474429096,-0.539507798197576,23.15787898801949,0.14894915802529496,O2,-0.539507798197576,False,True,CORREGIBLE,0.024840989620514356,"[CORREGIBLE] O2: succión de la bomba bifásica bajo el peor caso de T_amb (riesgo de cavitación) (medido=360.3050895283547, esperado=<= 359.766 K). Causa probable: subenfriamiento insuficiente a la salida del condensador bajo el peor caso ambiental. Sugerencia: aumentar eps_cond o el margen de subenf"
4400.0,3960.0,0.75,0.85,0.75,0.8,0.8,0.8,0.9909965003873139,0.8503428131782006,367.5678430819739,365.8506774610202,0.09099650038731388,1.717165620953665,23.12798699364936,0.1486571868217994,O1,0.09099650038731388,False,True,KALINA,0.010203084152236813,"KALINA: régimen Kalina genuino y admisible, sin fallas."
4500.0,1000.0,0.75,0.85,0.75,0.8,0.8,0.8,0.9173953721846236,0.8480901259140142,308.71505251912845,313.01181653758823,0.017395372184623614,-4.296764018459783,22.41283834325867,0.15090987408598577,O2,-4.296764018459783,True,True,CORREGIBLE,0.12166901862537667,"[CORREGIBLE] O2: succión de la bomba bifásica bajo el peor caso de T_amb (riesgo de cavitación) (medido=313.01181653758823, esperado=<= 308.715 K). Causa probable: subenfriamiento insuficiente a la salida del condensador bajo el peor caso ambiental. Sugerencia: aumentar eps_cond o el margen de suben"
4500.0,1600.0,0.75,0.85,0.75,0.8,0.8,0.8,0.9359954932168907,0.8477518142127667,326.22766827244675,329.3544287107375,0.03599549321689066,-3.1267604382907734,22.4475727562741,0.1512481857872333,O2,-3.1267604382907734,True,True,CORREGIBLE,0.08971225741068435,"[CORREGIBLE] O2: succión de la bomba bifásica bajo el peor caso de T_amb (riesgo de cavitación) (medido=329.3544287107375, esperado=<= 326.228 K). Causa probable: subenfriamiento insuficiente a la salida del condensador bajo el peor caso ambiental. Sugerencia: aumentar eps_cond o el margen de subenf"
4500.0,2200.0,0.75,0.85,0.75,0.8,0.8,0.8,0.9511930794489812,0.8478086561988816,339.4742242447867,341.64391324713057,0.051193079448981216,-2.169689002343887,22.441735037263925,0.15119134380111843,O2,-2.169689002343887,False,True,CORREGIBLE,0.06508820178768722,"[CORREGIBLE] O2: succión de la bomba bifásica bajo el peor caso de T_amb (riesgo de cavitación) (medido=341.64391324713057, esperado=<= 339.474 K). Causa probable: subenfriamiento insuficiente a la salida del condensador bajo el peor caso ambiental. Sugerencia: aumentar eps_cond o el margen de suben"
2800.0,1500.0,0.8,0.85,0.75,0.8,0.8,0.8,,,,,,,,,,,,False,NO_CONVERGIO,,"T_from_Ph(P, h, x): el motor teqp no cubre el estado pedido (ver TASK_CONTEXT 2026-09-18-validar-teqp-nh3h2o). Detalle: h=67234.3 fuera de dominio a P=1.5e+06 Pa, x=0.8088"
2800.0,2500.0,0.8,0.85,0.75,0.8,0.8,0.8,,,,,,,,,,,,False,NO_CONVERGIO,,"T_from_Ph(P, h, x): el motor teqp no cubre el estado pedido (ver TASK_CONTEXT 2026-09-18-validar-teqp-nh3h2o). Detalle: h=69842.5 fuera de dominio a P=2.5e+06 Pa, x=0.8088"
4500.0,2800.0,0.75,0.85,0.75,0.8,0.8,0.8,0.9647764584029308,0.848024442681555,350.3741977982431,351.68879821966686,0.06477645840293078,-1.3146004214237905,22.419580060878502,0.15097555731844503,O2,-1.3146004214237905,False,True,CORREGIBLE,0.044637837428266776,"[CORREGIBLE] O2: succión de la bomba bifásica bajo el peor caso de T_amb (riesgo de cavitación) (medido=351.68879821966686, esperado=<= 350.374 K). Causa probable: subenfriamiento insuficiente a la salida del condensador bajo el peor caso ambiental. Sugerencia: aumentar eps_cond o el margen de suben"
3000.0,2500.0,0.8,0.85,0.75,0.8,0.8,0.8,,,,,,,,,,,,False,NO_CONVERGIO,,"h(P, s, x): el motor teqp no cubre el estado pedido (ver TASK_CONTEXT 2026-09-18-validar-teqp-nh3h2o). Detalle: equilibrio no resoluble en T=471.72 K, P=2.5e+06 Pa, x=0.8816"
3000.0,1500.0,0.8,0.85,0.75,0.8,0.8,0.8,,,,,,,,,,,,False,NO_CONVERGIO,,"T_from_Ph(P, h, x): el motor teqp no cubre el estado pedido (ver TASK_CONTEXT 2026-09-18-validar-teqp-nh3h2o). Detalle: h=61478.6 fuera de dominio a P=1.5e+06 Pa, x=0.8088"
3300.0,1500.0,0.8,0.85,0.75,0.8,0.8,0.8,,,,,,,,,,,,False,NO_CONVERGIO,,"T_from_Ph(P, h, x): el motor teqp no cubre el estado pedido (ver TASK_CONTEXT 2026-09-18-validar-teqp-nh3h2o). Detalle: h=55091.5 fuera de dominio a P=1.5e+06 Pa, x=0.8088"
4500.0,3400.0,0.75,0.85,0.75,0.8,0.8,0.8,0.9775203989160323,0.8483164387526831,359.7655817301571,360.278586785255,0.07752039891603224,-0.5130050550978922,22.389616894316248,0.15068356124731686,O2,-0.5130050550978922,False,True,CORREGIBLE,0.026936271564800364,"[CORREGIBLE] O2: succión de la bomba bifásica bajo el peor caso de T_amb (riesgo de cavitación) (medido=360.278586785255, esperado=<= 359.766 K). Causa probable: subenfriamiento insuficiente a la salida del condensador bajo el peor caso ambiental. Sugerencia: aumentar eps_cond o el margen de subenfr"
3300.0,2500.0,0.8,0.85,0.75,0.8,0.8,0.8,,,,,,,,,,,,False,NO_CONVERGIO,,"T_from_Ph(P, h, x): el motor teqp no cubre el estado pedido (ver TASK_CONTEXT 2026-09-18-validar-teqp-nh3h2o). Detalle: h=57249.7 fuera de dominio a P=2.5e+06 Pa, x=0.8088"
3600.0,2200.0,0.8,0.85,0.75,0.8,0.8,0.8,,,,,,,,,,,,False,NO_CONVERGIO,,"h(P, s, x): el motor teqp no cubre el estado pedido (ver TASK_CONTEXT 2026-09-18-validar-teqp-nh3h2o). Detalle: equilibrio no resoluble en T=470.22 K, P=2.2e+06 Pa, x=0.8844"
3600.0,1000.0,0.8,0.85,0.75,0.8,0.8,0.8,,,,,,,,,,,,False,NO_CONVERGIO,,"T_from_Ph(P, h, x): el motor teqp no cubre el estado pedido (ver TASK_CONTEXT 2026-09-18-validar-teqp-nh3h2o). Detalle: h=48905.7 fuera de dominio a P=1e+06 Pa, x=0.8088"
3600.0,1600.0,0.8,0.85,0.75,0.8,0.8,0.8,,,,,,,,,,,,False,NO_CONVERGIO,,"T_from_Ph(P, h, x): el motor teqp no cubre el estado pedido (ver TASK_CONTEXT 2026-09-18-validar-teqp-nh3h2o). Detalle: h=50668 fuera de dominio a P=1.6e+06 Pa, x=0.8088"
3600.0,2800.0,0.8,0.85,0.75,0.8,0.8,0.8,,,,,,,,,,,,False,NO_CONVERGIO,,"T_from_Ph(P, h, x): el motor teqp no cubre el estado pedido (ver TASK_CONTEXT 2026-09-18-validar-teqp-nh3h2o). Detalle: h=52845.6 fuera de dominio a P=2.8e+06 Pa, x=0.8088"
3600.0,3240.0,0.8,0.85,0.75,0.8,0.8,0.8,,,,,,,,,,,,False,NO_CONVERGIO,,"T_from_Ph(P, h, x): el motor teqp no cubre el estado pedido (ver TASK_CONTEXT 2026-09-18-validar-teqp-nh3h2o). Detalle: h=53432.8 fuera de dominio a P=3.24e+06 Pa, x=0.8088"
4000.0,2200.0,0.8,0.85,0.75,0.8,0.8,0.8,,,,,,,,,,,,False,NO_CONVERGIO,,"h(P, s, x): el motor teqp no cubre el estado pedido (ver TASK_CONTEXT 2026-09-18-validar-teqp-nh3h2o). Detalle: equilibrio no resoluble en T=469.60 K, P=2.2e+06 Pa, x=0.8861"
4000.0,2800.0,0.8,0.85,0.75,0.8,0.8,0.8,,,,,,,,,,,,False,NO_CONVERGIO,,"T_from_Ph(P, h, x): el motor teqp no cubre el estado pedido (ver TASK_CONTEXT 2026-09-18-validar-teqp-nh3h2o). Detalle: equilibrio no resoluble en T=494.05 K, P=2.8e+06 Pa, x=0.8088"
4000.0,1600.0,0.8,0.85,0.75,0.8,0.8,0.8,,,,,,,,,,,,False,NO_CONVERGIO,,"T_from_Ph(P, h, x): el motor teqp no cubre el estado pedido (ver TASK_CONTEXT 2026-09-18-validar-teqp-nh3h2o). Detalle: h=46146.9 fuera de dominio a P=1.6e+06 Pa, x=0.8088"
4000.0,3400.0,0.8,0.85,0.75,0.8,0.8,0.8,,,,,,,,,,,,False,NO_CONVERGIO,,"T_from_Ph(P, h, x): el motor teqp no cubre el estado pedido (ver TASK_CONTEXT 2026-09-18-validar-teqp-nh3h2o). Detalle: h=48835.7 fuera de dominio a P=3.4e+06 Pa, x=0.8088"
4500.0,4000.0,0.75,0.85,0.75,0.8,0.8,0.8,0.9898480141160684,0.8486276421534144,368.09625420036235,365.65471483516046,0.08984801411606835,2.4415393652018906,22.35770340912785,0.15037235784658565,O1,0.08984801411606835,False,True,KALINA,0.011371688578724148,"KALINA: régimen Kalina genuino y admisible, sin fallas."
4000.0,3600.0,0.8,0.85,0.75,0.8,0.8,0.8,,,,,,,,,,,,False,NO_CONVERGIO,,"T_from_Ph(P, h, x): el motor teqp no cubre el estado pedido (ver TASK_CONTEXT 2026-09-18-validar-teqp-nh3h2o). Detalle: h=49044.5 fuera de dominio a P=3.6e+06 Pa, x=0.8088"
4000.0,1000.0,0.8,0.85,0.75,0.8,0.8,0.8,0.9268780667106187,0.8780117642555876,305.87175298884296,308.86381499763837,0.026878066710618653,-2.992062008795415,34.805976713871644,0.12098823574441242,O2,-2.992062008795415,True,True,CORREGIBLE,0.11531801306572237,"[CORREGIBLE] O2: succión de la bomba bifásica bajo el peor caso de T_amb (riesgo de cavitación) (medido=308.86381499763837, esperado=<= 305.872 K). Causa probable: subenfriamiento insuficiente a la salida del condensador bajo el peor caso ambiental. Sugerencia: aumentar eps_cond o el margen de suben"
4400.0,2800.0,0.8,0.85,0.75,0.8,0.8,0.8,,,,,,,,,,,,False,NO_CONVERGIO,,"T_from_Ph(P, h, x): el motor teqp no cubre el estado pedido (ver TASK_CONTEXT 2026-09-18-validar-teqp-nh3h2o). Detalle: equilibrio no resoluble en T=495.09 K, P=2.8e+06 Pa, x=0.8088"
4400.0,3400.0,0.8,0.85,0.75,0.8,0.8,0.8,,,,,,,,,,,,False,NO_CONVERGIO,,"T_from_Ph(P, h, x): el motor teqp no cubre el estado pedido (ver TASK_CONTEXT 2026-09-18-validar-teqp-nh3h2o). Detalle: equilibrio no resoluble en T=494.35 K, P=3.4e+06 Pa, x=0.8088"
4400.0,2200.0,0.8,0.85,0.75,0.8,0.8,0.8,,,,,,,,,,,,False,NO_CONVERGIO,,"h(P, s, x): el motor teqp no cubre el estado pedido (ver TASK_CONTEXT 2026-09-18-validar-teqp-nh3h2o). Detalle: equilibrio no resoluble en T=476.30 K, P=2.2e+06 Pa, x=0.8713"
4400.0,3960.0,0.8,0.85,0.75,0.8,0.8,0.8,,,,,,,,,,,,False,NO_CONVERGIO,,"T_from_Ph(P, h, x): el motor teqp no cubre el estado pedido (ver TASK_CONTEXT 2026-09-18-validar-teqp-nh3h2o). Detalle: h=45756.2 fuera de dominio a P=3.96e+06 Pa, x=0.8088"
4400.0,1600.0,0.8,0.85,0.75,0.8,0.8,0.8,0.9392254941436063,0.8716157746946004,323.10641393162086,325.3122678118725,0.03922549414360632,-2.2058538802516523,31.744021939074344,0.1273842253053996,O2,-2.2058538802516523,True,True,CORREGIBLE,0.09075374540442005,"[CORREGIBLE] O2: succión de la bomba bifásica bajo el peor caso de T_amb (riesgo de cavitación) (medido=325.3122678118725, esperado=<= 323.106 K). Causa probable: subenfriamiento insuficiente a la salida del condensador bajo el peor caso ambiental. Sugerencia: aumentar eps_cond o el margen de subenf"
4400.0,1000.0,0.8,0.85,0.75,0.8,0.8,0.8,0.9211221271691971,0.8720058840498819,305.87175298884296,308.79316103488947,0.021122127169197036,-2.9214080460465084,31.696992268038002,0.1269941159501181,O2,-2.9214080460465084,True,True,CORREGIBLE,0.1238389374831857,"[CORREGIBLE] O2: succión de la bomba bifásica bajo el peor caso de T_amb (riesgo de cavitación) (medido=308.79316103488947, esperado=<= 305.872 K). Causa probable: subenfriamiento insuficiente a la salida del condensador bajo el peor caso ambiental. Sugerencia: aumentar eps_cond o el margen de suben"
4500.0,2800.0,0.8,0.85,0.75,0.8,0.8,0.8,,,,,,,,,,,,False,NO_CONVERGIO,,"T_from_Ph(P, h, x): el motor teqp no cubre el estado pedido (ver TASK_CONTEXT 2026-09-18-validar-teqp-nh3h2o). Detalle: equilibrio no resoluble en T=494.17 K, P=2.8e+06 Pa, x=0.8088"
4500.0,3400.0,0.8,0.85,0.75,0.8,0.8,0.8,,,,,,,,,,,,False,NO_CONVERGIO,,"T_from_Ph(P, h, x): el motor teqp no cubre el estado pedido (ver TASK_CONTEXT 2026-09-18-validar-teqp-nh3h2o). Detalle: equilibrio no resoluble en T=493.37 K, P=3.4e+06 Pa, x=0.8088"
4500.0,1000.0,0.8,0.85,0.75,0.8,0.8,0.8,0.9197373961801283,0.8705185486056589,305.87175298884296,308.77620974526167,0.019737396180128264,-2.9044567564187105,30.964581853995696,0.12848145139434108,O2,-2.9044567564187105,True,True,CORREGIBLE,0.12581105537013856,"[CORREGIBLE] O2: succión de la bomba bifásica bajo el peor caso de T_amb (riesgo de cavitación) (medido=308.77620974526167, esperado=<= 305.872 K). Causa probable: subenfriamiento insuficiente a la salida del condensador bajo el peor caso ambiental. Sugerencia: aumentar eps_cond o el margen de suben"
4500.0,1600.0,0.8,0.85,0.75,0.8,0.8,0.8,0.9377007179050857,0.8701301719699929,323.10641393162086,325.2951456957881,0.03770071790508567,-2.188731764167244,31.011429240258337,0.12886982803000713,O2,-2.188731764167244,True,True,CORREGIBLE,0.09280261559205646,"[CORREGIBLE] O2: succión de la bomba bifásica bajo el peor caso de T_amb (riesgo de cavitación) (medido=325.2951456957881, esperado=<= 323.106 K). Causa probable: subenfriamiento insuficiente a la salida del condensador bajo el peor caso ambiental. Sugerencia: aumentar eps_cond o el margen de subenf"
2800.0,1500.0,0.85,0.85,0.75,0.8,0.8,0.8,,,,,,,,,,,,False,NO_CONVERGIO,,"T_from_Ph(P, h, x): el motor teqp no cubre el estado pedido (ver TASK_CONTEXT 2026-09-18-validar-teqp-nh3h2o). Detalle: h=71686.3 fuera de dominio a P=1.5e+06 Pa, x=0.8570"
2800.0,2500.0,0.85,0.85,0.75,0.8,0.8,0.8,,,,,,,,,,,,False,NO_CONVERGIO,,"T_from_Ph(P, h, x): el motor teqp no cubre el estado pedido (ver TASK_CONTEXT 2026-09-18-validar-teqp-nh3h2o). Detalle: h=74478.1 fuera de dominio a P=2.5e+06 Pa, x=0.8570"
4500.0,2200.0,0.8,0.85,0.75,0.8,0.8,0.8,0.9524313436909866,0.8701519888003525,336.10942176780276,337.6895923520307,0.052431343690986565,-1.5801705842279148,31.00879653029955,0.1288480111996475,O2,-1.5801705842279148,False,True,CORREGIBLE,0.06736721482374777,"[CORREGIBLE] O2: succión de la bomba bifásica bajo el peor caso de T_amb (riesgo de cavitación) (medido=337.6895923520307, esperado=<= 336.109 K). Causa probable: subenfriamiento insuficiente a la salida del condensador bajo el peor caso ambiental. Sugerencia: aumentar eps_cond o el margen de subenf"
3000.0,1500.0,0.85,0.85,0.75,0.8,0.8,0.8,,,,,,,,,,,,False,NO_CONVERGIO,,"T_from_Ph(P, h, x): el motor teqp no cubre el estado pedido (ver TASK_CONTEXT 2026-09-18-validar-teqp-nh3h2o). Detalle: h=65584.5 fuera de dominio a P=1.5e+06 Pa, x=0.8570"
3000.0,2500.0,0.85,0.85,0.75,0.8,0.8,0.8,,,,,,,,,,,,False,NO_CONVERGIO,,"T_from_Ph(P, h, x): el motor teqp no cubre el estado pedido (ver TASK_CONTEXT 2026-09-18-validar-teqp-nh3h2o). Detalle: h=68153.1 fuera de dominio a P=2.5e+06 Pa, x=0.8570"
3300.0,1500.0,0.85,0.85,0.75,0.8,0.8,0.8,,,,,,,,,,,,False,NO_CONVERGIO,,"T_from_Ph(P, h, x): el motor teqp no cubre el estado pedido (ver TASK_CONTEXT 2026-09-18-validar-teqp-nh3h2o). Detalle: h=58820.3 fuera de dominio a P=1.5e+06 Pa, x=0.8570"
3300.0,2500.0,0.85,0.85,0.75,0.8,0.8,0.8,,,,,,,,,,,,False,NO_CONVERGIO,,"T_from_Ph(P, h, x): el motor teqp no cubre el estado pedido (ver TASK_CONTEXT 2026-09-18-validar-teqp-nh3h2o). Detalle: h=61139.6 fuera de dominio a P=2.5e+06 Pa, x=0.8570"
3600.0,1000.0,0.85,0.85,0.75,0.8,0.8,0.8,,,,,,,,,,,,False,NO_CONVERGIO,,"T_from_Ph(P, h, x): el motor teqp no cubre el estado pedido (ver TASK_CONTEXT 2026-09-18-validar-teqp-nh3h2o). Detalle: equilibrio no resoluble en T=480.89 K, P=3.6e+06 Pa, x=0.8570"
3600.0,1600.0,0.85,0.85,0.75,0.8,0.8,0.8,,,,,,,,,,,,False,NO_CONVERGIO,,"T_from_Ph(P, h, x): el motor teqp no cubre el estado pedido (ver TASK_CONTEXT 2026-09-18-validar-teqp-nh3h2o). Detalle: equilibrio no resoluble en T=480.89 K, P=3.6e+06 Pa, x=0.8570"
3600.0,2800.0,0.85,0.85,0.75,0.8,0.8,0.8,,,,,,,,,,,,False,NO_CONVERGIO,,"h(P, s, x): el motor teqp no cubre el estado pedido (ver TASK_CONTEXT 2026-09-18-validar-teqp-nh3h2o). Detalle: equilibrio no resoluble en T=456.60 K, P=2.8e+06 Pa, x=0.9185"
4500.0,4000.0,0.8,0.85,0.75,0.8,0.8,0.8,0.990075693677206,0.8709054426067869,364.07978778800566,363.2274266009162,0.09007569367720603,0.852361187089457,30.917954008131517,0.12809455739321307,O1,0.09007569367720603,False,True,KALINA,0.011838840621686959,"KALINA: régimen Kalina genuino y admisible, sin fallas."
3600.0,2200.0,0.85,0.85,0.75,0.8,0.8,0.8,,,,,,,,,,,,False,NO_CONVERGIO,,"T_from_Ph(P, h, x): el motor teqp no cubre el estado pedido (ver TASK_CONTEXT 2026-09-18-validar-teqp-nh3h2o). Detalle: equilibrio no resoluble en T=480.89 K, P=3.6e+06 Pa, x=0.8570"
3600.0,3240.0,0.85,0.85,0.75,0.8,0.8,0.8,,,,,,,,,,,,False,NO_CONVERGIO,,"T_from_Ph(P, h, x): el motor teqp no cubre el estado pedido (ver TASK_CONTEXT 2026-09-18-validar-teqp-nh3h2o). Detalle: equilibrio no resoluble en T=480.89 K, P=3.6e+06 Pa, x=0.8570"
4000.0,1000.0,0.85,0.85,0.75,0.8,0.8,0.8,,,,,,,,,,,,False,NO_CONVERGIO,,"T_from_Ph(P, h, x): el motor teqp no cubre el estado pedido (ver TASK_CONTEXT 2026-09-18-validar-teqp-nh3h2o). Detalle: equilibrio no resoluble en T=480.07 K, P=4e+06 Pa, x=0.8570"
4000.0,2800.0,0.85,0.85,0.75,0.8,0.8,0.8,,,,,,,,,,,,False,NO_CONVERGIO,,"h(P, s, x): el motor teqp no cubre el estado pedido (ver TASK_CONTEXT 2026-09-18-validar-teqp-nh3h2o). Detalle: equilibrio no resoluble en T=456.93 K, P=2.8e+06 Pa, x=0.9196"
4000.0,1600.0,0.85,0.85,0.75,0.8,0.8,0.8,,,,,,,,,,,,False,NO_CONVERGIO,,"T_from_Ph(P, h, x): el motor teqp no cubre el estado pedido (ver TASK_CONTEXT 2026-09-18-validar-teqp-nh3h2o). Detalle: equilibrio no resoluble en T=480.07 K, P=4e+06 Pa, x=0.8570"
4000.0,2200.0,0.85,0.85,0.75,0.8,0.8,0.8,,,,,,,,,,,,False,NO_CONVERGIO,,"T_from_Ph(P, h, x): el motor teqp no cubre el estado pedido (ver TASK_CONTEXT 2026-09-18-validar-teqp-nh3h2o). Detalle: equilibrio no resoluble en T=480.07 K, P=4e+06 Pa, x=0.8570"
4400.0,1000.0,0.85,0.85,0.75,0.8,0.8,0.8,,,,,,,,,,,,False,NO_CONVERGIO,,"T_from_Ph(P, h, x): el motor teqp no cubre el estado pedido (ver TASK_CONTEXT 2026-09-18-validar-teqp-nh3h2o). Detalle: equilibrio no resoluble en T=479.23 K, P=4.4e+06 Pa, x=0.8570"
4400.0,1600.0,0.85,0.85,0.75,0.8,0.8,0.8,,,,,,,,,,,,False,NO_CONVERGIO,,"T_from_Ph(P, h, x): el motor teqp no cubre el estado pedido (ver TASK_CONTEXT 2026-09-18-validar-teqp-nh3h2o). Detalle: equilibrio no resoluble en T=479.23 K, P=4.4e+06 Pa, x=0.8570"
4000.0,3400.0,0.85,0.85,0.75,0.8,0.8,0.8,,,,,,,,,,,,False,NO_CONVERGIO,,"T_from_Ph(P, h, x): el motor teqp no cubre el estado pedido (ver TASK_CONTEXT 2026-09-18-validar-teqp-nh3h2o). Detalle: equilibrio no resoluble en T=480.07 K, P=4e+06 Pa, x=0.8570"
4000.0,3600.0,0.85,0.85,0.75,0.8,0.8,0.8,,,,,,,,,,,,False,NO_CONVERGIO,,"T_from_Ph(P, h, x): el motor teqp no cubre el estado pedido (ver TASK_CONTEXT 2026-09-18-validar-teqp-nh3h2o). Detalle: equilibrio no resoluble en T=480.07 K, P=4e+06 Pa, x=0.8570"
4400.0,2200.0,0.85,0.85,0.75,0.8,0.8,0.8,,,,,,,,,,,,False,NO_CONVERGIO,,"T_from_Ph(P, h, x): el motor teqp no cubre el estado pedido (ver TASK_CONTEXT 2026-09-18-validar-teqp-nh3h2o). Detalle: equilibrio no resoluble en T=479.23 K, P=4.4e+06 Pa, x=0.8570"
4400.0,3400.0,0.85,0.85,0.75,0.8,0.8,0.8,,,,,,,,,,,,False,NO_CONVERGIO,,"T_from_Ph(P, h, x): el motor teqp no cubre el estado pedido (ver TASK_CONTEXT 2026-09-18-validar-teqp-nh3h2o). Detalle: equilibrio no resoluble en T=479.23 K, P=4.4e+06 Pa, x=0.8570"
4400.0,2800.0,0.85,0.85,0.75,0.8,0.8,0.8,,,,,,,,,,,,False,NO_CONVERGIO,,"T_from_Ph(P, h, x): el motor teqp no cubre el estado pedido (ver TASK_CONTEXT 2026-09-18-validar-teqp-nh3h2o). Detalle: equilibrio no resoluble en T=479.23 K, P=4.4e+06 Pa, x=0.8570"
4500.0,1000.0,0.85,0.85,0.75,0.8,0.8,0.8,,,,,,,,,,,,False,NO_CONVERGIO,,"T_from_Ph(P, h, x): el motor teqp no cubre el estado pedido (ver TASK_CONTEXT 2026-09-18-validar-teqp-nh3h2o). Detalle: equilibrio no resoluble en T=479.01 K, P=4.5e+06 Pa, x=0.8570"
4500.0,1600.0,0.85,0.85,0.75,0.8,0.8,0.8,,,,,,,,,,,,False,NO_CONVERGIO,,"T_from_Ph(P, h, x): el motor teqp no cubre el estado pedido (ver TASK_CONTEXT 2026-09-18-validar-teqp-nh3h2o). Detalle: equilibrio no resoluble en T=479.01 K, P=4.5e+06 Pa, x=0.8570"
4400.0,3960.0,0.85,0.85,0.75,0.8,0.8,0.8,,,,,,,,,,,,False,NO_CONVERGIO,,"T_from_Ph(P, h, x): el motor teqp no cubre el estado pedido (ver TASK_CONTEXT 2026-09-18-validar-teqp-nh3h2o). Detalle: equilibrio no resoluble en T=479.23 K, P=4.4e+06 Pa, x=0.8570"
4500.0,2200.0,0.85,0.85,0.75,0.8,0.8,0.8,,,,,,,,,,,,False,NO_CONVERGIO,,"T_from_Ph(P, h, x): el motor teqp no cubre el estado pedido (ver TASK_CONTEXT 2026-09-18-validar-teqp-nh3h2o). Detalle: equilibrio no resoluble en T=479.01 K, P=4.5e+06 Pa, x=0.8570"
4500.0,2800.0,0.85,0.85,0.75,0.8,0.8,0.8,,,,,,,,,,,,False,NO_CONVERGIO,,"T_from_Ph(P, h, x): el motor teqp no cubre el estado pedido (ver TASK_CONTEXT 2026-09-18-validar-teqp-nh3h2o). Detalle: equilibrio no resoluble en T=479.01 K, P=4.5e+06 Pa, x=0.8570"
4500.0,3400.0,0.85,0.85,0.75,0.8,0.8,0.8,,,,,,,,,,,,False,NO_CONVERGIO,,"T_from_Ph(P, h, x): el motor teqp no cubre el estado pedido (ver TASK_CONTEXT 2026-09-18-validar-teqp-nh3h2o). Detalle: equilibrio no resoluble en T=479.01 K, P=4.5e+06 Pa, x=0.8570"
4500.0,4000.0,0.85,0.85,0.75,0.8,0.8,0.8,,,,,,,,,,,,False,NO_CONVERGIO,,"T_from_Ph(P, h, x): el motor teqp no cubre el estado pedido (ver TASK_CONTEXT 2026-09-18-validar-teqp-nh3h2o). Detalle: equilibrio no resoluble en T=479.01 K, P=4.5e+06 Pa, x=0.8570"
4400.0,3596.0,0.75,0.85,0.75,0.8,0.8,0.8,0.983486654696333,0.8501552946768758,362.58792228429974,362.87244274524465,0.08348665469633298,-0.28452046094491834,23.14718295104501,0.14884470532312422,O2,-0.28452046094491834,False,True,CORREGIBLE,0.019503345113964864,"[CORREGIBLE] O2: succión de la bomba bifásica bajo el peor caso de T_amb (riesgo de cavitación) (medido=362.87244274524465, esperado=<= 362.588 K). Causa probable: subenfriamiento insuficiente a la salida del condensador bajo el peor caso ambiental. Sugerencia: aumentar eps_cond o el margen de suben"
4400.0,3764.0,0.75,0.85,0.75,0.8,0.8,0.8,0.9869633746271935,0.850244504971185,364.9261450844694,364.99386366904264,0.0869633746271935,-0.06771858457324242,23.138049667438338,0.14875549502881502,O2,-0.06771858457324242,False,True,CORREGIBLE,0.015104452141901247,"[CORREGIBLE] O2: succión de la bomba bifásica bajo el peor caso de T_amb (riesgo de cavitación) (medido=364.99386366904264, esperado=<= 364.926 K). Causa probable: subenfriamiento insuficiente a la salida del condensador bajo el peor caso ambiental. Sugerencia: aumentar eps_cond o el margen de suben"
4500.0,3610.0,0.7,0.85,0.75,0.8,0.8,0.8,0.9814899856053713,0.8278696498330931,367.37004670334153,367.3834180189108,0.08148998560537124,-0.013371315569258968,14.735552347248074,0.17113035016690692,O2,-0.013371315569258968,False,True,CORREGIBLE,0.020398351590800584,"[CORREGIBLE] O2: succión de la bomba bifásica bajo el peor caso de T_amb (riesgo de cavitación) (medido=367.3834180189108, esperado=<= 367.370 K). Causa probable: subenfriamiento insuficiente a la salida del condensador bajo el peor caso ambiental. Sugerencia: aumentar eps_cond o el margen de subenf"
4500.0,3790.0,0.7,0.85,0.75,0.8,0.8,0.8,0.9852642302213117,0.8279646885249392,369.92966490355354,367.732838659854,0.08526423022131169,2.1968262436995474,14.727112454004669,0.1710353114750608,O1,0.08526423022131169,False,True,KALINA,0.015909957730408347,"KALINA: régimen Kalina genuino y admisible, sin fallas."
4500.0,3370.0,0.8,0.85,0.75,0.8,0.8,0.8,,,,,,,,,,,,False,NO_CONVERGIO,,"T_from_Ph(P, h, x): el motor teqp no cubre el estado pedido (ver TASK_CONTEXT 2026-09-18-validar-teqp-nh3h2o). Detalle: equilibrio no resoluble en T=493.17 K, P=3.37e+06 Pa, x=0.8088"
4500.0,2830.0,0.8,0.85,0.75,0.8,0.8,0.8,,,,,,,,,,,,False,NO_CONVERGIO,,"T_from_Ph(P, h, x): el motor teqp no cubre el estado pedido (ver TASK_CONTEXT 2026-09-18-validar-teqp-nh3h2o). Detalle: equilibrio no resoluble en T=494.40 K, P=2.83e+06 Pa, x=0.8088"
4500.0,3610.0,0.75,0.85,0.75,0.8,0.8,0.8,0.9818664137469942,0.8484291307415138,362.78552839458894,363.0254137405085,0.08186641374699422,-0.23988534591956068,22.378058025020607,0.15057086925848617,O2,-0.23988534591956068,False,True,CORREGIBLE,0.021235752949076852,"[CORREGIBLE] O2: succión de la bomba bifásica bajo el peor caso de T_amb (riesgo de cavitación) (medido=363.0254137405085, esperado=<= 362.786 K). Causa probable: subenfriamiento insuficiente a la salida del condensador bajo el peor caso ambiental. Sugerencia: aumentar eps_cond o el margen de subenf"
4500.0,3790.0,0.75,0.85,0.75,0.8,0.8,0.8,0.9855617209946651,0.8485237705426663,365.28175349188325,365.28949340731293,0.08556172099466508,-0.007739915429681332,22.36835293410246,0.15047622945733374,O2,-0.007739915429681332,False,True,CORREGIBLE,0.01656265719383443,"[CORREGIBLE] O2: succión de la bomba bifásica bajo el peor caso de T_amb (riesgo de cavitación) (medido=365.28949340731293, esperado=<= 365.282 K). Causa probable: subenfriamiento insuficiente a la salida del condensador bajo el peor caso ambiental. Sugerencia: aumentar eps_cond o el margen de suben"
4500.0,3400.0,0.7,0.85,0.75,0.8,0.8,0.75,0.9770046927635401,0.8359315991226138,364.2753772939649,367.1716907621686,0.07700469276354005,-2.8963134682037435,14.025437612673102,0.16306840087738617,O2,-2.8963134682037435,False,True,CORREGIBLE,0.025608843462710442,"[CORREGIBLE] O2: succión de la bomba bifásica bajo el peor caso de T_amb (riesgo de cavitación) (medido=367.1716907621686, esperado=<= 364.275 K). Causa probable: subenfriamiento insuficiente a la salida del condensador bajo el peor caso ambiental. Sugerencia: aumentar eps_cond o el margen de subenf"
4500.0,3400.0,0.7,0.85,0.75,0.8,0.8,0.85,0.9770914764937086,0.8202679119362147,364.2753772939649,350.99454317757784,0.07709147649370862,13.280834116387041,15.415987585863377,0.17873208806378527,O1,0.07709147649370862,False,True,KALINA,0.024624576711585817,"KALINA: régimen Kalina genuino y admisible, sin fallas."
4500.0,3100.0,0.7,0.85,0.75,0.8,0.8,0.85,0.9706656928783742,0.8201430298588891,359.6261727591045,350.6242860716608,0.07066569287837421,9.001886687443744,15.427254780722706,0.1788569701411109,O1,0.07066569287837421,False,True,KALINA,0.03267639246740223,"KALINA: régimen Kalina genuino y admisible, sin fallas."
4500.0,3250.0,0.7,0.85,0.75,0.8,0.8,0.85,0.9738945651255537,0.8202071861724792,361.98653241632263,350.81322418102707,0.0738945651255537,11.173308235295565,15.421466065645347,0.17879281382752077,O1,0.0738945651255537,False,True,KALINA,0.028562453704242954,"KALINA: régimen Kalina genuino y admisible, sin fallas."
4500.0,3400.0,0.7,0.85,0.75,0.85,0.85,0.8,0.976814697752393,0.8716825136355044,364.2753772939649,365.17176479747894,0.07681469775239302,-0.8963875035140632,11.014051906526618,0.12731748636449558,O2,-0.8963875035140632,False,True,CORREGIBLE,0.025932366560438506,"[CORREGIBLE] O2: succión de la bomba bifásica bajo el peor caso de T_amb (riesgo de cavitación) (medido=365.17176479747894, esperado=<= 364.275 K). Causa probable: subenfriamiento insuficiente a la salida del condensador bajo el peor caso ambiental. Sugerencia: aumentar eps_cond o el margen de suben"
4500.0,3400.0,0.7,0.8,0.75,0.8,0.8,0.8,0.9783414393377564,0.8277925797216747,364.2753772939649,364.6773854341287,0.07834143933775639,-0.40200814016384356,14.742397753961143,0.17120742027832525,O2,-0.40200814016384356,False,True,CORREGIBLE,0.02429289377399403,"[CORREGIBLE] O2: succión de la bomba bifásica bajo el peor caso de T_amb (riesgo de cavitación) (medido=364.6773854341287, esperado=<= 364.275 K). Causa probable: subenfriamiento insuficiente a la salida del condensador bajo el peor caso ambiental. Sugerencia: aumentar eps_cond o el margen de subenf"
4500.0,3400.0,0.7,0.9,0.75,0.8,0.8,0.8,0.9757584352530921,0.8277107138619216,364.2753772939649,364.65323627172955,0.07575843525309212,-0.37785897776467436,14.749670308471593,0.17128928613807837,O2,-0.37785897776467436,False,True,CORREGIBLE,0.027527909261262935,"[CORREGIBLE] O2: succión de la bomba bifásica bajo el peor caso de T_amb (riesgo de cavitación) (medido=364.65323627172955, esperado=<= 364.275 K). Causa probable: subenfriamiento insuficiente a la salida del condensador bajo el peor caso ambiental. Sugerencia: aumentar eps_cond o el margen de suben"
4500.0,3400.0,0.7,0.85,0.75,0.75,0.75,0.8,0.9773040556138604,0.7835597990809338,364.2753772939649,363.59631103440756,0.07730405561386033,0.6790662595573167,18.855248641878347,0.21544020091906624,O1,0.07730405561386033,False,True,KALINA,0.025750067827918475,"KALINA: régimen Kalina genuino y admisible, sin fallas."
4500.0,3250.0,0.75,0.85,0.75,0.8,0.8,0.85,,,,,,,,,,,,False,NO_CONVERGIO,,"T_from_Ph(P, h, x): el motor teqp no cubre el estado pedido (ver TASK_CONTEXT 2026-09-18-validar-teqp-nh3h2o). Detalle: equilibrio no resoluble en T=507.30 K, P=3.25e+06 Pa, x=0.7604"
4500.0,3100.0,0.75,0.85,0.75,0.8,0.8,0.85,,,,,,,,,,,,False,NO_CONVERGIO,,"T_from_Ph(P, h, x): el motor teqp no cubre el estado pedido (ver TASK_CONTEXT 2026-09-18-validar-teqp-nh3h2o). Detalle: equilibrio no resoluble en T=506.21 K, P=3.1e+06 Pa, x=0.7604"
4500.0,3400.0,0.75,0.85,0.75,0.8,0.8,0.85,,,,,,,,,,,,False,NO_CONVERGIO,,"T_from_Ph(P, h, x): el motor teqp no cubre el estado pedido (ver TASK_CONTEXT 2026-09-18-validar-teqp-nh3h2o). Detalle: equilibrio no resoluble en T=506.68 K, P=3.4e+06 Pa, x=0.7604"
4500.0,3400.0,0.75,0.85,0.75,0.8,0.8,0.75,0.9774705159760826,0.8563490737742077,359.7655817301571,362.1183432901295,0.07747051597608257,-2.3527615599723504,21.572666978954203,0.14265092622579234,O2,-2.3527615599723504,False,True,CORREGIBLE,0.02631261939609707,"[CORREGIBLE] O2: succión de la bomba bifásica bajo el peor caso de T_amb (riesgo de cavitación) (medido=362.1183432901295, esperado=<= 359.766 K). Causa probable: subenfriamiento insuficiente a la salida del condensador bajo el peor caso ambiental. Sugerencia: aumentar eps_cond o el margen de subenf"
4500.0,3400.0,0.75,0.85,0.75,0.85,0.85,0.8,0.9772682207060144,0.890287981351157,359.7655817301571,360.6492408622433,0.07726822070601436,-0.8836591320861658,18.2726297274981,0.10871201864884295,O2,-0.8836591320861658,False,True,CORREGIBLE,0.026833888785779116,"[CORREGIBLE] O2: succión de la bomba bifásica bajo el peor caso de T_amb (riesgo de cavitación) (medido=360.6492408622433, esperado=<= 359.766 K). Causa probable: subenfriamiento insuficiente a la salida del condensador bajo el peor caso ambiental. Sugerencia: aumentar eps_cond o el margen de subenf"
4500.0,3400.0,0.75,0.9,0.75,0.8,0.8,0.8,0.9762735097060383,0.8482747309605612,359.7655817301571,360.2693282108649,0.0762735097060383,-0.5037464807077754,22.393895589847546,0.15072526903943884,O2,-0.5037464807077754,False,True,CORREGIBLE,0.028624976750795086,"[CORREGIBLE] O2: succión de la bomba bifásica bajo el peor caso de T_amb (riesgo de cavitación) (medido=360.2693282108649, esperado=<= 359.766 K). Causa probable: subenfriamiento insuficiente a la salida del condensador bajo el peor caso ambiental. Sugerencia: aumentar eps_cond o el margen de subenf"
4500.0,3400.0,0.75,0.8,0.75,0.8,0.8,0.8,0.9787677778195069,0.8483581673637077,359.7655817301571,360.28785639124567,0.07876777781950683,-0.5222746610885451,22.38533644584288,0.15064183263629227,O2,-0.5222746610885451,False,True,CORREGIBLE,0.025246415097681586,"[CORREGIBLE] O2: succión de la bomba bifásica bajo el peor caso de T_amb (riesgo de cavitación) (medido=360.28785639124567, esperado=<= 359.766 K). Causa probable: subenfriamiento insuficiente a la salida del condensador bajo el peor caso ambiental. Sugerencia: aumentar eps_cond o el margen de suben"
4500.0,3700.0,0.8,0.85,0.75,0.8,0.8,0.85,,,,,,,,,,,,False,NO_CONVERGIO,,"T_from_Ph(P, h, x): el motor teqp no cubre el estado pedido (ver TASK_CONTEXT 2026-09-18-validar-teqp-nh3h2o). Detalle: equilibrio no resoluble en T=495.27 K, P=3.7e+06 Pa, x=0.8088"
4500.0,3400.0,0.75,0.85,0.75,0.75,0.75,0.8,0.9777971536261018,0.806065778550515,359.7655817301571,359.9272747609913,0.07779715362610173,-0.16169303083415798,26.9244805881969,0.19293422144948502,O2,-0.16169303083415798,False,True,CORREGIBLE,0.02684412858662951,"[CORREGIBLE] O2: succión de la bomba bifásica bajo el peor caso de T_amb (riesgo de cavitación) (medido=359.9272747609913, esperado=<= 359.766 K). Causa probable: subenfriamiento insuficiente a la salida del condensador bajo el peor caso ambiental. Sugerencia: aumentar eps_cond o el margen de subenf"
4500.0,4000.0,0.8,0.85,0.75,0.8,0.8,0.85,0.9900986902845262,0.8638140938436236,364.07978778800566,348.22719535400734,0.09009869028452622,15.852592433998325,31.779056919705113,0.13518590615637638,O1,0.09009869028452622,False,True,KALINA,0.011233986198561982,"KALINA: régimen Kalina genuino y admisible, sin fallas."
4500.0,3850.0,0.8,0.85,0.75,0.8,0.8,0.85,0.9871181537894108,0.8637662069198696,362.1316908227463,348.0667867355457,0.08711815378941079,14.064904087200603,31.784918419115684,0.1352337930801304,O1,0.08711815378941079,False,True,KALINA,0.01487238924362234,"KALINA: régimen Kalina genuino y admisible, sin fallas."
4500.0,4000.0,0.8,0.85,0.75,0.8,0.8,0.75,0.9900511984173591,0.8786037222206317,364.07978778800566,365.3050658619352,0.09005119841735909,-1.2252780739295304,29.99858806864546,0.12039627777936834,O2,-1.2252780739295304,False,True,CORREGIBLE,0.011744892441559894,"[CORREGIBLE] O2: succión de la bomba bifásica bajo el peor caso de T_amb (riesgo de cavitación) (medido=365.3050658619352, esperado=<= 364.080 K). Causa probable: subenfriamiento insuficiente a la salida del condensador bajo el peor caso ambiental. Sugerencia: aumentar eps_cond o el margen de subenf"
4500.0,4000.0,0.8,0.9,0.75,0.8,0.8,0.8,0.9895578583828305,0.8708878594811752,364.07978778800566,363.1908075265265,0.08955785838283048,0.888980261479162,30.920072217391635,0.1281121405188248,O1,0.08955785838283048,False,True,KALINA,0.012586423966149564,"KALINA: régimen Kalina genuino y admisible, sin fallas."
4500.0,4000.0,0.8,0.8,0.75,0.8,0.8,0.8,0.990593632261899,0.8709230271597587,364.07978778800566,363.264043520906,0.09059363226189898,0.8157442670996602,30.915835710770807,0.12807697284024133,O1,0.09059363226189898,False,True,KALINA,0.011091051176782898,"KALINA: régimen Kalina genuino y admisible, sin fallas."
4500.0,4000.0,0.8,0.85,0.75,0.85,0.85,0.8,0.9899541417038826,0.9106111944625649,364.07978778800566,364.2726547055701,0.0899541417038826,-0.19286691756445862,26.344702929317236,0.08838880553743511,O2,-0.19286691756445862,False,True,CORREGIBLE,0.011866270768049424,"[CORREGIBLE] O2: succión de la bomba bifásica bajo el peor caso de T_amb (riesgo de cavitación) (medido=364.2726547055701, esperado=<= 364.080 K). Causa probable: subenfriamiento insuficiente a la salida del condensador bajo el peor caso ambiental. Sugerencia: aumentar eps_cond o el margen de subenf"
4500.0,4000.0,0.8,0.85,0.75,0.75,0.75,0.8,0.9902115472626175,0.8308647565496383,364.07978778800566,359.97861747416886,0.09021154726261749,4.101170313836803,35.960921249972046,0.16813524345036168,O1,0.09021154726261749,False,True,KALINA,0.011784225908940498,"KALINA: régimen Kalina genuino y admisible, sin fallas."
