figura,P_evap_bar,T_fuente_K,x_b_masica,eta_pct
Fig2,10,333,0.563398,4.842212
Fig2,10,333,0.573711,5.637055
Fig2,10,333,0.574961,5.678344
Fig2,10,333,0.583711,6.524792
Fig2,10,333,0.592461,6.669307
Fig2,10,333,0.601836,6.844789
Fig2,10,333,0.602148,6.855111
Fig2,10,333,0.619023,6.8035
Fig2,10,333,0.627773,6.73124
Fig2,10,333,0.645585,6.535114
Fig2,10,333,0.663398,6.308016
Fig2,10,333,0.680898,6.060274
Fig2,10,333,0.698398,5.822859
Fig2,10,333,0.716523,5.564795
Fig2,10,333,0.73371,5.327375
Fig2,10,333,0.75121,5.120921
Fig2,10,333,0.769335,4.904145
Fig2,10,333,0.786835,4.718347
Fig2,10,333,0.804647,4.553182
Fig2,10,333,0.82246,4.377694
Fig2,10,333,0.839647,4.222862
Fig2,10,333,0.85746,4.098986
Fig2,10,333,0.875585,3.954476
Fig2,10,333,0.892772,3.830599
Fig2,10,333,0.910584,3.717056
Fig2,10,333,0.928397,3.603501
Fig2,10,333,0.945897,3.489958
Fig2,10,333,0.963397,3.376404
Fig2,10,333,0.981522,3.26286
Fig2,10,333,0.991209,3.180277
Fig2,10,373,0.351524,10.498984
Fig2,10,373,0.361524,11.252527
Fig2,10,373,0.362774,11.293821
Fig2,10,373,0.371524,12.098981
Fig2,10,373,0.380587,12.243501
Fig2,10,373,0.389649,12.418983
Fig2,10,373,0.389962,12.429305
Fig2,10,373,0.407149,12.346723
Fig2,10,373,0.415586,12.233174
Fig2,10,373,0.433399,11.944143
Fig2,10,373,0.451211,11.57253
Fig2,10,373,0.468711,11.149306
Fig2,10,373,0.486211,10.726076
Fig2,10,373,0.504336,10.29253
Fig2,10,373,0.521523,9.858984
Fig2,10,373,0.539336,9.425432
Fig2,10,373,0.557461,8.991886
Fig2,10,373,0.574336,8.568662
Fig2,10,373,0.592461,8.155755
Fig2,10,373,0.610586,7.753181
Fig2,10,373,0.627461,7.381562
Fig2,10,373,0.645273,7.009954
Fig2,10,373,0.663398,6.679629
Fig2,10,373,0.680585,6.349305
Fig2,10,373,0.698398,6.049952
Fig2,10,373,0.716523,5.771243
Fig2,10,373,0.73371,5.502857
Fig2,10,373,0.751523,5.255114
Fig2,10,373,0.769335,5.028022
Fig2,10,373,0.786835,4.821568
Fig2,10,373,0.804335,4.646081
Fig2,10,373,0.82246,4.470599
Fig2,10,373,0.839647,4.326084
Fig2,10,373,0.857772,4.181563
Fig2,10,373,0.875272,4.057697
Fig2,10,373,0.892772,3.923499
Fig2,10,373,0.910272,3.789311
Fig2,10,373,0.928397,3.675762
Fig2,10,373,0.945897,3.582857
Fig2,10,373,0.963709,3.531246
Fig2,10,373,0.981522,3.469313
Fig2,10,373,0.991209,3.407375
Fig2,10,423,0.319337,15.340273
Fig2,10,423,0.326837,15.020266
Fig2,10,423,0.336212,14.689946
Fig2,10,423,0.354024,14.132529
Fig2,10,423,0.371837,13.575112
Fig2,10,423,0.389024,13.017694
Fig2,10,423,0.406836,12.460266
Fig2,10,423,0.424961,11.902849
Fig2,10,423,0.441836,11.366076
Fig2,10,423,0.459961,10.829303
Fig2,10,423,0.477461,10.333824
Fig2,10,423,0.494961,9.817695
Fig2,10,423,0.513086,9.3635
Fig2,10,423,0.530586,8.868015
Fig2,10,423,0.548086,8.455113
Fig2,10,423,0.566211,7.980273
Fig2,10,423,0.584023,7.588016
Fig2,10,423,0.601211,7.164792
Fig2,10,423,0.610273,6.968665
Fig2,10,423,0.627461,6.638341
Fig2,10,423,0.636836,6.462854
Fig2,10,423,0.645273,6.349305
Fig2,10,423,0.654335,6.194467
Fig2,10,423,0.672148,5.957047
Fig2,10,423,0.689648,5.678344
Fig2,10,423,0.707148,5.451246
Fig2,10,423,0.72496,5.193181
Fig2,10,423,0.742773,5.007372
Fig2,10,423,0.75996,4.842212
Fig2,10,423,0.778085,4.635759
Fig2,10,423,0.795897,4.480921
Fig2,10,423,0.813085,4.35705
Fig2,10,423,0.830897,4.264146
Fig2,10,423,0.84871,4.109313
Fig2,10,423,0.86621,4.016403
Fig2,10,423,0.884022,3.964793
Fig2,10,423,0.901834,3.882215
Fig2,10,423,0.919022,3.809955
Fig2,10,423,0.928084,3.768666
Fig2,10,423,0.946834,3.675762
Fig2,10,423,0.954959,3.64479
Fig2,10,423,0.972459,3.603501
Fig2,10,423,0.973084,3.582857
Fig2,10,423,0.981209,3.448669
Fig2,10,423,0.981834,3.458991
Fig3,15,333,0.687256,3.357605
Fig3,15,333,0.697597,4.878898
Fig3,15,333,0.698223,4.948573
Fig3,15,333,0.707311,6.504704
Fig3,15,333,0.716085,6.829858
Fig3,15,333,0.725485,7.155023
Fig3,15,333,0.725485,7.166636
Fig3,15,333,0.742407,7.340828
Fig3,15,333,0.759641,7.375665
Fig3,15,333,0.77813,7.340828
Fig3,15,333,0.795364,7.247929
Fig3,15,333,0.812912,7.166636
Fig3,15,333,0.831087,7.085343
Fig3,15,333,0.848635,6.945988
Fig3,15,333,0.865556,6.864701
Fig3,15,333,0.884358,6.783408
Fig3,15,333,0.901279,6.690508
Fig3,15,333,0.918827,6.609216
Fig3,15,333,0.937002,6.527923
Fig3,15,333,0.95455,6.435023
Fig3,15,333,0.971784,6.318893
Fig3,15,333,0.990272,6.225988
Fig3,15,333,0.991839,6.202763
Fig3,15,373,0.43939,10.418246
Fig3,15,373,0.449731,11.033735
Fig3,15,373,0.451298,11.080184
Fig3,15,373,0.460699,11.753735
Fig3,15,373,0.468846,11.916309
Fig3,15,373,0.477933,12.125345
Fig3,15,373,0.486081,12.113732
Fig3,15,373,0.494541,12.125345
Fig3,15,373,0.495168,12.113732
Fig3,15,373,0.503942,12.032439
Fig3,15,373,0.521803,11.835022
Fig3,15,373,0.539038,11.579537
Fig3,15,373,0.556899,11.277602
Fig3,15,373,0.574761,10.987279
Fig3,15,373,0.591995,10.685344
Fig3,15,373,0.61017,10.360184
Fig3,15,373,0.627718,10.046637
Fig3,15,373,0.645266,9.744702
Fig3,15,373,0.663127,9.465992
Fig3,15,373,0.680675,9.210506
Fig3,15,373,0.698223,8.955021
Fig3,15,373,0.716085,8.722767
Fig3,15,373,0.733946,8.513731
Fig3,15,373,0.751181,8.304701
Fig3,15,373,0.769042,8.107284
Fig3,15,373,0.786903,7.933086
Fig3,15,373,0.804452,7.782124
Fig3,15,373,0.821999,7.654376
Fig3,15,373,0.839861,7.526639
Fig3,15,373,0.857095,7.410503
Fig3,15,373,0.874957,7.317603
Fig3,15,373,0.892818,7.201479
Fig3,15,373,0.910053,7.131793
Fig3,15,373,0.927914,7.038893
Fig3,15,373,0.945776,6.945994
Fig3,15,373,0.96301,6.876313
Fig3,15,373,0.980872,6.829864
Fig3,15,373,0.990586,6.829864
Fig3,15,423,0.372332,16.038893
Fig3,15,423,0.379539,15.736958
Fig3,15,423,0.389253,15.493085
Fig3,15,423,0.406488,14.982115
Fig3,15,423,0.424349,14.529218
Fig3,15,423,0.442211,14.018248
Fig3,15,423,0.459445,13.542114
Fig3,15,423,0.47762,13.05438
Fig3,15,423,0.495168,12.613084
Fig3,15,423,0.512716,12.136957
Fig3,15,423,0.530264,11.707279
Fig3,15,423,0.548439,11.289214
Fig3,15,423,0.56536,10.847924
Fig3,15,423,0.583535,10.476314
Fig3,15,423,0.601083,10.081474
Fig3,15,423,0.618631,9.733089
Fig3,15,423,0.636492,9.407929
Fig3,15,423,0.654353,9.059539
Fig3,15,423,0.671588,8.780829
Fig3,15,423,0.689449,8.490506
Fig3,15,423,0.707311,8.246633
Fig3,15,423,0.724545,7.991148
Fig3,15,423,0.742407,7.805349
Fig3,15,423,0.760268,7.631151
Fig3,15,423,0.777503,7.491796
Fig3,15,423,0.795678,7.422121
Fig3,15,423,0.813226,7.317603
Fig3,15,423,0.830774,7.271148
Fig3,15,423,0.848321,7.224698
Fig3,15,423,0.866183,7.189861
Fig3,15,423,0.892192,7.189861
Fig3,15,423,0.91068,7.143411
Fig3,15,423,0.936375,7.166636
Fig3,15,423,0.95455,7.143405
Fig3,15,423,0.972724,7.143411
Fig3,15,423,0.982125,7.120186
Fig3,15,423,0.990586,7.027275
Fig4,23.5,373,0.545139,7.932637
Fig4,23.5,373,0.556072,9.256507
Fig4,23.5,373,0.556696,9.30296
Fig4,23.5,373,0.566068,10.684892
Fig4,23.5,373,0.574502,11.102957
Fig4,23.5,373,0.583561,11.567472
Fig4,23.5,373,0.591995,11.730054
Fig4,23.5,373,0.600742,11.90425
Fig4,23.5,373,0.6098,11.939084
Fig4,23.5,373,0.627918,11.962312
Fig4,23.5,373,0.636352,11.927472
Fig4,23.5,373,0.65447,11.834569
Fig4,23.5,373,0.671339,11.730054
Fig4,23.5,373,0.689144,11.579084
Fig4,23.5,373,0.70695,11.451344
Fig4,23.5,373,0.72413,11.300377
Fig4,23.5,373,0.742248,11.172634
Fig4,23.5,373,0.760054,11.044892
Fig4,23.5,373,0.777234,10.917149
Fig4,23.5,373,0.79504,10.812634
Fig4,23.5,373,0.813158,10.696507
Fig4,23.5,373,0.830338,10.626827
Fig4,23.5,373,0.848144,10.533927
Fig4,23.5,373,0.865949,10.464247
Fig4,23.5,373,0.88313,10.382957
Fig4,23.5,373,0.901248,10.348117
Fig4,23.5,373,0.918741,10.255217
Fig4,23.5,373,0.936234,10.208764
Fig4,23.5,373,0.954352,10.127475
Fig4,23.5,373,0.971845,10.092634
Fig4,23.5,373,0.981841,10.022957
Fig4,23.5,373,0.990588,9.930051
Fig4,23.5,423,0.424873,16.932634
Fig4,23.5,423,0.432058,16.711986
Fig4,23.5,423,0.442367,16.491344
Fig4,23.5,423,0.459547,16.142954
Fig4,23.5,423,0.477353,15.759732
Fig4,23.5,423,0.495158,15.399729
Fig4,23.5,423,0.512339,15.016504
Fig4,23.5,423,0.530457,14.656504
Fig4,23.5,423,0.54795,14.261664
Fig4,23.5,423,0.565443,13.924892
Fig4,23.5,423,0.583248,13.564892
Fig4,23.5,423,0.601054,13.239732
Fig4,23.5,423,0.618235,12.926182
Fig4,23.5,423,0.636352,12.647475
Fig4,23.5,423,0.653846,12.357152
Fig4,23.5,423,0.671339,12.113279
Fig4,23.5,423,0.689144,11.834569
Fig4,23.5,423,0.70695,11.637149
Fig4,23.5,423,0.724443,11.416504
Fig4,23.5,423,0.742248,11.242312
Fig4,23.5,423,0.759741,11.068119
Fig4,23.5,423,0.777234,10.90554
Fig4,23.5,423,0.79504,10.789409
Fig4,23.5,423,0.812845,10.650054
Fig4,23.5,423,0.830338,10.557152
Fig4,23.5,423,0.848144,10.464247
Fig4,23.5,423,0.865949,10.452634
Fig4,23.5,423,0.882818,10.475859
Fig4,23.5,423,0.900936,10.522312
Fig4,23.5,423,0.919053,10.591989
Fig4,23.5,423,0.936234,10.661667
Fig4,23.5,423,0.95404,10.754569
Fig4,23.5,423,0.972157,10.812634
Fig4,23.5,423,0.981841,10.835859
Fig4,23.5,423,0.990588,10.789406
Fig4,23.5,463,0.495158,14.424244
Fig4,23.5,463,0.50328,14.157149
Fig4,23.5,463,0.512339,13.924892
Fig4,23.5,463,0.530457,13.518439
Fig4,23.5,463,0.54795,13.181667
Fig4,23.5,463,0.565443,12.821667
Fig4,23.5,463,0.583248,12.542957
Fig4,23.5,463,0.601054,12.217797
Fig4,23.5,463,0.618235,11.985537
Fig4,23.5,463,0.636352,11.70683
Fig4,23.5,463,0.654158,11.521022
Fig4,23.5,463,0.671339,11.300377
Fig4,23.5,463,0.689144,11.137794
Fig4,23.5,463,0.70695,10.975214
Fig4,23.5,463,0.72413,10.859087
Fig4,23.5,463,0.742248,10.719732
Fig4,23.5,463,0.760054,10.650054
Fig4,23.5,463,0.776922,10.580377
Fig4,23.5,463,0.79504,10.510699
Fig4,23.5,463,0.813158,10.487475
Fig4,23.5,463,0.830338,10.475862
Fig4,23.5,463,0.847831,10.475859
Fig4,23.5,463,0.865949,10.499084
Fig4,23.5,463,0.883442,10.54554
Fig4,23.5,463,0.900936,10.591989
Fig4,23.5,463,0.919053,10.615214
Fig4,23.5,463,0.936234,10.708119
Fig4,23.5,463,0.95404,10.754569
Fig4,23.5,463,0.972157,10.812634
Fig4,23.5,463,0.981841,10.835859
Fig4,23.5,463,0.990588,10.789406
Fig5,32,373,0.651887,8.467267
Fig5,32,373,0.662236,9.558882
Fig5,32,373,0.663177,9.605332
Fig5,32,373,0.671958,10.743397
Fig5,32,373,0.680425,11.149847
Fig5,32,373,0.689206,11.591136
Fig5,32,373,0.6983,11.776944
Fig5,32,373,0.716176,12.067267
Fig5,32,373,0.724957,12.171781
Fig5,32,373,0.73311,12.218234
Fig5,32,373,0.751299,12.218234
Fig5,32,373,0.768234,12.241459
Fig5,32,373,0.795517,12.218234
Fig5,32,373,0.812765,12.195009
Fig5,32,373,0.830954,12.148557
Fig5,32,373,0.848516,12.125332
Fig5,32,373,0.865764,12.102104
Fig5,32,373,0.88364,12.055654
Fig5,32,373,0.901515,12.009202
Fig5,32,373,0.919077,11.939524
Fig5,32,373,0.936952,11.893074
Fig5,32,373,0.954828,11.846622
Fig5,32,373,0.971762,11.776944
Fig5,32,373,0.981484,11.753719
Fig5,32,373,0.991206,11.765332
Fig5,32,423,0.459335,17.084042
Fig5,32,423,0.467175,16.979524
Fig5,32,423,0.477524,16.875006
Fig5,32,423,0.495086,16.724039
Fig5,32,423,0.512961,16.515009
Fig5,32,423,0.530523,16.259524
Fig5,32,423,0.547771,16.004039
Fig5,32,423,0.565333,15.725329
Fig5,32,423,0.583522,15.446622
Fig5,32,423,0.60077,15.191136
Fig5,32,423,0.618645,14.912426
Fig5,32,423,0.636521,14.680169
Fig5,32,423,0.653769,14.424684
Fig5,32,423,0.671644,14.204042
Fig5,32,423,0.689206,13.995006
Fig5,32,423,0.706768,13.797586
Fig5,32,423,0.724957,13.623394
Fig5,32,423,0.742518,13.484039
Fig5,32,423,0.759767,13.333071
Fig5,32,423,0.777642,13.205332
Fig5,32,423,0.795517,13.089202
Fig5,32,423,0.812765,12.996296
Fig5,32,423,0.830641,12.903397
Fig5,32,423,0.84883,12.810491
Fig5,32,423,0.865764,12.764042
Fig5,32,423,0.883953,12.694364
Fig5,32,423,0.892107,12.671139
Fig5,32,423,0.909982,12.682749
Fig5,32,423,0.919077,12.752426
Fig5,32,423,0.936639,12.856944
Fig5,32,423,0.954828,12.973074
Fig5,32,423,0.972076,13.100814
Fig5,32,423,0.982425,13.135651
Fig5,32,423,0.991206,13.124039
Fig5,32,463,0.56596,15.028554
Fig5,32,463,0.573487,14.819524
Fig5,32,463,0.583522,14.610491
Fig5,32,463,0.60077,14.262104
Fig5,32,463,0.618645,13.983397
Fig5,32,463,0.636207,13.681459
Fig5,32,463,0.653769,13.402752
Fig5,32,463,0.662863,13.275009
Fig5,32,463,0.680111,13.054364
Fig5,32,463,0.68952,12.996299
Fig5,32,463,0.706768,12.880169
Fig5,32,463,0.724643,12.764042
Fig5,32,463,0.742518,12.694361
Fig5,32,463,0.759767,12.624684
Fig5,32,463,0.777642,12.589847
Fig5,32,463,0.795831,12.589847
Fig5,32,463,0.812765,12.589847
Fig5,32,463,0.830954,12.589847
Fig5,32,463,0.848516,12.659524
Fig5,32,463,0.865764,12.694361
Fig5,32,463,0.883953,12.775654
Fig5,32,463,0.901515,12.845329
Fig5,32,463,0.919077,12.949847
Fig5,32,463,0.936639,13.031136
Fig5,32,463,0.954828,13.158879
Fig5,32,463,0.972076,13.286622
Fig5,32,463,0.982425,13.344687
Fig5,32,463,0.991206,13.333074
