x_b,P_alta,T_fuente,P_baja,eps_hrvg,eps_reg,eps_cond,convergio,clasificacion,eta,Wnet,fallas,detalle_error
0.55,1500.0,340.0,273.545421,,,,False,NO_CONVERGIO,,,,"PropertyRangeError: T_from_Ph(P, h, x): el motor teqp no cubre el estado pedido (ver TASK_CONTEXT 2026-09-18-validar-teqp-nh3h2o). Detalle: h=-5459.37 fuera de dominio a P=2.7355e+05 Pa, x=0.5639"
0.6,1500.0,340.0,336.094595,,,,False,NO_CONVERGIO,,,,"PropertyRangeError: T_from_Ph(P, h, x): el motor teqp no cubre el estado pedido (ver TASK_CONTEXT 2026-09-18-validar-teqp-nh3h2o). Detalle: h=-1.0326e+06 fuera de dominio a P=3.3609e+05 Pa, x=0.6134"
0.65,1500.0,340.0,398.118725,0.626521,0.909397,0.931043,True,KALINA,0.075056,12.0661,,
0.7,1500.0,340.0,456.322836,0.783786,0.890919,0.954308,True,KALINA,0.079802,26.5568,,
0.75,1500.0,340.0,508.679402,0.858548,0.862972,0.965456,True,KALINA,0.077264,39.0199,,
0.55,1500.0,350.0,273.545421,,,,False,NO_CONVERGIO,,,,"PropertyRangeError: T_from_Ph(P, h, x): el motor teqp no cubre el estado pedido (ver TASK_CONTEXT 2026-09-18-validar-teqp-nh3h2o). Detalle: h=-7322.93 fuera de dominio a P=2.7355e+05 Pa, x=0.5639"
0.6,1500.0,350.0,336.094595,0.760146,0.922626,0.940604,True,KALINA,0.09057,20.585,,
0.65,1500.0,350.0,398.118725,0.84487,0.910389,0.957304,True,KALINA,0.089014,33.9311,,
0.7,1500.0,350.0,456.322836,0.890162,0.893696,0.966336,True,KALINA,0.084504,44.9885,,
0.75,1500.0,350.0,508.679402,0.918727,0.869245,0.971994,True,KALINA,0.079918,54.367,,
0.55,1500.0,360.0,273.545421,0.80647,0.934061,0.944503,True,KALINA,0.102576,25.9291,,
0.6,1500.0,360.0,336.094595,0.867629,0.925606,0.958693,True,KALINA,0.098719,39.3139,,
0.65,1500.0,360.0,398.118725,0.901751,0.999,0.966771,True,KALINA,0.095852,50.1933,,
0.7,1500.0,360.0,456.322836,0.923749,0.900715,0.971995,True,KALINA,0.086787,58.7478,,
0.75,1500.0,360.0,508.679402,0.939285,0.880834,0.975645,True,CORREGIBLE,0.081667,66.1515,O2,
