P_baja,T1,T2,q2,fase2,m3,eta,Wnet,T9,error
419.04,364.218155,391.64661,0.101884,bifasico,0.101884,0.080856,19.6217,291.408586,
419.29,364.32693,391.651007,0.101943,bifasico,0.101943,0.033659,8.1525,291.821923,
419.54,364.326956,391.651009,0.101943,bifasico,0.101943,0.033656,8.1516,291.821958,
419.79,364.326954,391.651008,0.101943,bifasico,0.101943,0.033652,8.1508,291.821992,
420.04,364.326951,391.651008,0.101943,bifasico,0.101943,0.033648,8.1499,291.822025,
420.29,364.326949,391.651008,0.101943,bifasico,0.101943,0.033645,8.149,291.822059,
420.54,364.326947,391.651008,0.101943,bifasico,0.101943,0.033641,8.1482,291.822093,
420.79,364.326945,391.651008,0.101943,bifasico,0.101943,0.033638,8.1473,291.822127,
421.04,364.326942,391.651008,0.101943,bifasico,0.101943,0.033634,8.1465,291.822161,
421.29,364.32694,391.651008,0.101943,bifasico,0.101943,0.033631,8.1456,291.822194,
421.54,364.326944,391.651008,0.101943,bifasico,0.101943,0.033627,8.1447,291.822228,
421.79,364.326941,391.651008,0.101943,bifasico,0.101943,0.033624,8.1439,291.822262,
422.04,364.326939,391.651008,0.101943,bifasico,0.101943,0.03362,8.143,291.822295,
422.29,364.326937,391.651008,0.101943,bifasico,0.101943,0.033617,8.1422,291.822329,
422.54,364.326934,391.651008,0.101943,bifasico,0.101943,0.033613,8.1413,291.822362,
422.79,364.326932,391.651008,0.101943,bifasico,0.101943,0.033609,8.1405,291.822396,
423.04,364.32693,391.651007,0.101943,bifasico,0.101943,0.033606,8.1396,291.822429,
423.29,364.326927,391.651007,0.101943,bifasico,0.101943,0.033602,8.1387,291.822463,
423.54,364.326925,391.651007,0.101943,bifasico,0.101943,0.033599,8.1379,291.822496,
423.79,364.326922,391.651007,0.101943,bifasico,0.101943,0.033595,8.137,291.82253,
424.04,364.266676,391.648571,0.101911,bifasico,0.101911,0.080519,19.523,291.413626,
424.29,364.218984,391.646643,0.101885,bifasico,0.101885,0.080402,19.5112,291.412626,
424.54,364.219023,391.646645,0.101885,bifasico,0.101885,0.08038,19.5059,291.412817,
424.79,364.219062,391.646646,0.101885,bifasico,0.101885,0.080359,19.5007,291.413009,
425.04,364.219101,391.646648,0.101885,bifasico,0.101885,0.080337,19.4955,291.4132,
425.29,364.21914,391.646649,0.101885,bifasico,0.101885,0.080316,19.4902,291.41339,
425.54,364.219179,391.646651,0.101885,bifasico,0.101885,0.080295,19.485,291.413581,
425.79,364.219218,391.646653,0.101885,bifasico,0.101885,0.080273,19.4798,291.413772,
426.04,364.219257,391.646654,0.101885,bifasico,0.101885,0.080252,19.4746,291.413963,
426.29,364.219296,391.646656,0.101885,bifasico,0.101885,0.08023,19.4694,291.414153,
426.54,364.219335,391.646657,0.101885,bifasico,0.101885,0.080209,19.4642,291.414344,
426.79,364.219374,391.646659,0.101885,bifasico,0.101885,0.080187,19.459,291.414534,
427.04,364.219413,391.64666,0.101885,bifasico,0.101885,0.080166,19.4538,291.414724,
427.29,364.219452,391.646662,0.101885,bifasico,0.101885,0.080145,19.4486,291.414914,
427.54,364.219491,391.646664,0.101885,bifasico,0.101885,0.080123,19.4434,291.415104,
427.79,364.219529,391.646665,0.101885,bifasico,0.101885,0.080102,19.4382,291.415294,
428.04,364.219568,391.646667,0.101885,bifasico,0.101885,0.080081,19.433,291.415484,
428.29,364.219607,391.646668,0.101885,bifasico,0.101885,0.080059,19.4278,291.415674,
428.54,364.219646,391.64667,0.101885,bifasico,0.101885,0.080038,19.4226,291.415863,
428.79,364.219684,391.646671,0.101885,bifasico,0.101885,0.080017,19.4174,291.416053,
429.04,364.219723,391.646673,0.101885,bifasico,0.101885,0.079995,19.4122,291.416242,
