P_baja,T1,F,error
423.914831,284.0,81.032175,
423.914831,285.0,80.020621,
423.914831,286.0,79.009491,
423.914831,287.0,77.998387,
423.914831,288.0,76.987309,
423.914831,289.0,75.976258,
423.914831,290.0,74.965232,
423.914831,291.0,73.954233,
423.914831,292.0,72.94326,
423.914831,293.0,71.932313,
423.914831,294.0,70.921392,
423.914831,295.0,69.910498,
423.914831,296.0,68.89963,
423.914831,297.0,67.888788,
423.914831,298.0,66.877973,
423.914831,299.0,65.867184,
423.914831,300.0,64.856422,
423.914831,301.0,63.845686,
423.914831,302.0,62.834976,
423.914831,303.0,61.824293,
423.914831,304.0,60.813636,
423.914831,305.0,59.803006,
423.914831,306.0,58.792401,
423.914831,307.0,57.781824,
423.914831,308.0,56.771272,
423.914831,309.0,55.760747,
423.914831,310.0,54.750248,
423.914831,311.0,53.739776,
423.914831,312.0,52.72933,
423.914831,313.0,51.71891,
423.914831,314.0,50.708516,
423.914831,315.0,49.698149,
423.914831,316.0,48.687807,
423.914831,317.0,47.677492,
423.914831,318.0,46.667203,
423.914831,319.0,45.656939,
423.914831,320.0,44.646702,
423.914831,321.0,43.636491,
423.914831,322.0,42.626305,
423.914831,323.0,41.616146,
423.914831,324.0,40.606012,
423.914831,325.0,39.595904,
423.914831,326.0,38.585822,
423.914831,327.0,37.575766,
423.914831,328.0,36.565735,
423.914831,329.0,35.555729,
423.914831,330.0,34.545749,
423.914831,331.0,33.535795,
423.914831,332.0,32.525866,
423.914831,333.0,31.515962,
423.914831,334.0,30.506084,
423.914831,335.0,29.49623,
423.914831,336.0,28.486402,
423.914831,337.0,27.476599,
423.914831,338.0,26.466821,
423.914831,339.0,25.457068,
423.914831,340.0,24.44734,
423.914831,341.0,23.437636,
423.914831,342.0,22.427957,
423.914831,343.0,21.418303,
423.914831,344.0,20.408673,
423.914831,345.0,19.399068,
423.914831,346.0,18.389487,
423.914831,347.0,17.379931,
423.914831,348.0,16.370399,
423.914831,349.0,15.36089,
423.914831,350.0,14.351406,
423.914831,351.0,13.341946,
423.914831,352.0,12.33251,
423.914831,353.0,11.323097,
423.914831,354.0,10.313708,
423.914831,355.0,9.304343,
423.914831,356.0,8.295001,
423.914831,357.0,7.285682,
423.914831,358.0,6.276387,
423.914831,359.0,5.267115,
423.914831,360.0,4.257866,
423.914831,361.0,3.355416,
423.914831,362.0,2.346783,
423.914831,363.0,1.338298,
423.914831,364.0,0.329837,
423.914831,365.0,-0.788464,
423.914831,366.0,-1.797151,
423.914831,367.0,-2.806241,
423.914831,368.0,-3.81531,
423.914831,369.0,-4.824356,
423.914831,370.0,-5.833381,
423.914831,371.0,-6.842384,
423.914831,372.0,-7.851366,
423.914831,373.0,-8.860326,
423.914831,374.0,-9.869264,
423.914831,375.0,-10.878182,
423.914831,376.0,-11.887078,
423.914831,377.0,-12.895954,
423.914831,378.0,-13.904809,
423.914831,379.0,-14.913643,
423.914831,380.0,-15.922457,
423.914831,381.0,-16.931251,
423.914831,382.0,-17.940025,
423.914831,383.0,-18.948778,
423.914831,384.0,-19.957512,
423.914831,385.0,-20.966227,
423.914831,386.0,-22.001149,
423.914831,387.0,-23.036545,
423.914831,388.0,-24.070147,
423.914831,389.0,-25.101577,
423.914831,390.0,-26.132087,
423.914831,391.0,-27.161247,
423.914831,392.0,-28.189171,
423.914831,393.0,-29.215963,
424.169832,284.0,81.03219,
424.169832,285.0,80.020637,
424.169832,286.0,79.009506,
424.169832,287.0,77.998403,
424.169832,288.0,76.987325,
424.169832,289.0,75.976274,
424.169832,290.0,74.965249,
424.169832,291.0,73.95425,
424.169832,292.0,72.943277,
424.169832,293.0,71.93233,
424.169832,294.0,70.92141,
424.169832,295.0,69.910516,
424.169832,296.0,68.899648,
424.169832,297.0,67.888807,
424.169832,298.0,66.877992,
424.169832,299.0,65.867203,
424.169832,300.0,64.856441,
424.169832,301.0,63.845706,
424.169832,302.0,62.834996,
424.169832,303.0,61.824313,
424.169832,304.0,60.813657,
424.169832,305.0,59.803026,
424.169832,306.0,58.792423,
424.169832,307.0,57.781845,
424.169832,308.0,56.771294,
424.169832,309.0,55.760769,
424.169832,310.0,54.750271,
424.169832,311.0,53.739799,
424.169832,312.0,52.729353,
424.169832,313.0,51.718933,
424.169832,314.0,50.70854,
424.169832,315.0,49.698172,
424.169832,316.0,48.687831,
424.169832,317.0,47.677516,
424.169832,318.0,46.667227,
424.169832,319.0,45.656964,
424.169832,320.0,44.646728,
424.169832,321.0,43.636517,
424.169832,322.0,42.626332,
424.169832,323.0,41.616172,
424.169832,324.0,40.606039,
424.169832,325.0,39.595931,
424.169832,326.0,38.585849,
424.169832,327.0,37.575793,
424.169832,328.0,36.565763,
424.169832,329.0,35.555758,
424.169832,330.0,34.545778,
424.169832,331.0,33.535824,
424.169832,332.0,32.525895,
424.169832,333.0,31.515992,
424.169832,334.0,30.506114,
424.169832,335.0,29.496261,
424.169832,336.0,28.486433,
424.169832,337.0,27.47663,
424.169832,338.0,26.466852,
424.169832,339.0,25.4571,
424.169832,340.0,24.447372,
424.169832,341.0,23.437668,
424.169832,342.0,22.42799,
424.169832,343.0,21.418336,
424.169832,344.0,20.408707,
424.169832,345.0,19.399102,
424.169832,346.0,18.389521,
424.169832,347.0,17.379965,
424.169832,348.0,16.370433,
424.169832,349.0,15.360925,
424.169832,350.0,14.351441,
424.169832,351.0,13.341982,
424.169832,352.0,12.332546,
424.169832,353.0,11.323133,
424.169832,354.0,10.313745,
424.169832,355.0,9.30438,
424.169832,356.0,8.295038,
424.169832,357.0,7.28572,
424.169832,358.0,6.276425,
424.169832,359.0,5.267154,
424.169832,360.0,4.257905,
424.169832,361.0,3.355413,
424.169832,362.0,2.34678,
424.169832,363.0,1.338295,
424.169832,364.0,0.329834,
424.169832,365.0,-0.788423,
424.169832,366.0,-1.79711,
424.169832,367.0,-2.806199,
424.169832,368.0,-3.815268,
424.169832,369.0,-4.824314,
424.169832,370.0,-5.833339,
424.169832,371.0,-6.842341,
424.169832,372.0,-7.851322,
424.169832,373.0,-8.860282,
424.169832,374.0,-9.86922,
424.169832,375.0,-10.878137,
424.169832,376.0,-11.887034,
424.169832,377.0,-12.895909,
424.169832,378.0,-13.904763,
424.169832,379.0,-14.913597,
424.169832,380.0,-15.922411,
424.169832,381.0,-16.931204,
424.169832,382.0,-17.939977,
424.169832,383.0,-18.948731,
424.169832,384.0,-19.957464,
424.169832,385.0,-20.966179,
424.169832,386.0,-22.001099,
424.169832,387.0,-23.036494,
424.169832,388.0,-24.070094,
424.169832,389.0,-25.101522,
424.169832,390.0,-26.132031,
424.169832,391.0,-27.161189,
424.169832,392.0,-28.189111,
424.169832,393.0,-29.215902,
