etiqueta,x_b,P_alta,T_fuente,P_baja,eta_ref,eta_teqp,eta_A,d_eta,clas_teqp,clas_A,t_teqp_s,t_A_s,t_B_s,t_BA_s,t_AB_s,dh4s_teqp,verificado_teqp,t_real_B_s,error_B,dh4s_A,verificado_A,error_BA,n_recurrencias,t_real_A_s,verif_incompleta_A,fallas_teqp,fallas_A,error_teqp,error_A
KALINA-01,0.6,3000.0,394.0,523.749936,0.103716,0.103715729,0.103715729,0.0,KALINA,KALINA,36.43,35.88,3.77,1.46,37.34,-1.0015,True,3.77,,-1.0015,True,,0,0.0,False,,,,
KALINA-02,0.6,4000.0,394.0,424.169832,0.080412,0.080412106,0.08041229,1.84e-07,KALINA,KALINA,43.91,45.5,2.26,2.06,47.57,-0.748,True,2.26,,-0.748,True,,1,3.88,False,,,,
KALINA-03,0.6,3000.0,423.0,752.471907,0.096152,0.096152424,0.096152424,0.0,KALINA,KALINA,29.06,28.86,3.19,1.68,30.53,-1.4881,True,3.19,,-1.4881,True,,0,0.0,False,,,,
KALINA-04,0.6,4000.0,423.0,625.242061,0.116752,0.116752144,0.116752144,0.0,KALINA,KALINA,31.77,30.84,2.53,1.9,32.74,-1.2771,True,2.53,,-1.2771,True,,0,0.0,False,,,,
KALINA-05,0.6,5000.0,423.0,535.443483,0.120151,0.120151383,0.120151383,0.0,KALINA,KALINA,33.85,33.65,2.71,1.62,35.27,-1.0688,True,2.71,,-1.0688,True,,0,0.0,False,,,,
KALINA-06,0.65,3000.0,394.0,687.98037,0.098609,0.098608559,0.098608559,0.0,KALINA,KALINA,30.35,29.75,11.85,1.43,31.18,-1.1173,True,11.85,,-1.1173,True,,0,0.0,False,,,,
KALINA-07,0.65,4000.0,394.0,568.014636,0.103673,0.103672926,0.103672926,0.0,KALINA,KALINA,34.59,34.81,3.54,2.35,37.16,-0.8604,True,3.54,,-0.8604,True,,0,0.0,False,,,,
KALINA-08,0.65,5000.0,394.0,451.969083,0.009114,0.009114415,0.009114415,0.0,KALINA,KALINA,42.32,42.69,4.44,1.71,44.4,-0.7142,True,4.44,,-0.7142,True,,0,0.0,False,,,,
KALINA-09,0.65,3000.0,423.0,967.9991,0.084223,0.08422344,0.08422344,0.0,KALINA,KALINA,26.08,26.17,3.04,1.87,28.04,-1.5833,True,3.04,,-1.5833,True,,0,0.0,False,,,,
KALINA-10,0.65,4000.0,423.0,812.575464,0.10981,0.109810156,0.109810156,0.0,KALINA,KALINA,27.41,27.75,2.56,1.13,28.88,-1.3743,True,2.56,,-1.3743,True,,0,0.0,False,,,,
KALINA-11,0.65,5000.0,423.0,704.644595,0.1215,0.121500395,0.121500395,0.0,KALINA,KALINA,30.49,30.33,2.11,1.52,31.86,-1.1716,True,2.11,,-1.1716,True,,0,0.0,False,,,,
KALINA-12,0.7,3000.0,394.0,868.092712,0.090552,0.09055203,0.09055203,0.0,KALINA,KALINA,27.41,27.76,2.64,1.69,29.45,-1.2161,True,2.64,,-1.2161,True,,0,0.0,False,,,,
KALINA-13,0.7,4000.0,394.0,731.746249,0.106949,0.106948892,0.106948892,0.0,KALINA,KALINA,24.61,25.15,2.53,1.97,27.12,-0.9618,True,2.53,,-0.9618,True,,0,0.0,False,,,,
KALINA-14,0.7,5000.0,394.0,600.662419,0.091448,0.091447933,0.091447933,0.0,KALINA,KALINA,38.67,38.63,3.57,1.85,40.48,-0.8171,True,3.57,,-0.8171,True,,0,0.0,False,,,,
KALINA-15,0.7,4000.0,423.0,1016.275812,0.10153,0.101529576,0.101529576,0.0,KALINA,KALINA,27.08,27.03,2.57,1.46,28.49,-1.4596,True,2.57,,-1.4596,True,,0,0.0,False,,,,
KALINA-16,0.7,5000.0,423.0,890.811268,0.118002,0.118001733,0.118001733,0.0,KALINA,KALINA,23.87,24.6,2.29,1.63,26.23,-1.2603,True,2.29,,-1.2603,True,,0,0.0,False,,,,
KALINA-17,0.75,3000.0,394.0,1060.024938,0.081356,0.081356002,0.081356002,0.0,KALINA,KALINA,27.94,28.23,6.55,1.6,29.83,-1.2995,True,6.55,,-1.2995,True,,0,0.0,False,,,,
KALINA-18,0.75,4000.0,394.0,910.07401,0.103582,0.103581982,0.103581982,0.0,KALINA,KALINA,28.82,31.96,2.92,2.22,34.17,-1.0505,True,2.92,,-1.0505,True,,0,0.0,False,,,,
KALINA-19,0.75,5000.0,394.0,767.935666,0.108587,0.108586549,0.108586549,0.0,KALINA,KALINA,32.5,31.82,4.78,1.97,33.79,-0.9093,True,4.78,,-0.9093,True,,0,0.0,False,,,,
KALINA-20,0.75,5000.0,423.0,1089.670783,0.112369,0.112369281,0.112369281,0.0,KALINA,KALINA,25.08,25.26,2.79,1.59,26.85,-1.3364,True,2.79,,-1.3364,True,,0,0.0,False,,,,
KALINA-21,0.8,4000.0,394.0,1101.510788,0.097348,0.097347953,0.097347953,0.0,KALINA,KALINA,27.57,25.49,2.98,1.9,27.39,-1.1272,True,2.98,,-1.1272,True,,0,0.0,False,,,,
KALINA-22,0.8,5000.0,394.0,952.892781,0.110591,0.110590562,0.110590562,0.0,KALINA,KALINA,29.03,29.15,3.71,1.98,31.13,-0.9923,True,3.71,,-0.9923,True,,0,0.0,False,,,,
ESPURIO,0.6,4000.0,394.0,423.914831,,0.03359365,0.080184141,0.046590491,KALINA,KALINA,35.98,48.42,2.12,1.04,49.46,138.9672,False,2.12,,0.0,True,,6,13.46,False,,,,
