etiqueta,rep,x_b,P_baja,valor,tiempo_s,error
KALINA-01,1,0.6,523.749936,300.0607,7.468,
KALINA-01,2,0.6,523.749936,300.0607,7.526,
KALINA-01,3,0.6,523.749936,300.0607,7.367,
KALINA-01,4,0.6,523.749936,300.0607,7.378,
KALINA-01,5,0.6,523.749936,300.0607,7.41,
KALINA-06,1,0.65,687.98037,303.7342,7.517,
KALINA-06,2,0.65,687.98037,303.7342,7.367,
KALINA-06,3,0.65,687.98037,303.7342,7.392,
KALINA-06,4,0.65,687.98037,303.7342,7.34,
KALINA-06,5,0.65,687.98037,303.7342,7.574,
KALINA-12,1,0.7,868.092712,307.3022,8.374,
KALINA-12,2,0.7,868.092712,307.3022,8.236,
KALINA-12,3,0.7,868.092712,307.3022,8.44,
KALINA-12,4,0.7,868.092712,307.3022,8.299,
KALINA-12,5,0.7,868.092712,307.3022,8.462,
KALINA-17,1,0.75,1060.024938,310.7684,8.521,
KALINA-17,2,0.75,1060.024938,310.7684,8.541,
KALINA-17,3,0.75,1060.024938,310.7684,8.529,
KALINA-17,4,0.75,1060.024938,310.7684,8.225,
KALINA-17,5,0.75,1060.024938,310.7684,8.2,
KALINA-22,1,0.8,952.892781,304.2197,8.586,
KALINA-22,2,0.8,952.892781,304.2197,8.649,
KALINA-22,3,0.8,952.892781,304.2197,8.486,
KALINA-22,4,0.8,952.892781,304.2197,8.667,
KALINA-22,5,0.8,952.892781,304.2197,8.499,
