barrido,filas_totales,filas_NO_CONVERGIO,filas_convergentes,modo,filas_sanas_aplicadas,filas_fallidas_aplicadas,t_sana_aplicado_s,t_falla_aplicado_s,origen_coste_sana,origen_coste_falla,filas_y_no_convergio,t_cpu_extrapolado_s,t_pared_extrapolado_s,t_pared_extrapolado_min,tiempo_real_conocido_s,tiempo_real_nota,extrapolacion
busqueda_libre_v2,1591,302,1289,M0,1289,302,45.716,7.839,"MEDIDO (benchmark_filas.csv, etapa A2: las 30 sanas que M0 resuelve)",MEDIDO (benchmark_filas.csv etapa A1 + benchmark_filas_topes.csv; solo las filas que MB_sintope_STno NO resuelve),MEDIDO (propio CSV del barrido),61294.7,10215.8,170.26,,sin dato registrado,SI — costes MEDIDOS de la muestra aplicados a este barrido; el barrido NO se ejecuto con estos modos. Ojo: las filas que el propio barrido marca NO_CONVERGIO no son necesariamente las que estos modos fallarian
busqueda_libre_v2,1591,302,1289,MB(MB_sintope_STno),1289,302,45.716,169.999,"MEDIDO (benchmark_filas.csv, etapa A2: las 30 sanas que M0 resuelve)",MEDIDO (benchmark_filas.csv etapa A1 + benchmark_filas_topes.csv; solo las filas que MB_sintope_STno NO resuelve),MEDIDO (propio CSV del barrido),110267.1,18377.8,306.3,,sin dato registrado,SI — costes MEDIDOS de la muestra aplicados a este barrido; el barrido NO se ejecuto con estos modos. Ojo: las filas que el propio barrido marca NO_CONVERGIO no son necesariamente las que estos modos fallarian
busqueda_libre_v2,1591,302,1289,MA (=V2),1289,302,46.312,84.025,MEDIDO (V2 de ablacion_filas.csv; MA no recalculado por indicacion del director),MEDIDO (V2 de ablacion_filas.csv sobre las 40 que V0 no resuelve),MEDIDO (propio CSV del barrido),85072.4,14178.7,236.31,,sin dato registrado,SI — costes MEDIDOS de la muestra aplicados a este barrido; el barrido NO se ejecuto con estos modos. Ojo: las filas que el propio barrido marca NO_CONVERGIO no son necesariamente las que estos modos fallarian
ronda5_diagnostico,148,81,67,M0,67,81,45.716,7.839,"MEDIDO (benchmark_filas.csv, etapa A2: las 30 sanas que M0 resuelve)",MEDIDO (benchmark_filas.csv etapa A1 + benchmark_filas_topes.csv; solo las filas que MB_sintope_STno NO resuelve),MEDIDO (propio CSV del barrido),3697.9,616.3,10.27,,sin dato registrado,SI — costes MEDIDOS de la muestra aplicados a este barrido; el barrido NO se ejecuto con estos modos. Ojo: las filas que el propio barrido marca NO_CONVERGIO no son necesariamente las que estos modos fallarian
ronda5_diagnostico,148,81,67,MB(MB_sintope_STno),67,81,45.716,169.999,"MEDIDO (benchmark_filas.csv, etapa A2: las 30 sanas que M0 resuelve)",MEDIDO (benchmark_filas.csv etapa A1 + benchmark_filas_topes.csv; solo las filas que MB_sintope_STno NO resuelve),MEDIDO (propio CSV del barrido),16832.9,2805.5,46.76,,sin dato registrado,SI — costes MEDIDOS de la muestra aplicados a este barrido; el barrido NO se ejecuto con estos modos. Ojo: las filas que el propio barrido marca NO_CONVERGIO no son necesariamente las que estos modos fallarian
ronda5_diagnostico,148,81,67,MA (=V2),67,81,46.312,84.025,MEDIDO (V2 de ablacion_filas.csv; MA no recalculado por indicacion del director),MEDIDO (V2 de ablacion_filas.csv sobre las 40 que V0 no resuelve),MEDIDO (propio CSV del barrido),9909.0,1651.5,27.52,,sin dato registrado,SI — costes MEDIDOS de la muestra aplicados a este barrido; el barrido NO se ejecuto con estos modos. Ojo: las filas que el propio barrido marca NO_CONVERGIO no son necesariamente las que estos modos fallarian
ronda6_diagnostico,646,206,440,M0,440,206,45.716,7.839,"MEDIDO (benchmark_filas.csv, etapa A2: las 30 sanas que M0 resuelve)",MEDIDO (benchmark_filas.csv etapa A1 + benchmark_filas_topes.csv; solo las filas que MB_sintope_STno NO resuelve),MEDIDO (propio CSV del barrido),21729.7,3621.6,60.36,,sin dato registrado,SI — costes MEDIDOS de la muestra aplicados a este barrido; el barrido NO se ejecuto con estos modos. Ojo: las filas que el propio barrido marca NO_CONVERGIO no son necesariamente las que estos modos fallarian
ronda6_diagnostico,646,206,440,MB(MB_sintope_STno),440,206,45.716,169.999,"MEDIDO (benchmark_filas.csv, etapa A2: las 30 sanas que M0 resuelve)",MEDIDO (benchmark_filas.csv etapa A1 + benchmark_filas_topes.csv; solo las filas que MB_sintope_STno NO resuelve),MEDIDO (propio CSV del barrido),55134.7,9189.1,153.15,,sin dato registrado,SI — costes MEDIDOS de la muestra aplicados a este barrido; el barrido NO se ejecuto con estos modos. Ojo: las filas que el propio barrido marca NO_CONVERGIO no son necesariamente las que estos modos fallarian
ronda6_diagnostico,646,206,440,MA (=V2),440,206,46.312,84.025,MEDIDO (V2 de ablacion_filas.csv; MA no recalculado por indicacion del director),MEDIDO (V2 de ablacion_filas.csv sobre las 40 que V0 no resuelve),MEDIDO (propio CSV del barrido),37686.7,6281.1,104.69,,sin dato registrado,SI — costes MEDIDOS de la muestra aplicados a este barrido; el barrido NO se ejecuto con estos modos. Ojo: las filas que el propio barrido marca NO_CONVERGIO no son necesariamente las que estos modos fallarian
barrido_xb_industria,117,43,74,M0,74,43,45.716,7.839,"MEDIDO (benchmark_filas.csv, etapa A2: las 30 sanas que M0 resuelve)",MEDIDO (benchmark_filas.csv etapa A1 + benchmark_filas_topes.csv; solo las filas que MB_sintope_STno NO resuelve),MEDIDO (propio CSV del barrido),3720.0,620.0,10.33,3900.0,"REPORTE_XB_INDUSTRIA.md: 'corrida total ~ 65 min en 4 tandas' (0.1-100 s/punto; el reporte da el total, no el desglose). Ademas: costo_soluciones 30.98 s/punto con teqp",SI — costes MEDIDOS de la muestra aplicados a este barrido; el barrido NO se ejecuto con estos modos. Ojo: las filas que el propio barrido marca NO_CONVERGIO no son necesariamente las que estos modos fallarian
barrido_xb_industria,117,43,74,MB(MB_sintope_STno),74,43,45.716,169.999,"MEDIDO (benchmark_filas.csv, etapa A2: las 30 sanas que M0 resuelve)",MEDIDO (benchmark_filas.csv etapa A1 + benchmark_filas_topes.csv; solo las filas que MB_sintope_STno NO resuelve),MEDIDO (propio CSV del barrido),10692.9,1782.2,29.7,3900.0,"REPORTE_XB_INDUSTRIA.md: 'corrida total ~ 65 min en 4 tandas' (0.1-100 s/punto; el reporte da el total, no el desglose). Ademas: costo_soluciones 30.98 s/punto con teqp",SI — costes MEDIDOS de la muestra aplicados a este barrido; el barrido NO se ejecuto con estos modos. Ojo: las filas que el propio barrido marca NO_CONVERGIO no son necesariamente las que estos modos fallarian
barrido_xb_industria,117,43,74,MA (=V2),74,43,46.312,84.025,MEDIDO (V2 de ablacion_filas.csv; MA no recalculado por indicacion del director),MEDIDO (V2 de ablacion_filas.csv sobre las 40 que V0 no resuelve),MEDIDO (propio CSV del barrido),7040.2,1173.4,19.56,3900.0,"REPORTE_XB_INDUSTRIA.md: 'corrida total ~ 65 min en 4 tandas' (0.1-100 s/punto; el reporte da el total, no el desglose). Ademas: costo_soluciones 30.98 s/punto con teqp",SI — costes MEDIDOS de la muestra aplicados a este barrido; el barrido NO se ejecuto con estos modos. Ojo: las filas que el propio barrido marca NO_CONVERGIO no son necesariamente las que estos modos fallarian
barrido_literatura_kcs11,60,28,32,M0,32,28,45.716,7.839,"MEDIDO (benchmark_filas.csv, etapa A2: las 30 sanas que M0 resuelve)",MEDIDO (benchmark_filas.csv etapa A1 + benchmark_filas_topes.csv; solo las filas que MB_sintope_STno NO resuelve),MEDIDO (propio CSV del barrido),1682.4,280.4,4.67,,sin dato registrado,SI — costes MEDIDOS de la muestra aplicados a este barrido; el barrido NO se ejecuto con estos modos. Ojo: las filas que el propio barrido marca NO_CONVERGIO no son necesariamente las que estos modos fallarian
barrido_literatura_kcs11,60,28,32,MB(MB_sintope_STno),32,28,45.716,169.999,"MEDIDO (benchmark_filas.csv, etapa A2: las 30 sanas que M0 resuelve)",MEDIDO (benchmark_filas.csv etapa A1 + benchmark_filas_topes.csv; solo las filas que MB_sintope_STno NO resuelve),MEDIDO (propio CSV del barrido),6222.9,1037.1,17.29,,sin dato registrado,SI — costes MEDIDOS de la muestra aplicados a este barrido; el barrido NO se ejecuto con estos modos. Ojo: las filas que el propio barrido marca NO_CONVERGIO no son necesariamente las que estos modos fallarian
barrido_literatura_kcs11,60,28,32,MA (=V2),32,28,46.312,84.025,MEDIDO (V2 de ablacion_filas.csv; MA no recalculado por indicacion del director),MEDIDO (V2 de ablacion_filas.csv sobre las 40 que V0 no resuelve),MEDIDO (propio CSV del barrido),3834.7,639.1,10.65,,sin dato registrado,SI — costes MEDIDOS de la muestra aplicados a este barrido; el barrido NO se ejecuto con estos modos. Ojo: las filas que el propio barrido marca NO_CONVERGIO no son necesariamente las que estos modos fallarian
barrido_margen2k,30,8,22,M0,22,8,45.716,7.839,"MEDIDO (benchmark_filas.csv, etapa A2: las 30 sanas que M0 resuelve)",MEDIDO (benchmark_filas.csv etapa A1 + benchmark_filas_topes.csv; solo las filas que MB_sintope_STno NO resuelve),MEDIDO (propio CSV del barrido),1068.5,178.1,2.97,8369.0,run.log: 'Malla completa en 8369s',SI — costes MEDIDOS de la muestra aplicados a este barrido; el barrido NO se ejecuto con estos modos. Ojo: las filas que el propio barrido marca NO_CONVERGIO no son necesariamente las que estos modos fallarian
barrido_margen2k,30,8,22,MB(MB_sintope_STno),22,8,45.716,169.999,"MEDIDO (benchmark_filas.csv, etapa A2: las 30 sanas que M0 resuelve)",MEDIDO (benchmark_filas.csv etapa A1 + benchmark_filas_topes.csv; solo las filas que MB_sintope_STno NO resuelve),MEDIDO (propio CSV del barrido),2365.7,394.3,6.57,8369.0,run.log: 'Malla completa en 8369s',SI — costes MEDIDOS de la muestra aplicados a este barrido; el barrido NO se ejecuto con estos modos. Ojo: las filas que el propio barrido marca NO_CONVERGIO no son necesariamente las que estos modos fallarian
barrido_margen2k,30,8,22,MA (=V2),22,8,46.312,84.025,MEDIDO (V2 de ablacion_filas.csv; MA no recalculado por indicacion del director),MEDIDO (V2 de ablacion_filas.csv sobre las 40 que V0 no resuelve),MEDIDO (propio CSV del barrido),1691.1,281.8,4.7,8369.0,run.log: 'Malla completa en 8369s',SI — costes MEDIDOS de la muestra aplicados a este barrido; el barrido NO se ejecuto con estos modos. Ojo: las filas que el propio barrido marca NO_CONVERGIO no son necesariamente las que estos modos fallarian
barrido_pinch6_realista,30,7,23,M0,23,7,45.716,7.839,"MEDIDO (benchmark_filas.csv, etapa A2: las 30 sanas que M0 resuelve)",MEDIDO (benchmark_filas.csv etapa A1 + benchmark_filas_topes.csv; solo las filas que MB_sintope_STno NO resuelve),MEDIDO (propio CSV del barrido),1106.3,184.4,3.07,1797.0,run.log: 'Malla completa en 1797s',SI — costes MEDIDOS de la muestra aplicados a este barrido; el barrido NO se ejecuto con estos modos. Ojo: las filas que el propio barrido marca NO_CONVERGIO no son necesariamente las que estos modos fallarian
barrido_pinch6_realista,30,7,23,MB(MB_sintope_STno),23,7,45.716,169.999,"MEDIDO (benchmark_filas.csv, etapa A2: las 30 sanas que M0 resuelve)",MEDIDO (benchmark_filas.csv etapa A1 + benchmark_filas_topes.csv; solo las filas que MB_sintope_STno NO resuelve),MEDIDO (propio CSV del barrido),2241.5,373.6,6.23,1797.0,run.log: 'Malla completa en 1797s',SI — costes MEDIDOS de la muestra aplicados a este barrido; el barrido NO se ejecuto con estos modos. Ojo: las filas que el propio barrido marca NO_CONVERGIO no son necesariamente las que estos modos fallarian
barrido_pinch6_realista,30,7,23,MA (=V2),23,7,46.312,84.025,MEDIDO (V2 de ablacion_filas.csv; MA no recalculado por indicacion del director),MEDIDO (V2 de ablacion_filas.csv sobre las 40 que V0 no resuelve),MEDIDO (propio CSV del barrido),1653.4,275.6,4.59,1797.0,run.log: 'Malla completa en 1797s',SI — costes MEDIDOS de la muestra aplicados a este barrido; el barrido NO se ejecuto con estos modos. Ojo: las filas que el propio barrido marca NO_CONVERGIO no son necesariamente las que estos modos fallarian
