x_b,P_alta,T_fuente,eps_hrvg,eps_reg,eps_cond,P_baja,iteraciones_pbaja,pbaja_convergio,T9,T_burbuja,margen_O2,convergio,clasificacion,eta,Wnet,fallas,detalle_error
0.6,3000.0,394.0,0.85,0.8,0.85,511.559277,4,False,297.915143,299.331821,1.416678,True,KALINA,0.105004,46.5363,,
0.6,4000.0,394.0,0.85,0.8,0.85,426.235541,4,False,291.414112,293.82206,2.407949,True,KALINA,0.080235,19.4705,,
0.6,5000.0,394.0,0.85,0.8,0.85,360.842178,1,False,,,,False,NO_CONVERGIO,,,,"PropertyRangeError: T_from_Ph(P, h, x): el motor teqp no cubre el estado pedido (ver TASK_CONTEXT 2026-09-18-validar-teqp-nh3h2o). Detalle: h=-11551.8 fuera de dominio a P=3.6084e+05 Pa, x=0.6134"
0.6,3000.0,423.0,0.85,0.8,0.85,601.650388,4,False,305.12817,304.442507,-0.685663,True,CORREGIBLE,0.110359,87.2341,O2,
0.6,4000.0,423.0,0.85,0.8,0.85,552.736559,4,False,301.97076,301.745133,-0.225627,True,CORREGIBLE,0.123887,76.8879,O2,
0.6,5000.0,423.0,0.85,0.8,0.85,516.513364,4,False,298.591742,299.629734,1.037992,True,KALINA,0.121969,57.6139,,
0.65,3000.0,394.0,0.85,0.8,0.85,617.141154,4,False,300.360743,300.227996,-0.132747,True,CORREGIBLE,0.105294,58.2396,O2,
0.65,4000.0,394.0,0.85,0.8,0.85,565.081001,4,False,295.481414,297.45352,1.972106,True,KALINA,0.103933,38.6801,,
0.65,5000.0,394.0,0.85,0.8,0.85,449.959437,2,True,288.553933,290.553919,1.999985,True,KALINA,0.009185,1.372,,
0.65,3000.0,423.0,0.85,0.8,0.85,704.200625,4,False,305.420335,304.499114,-0.921221,True,CORREGIBLE,0.105756,94.2759,O2,
0.65,4000.0,423.0,0.85,0.8,0.85,656.956175,4,False,302.73739,302.233689,-0.503701,True,CORREGIBLE,0.123154,89.8406,O2,
0.65,5000.0,423.0,0.85,0.8,0.85,622.723648,4,False,300.699649,300.514947,-0.184702,True,CORREGIBLE,0.128589,76.0856,O2,
0.7,3000.0,394.0,0.85,0.8,0.85,708.092712,4,False,300.867383,300.514643,-0.35274,True,CORREGIBLE,0.104061,68.3328,O2,
0.7,4000.0,394.0,0.85,0.8,0.85,675.74764,4,False,299.034927,299.005854,-0.029073,True,CORREGIBLE,0.111606,55.221,O2,
0.7,5000.0,394.0,0.85,0.8,0.85,598.125929,4,True,293.150771,295.15038,1.999609,True,KALINA,0.091635,27.4122,,
0.7,3000.0,423.0,0.85,0.8,0.85,784.859148,4,False,304.927502,303.899793,-1.02771,True,CORREGIBLE,0.102702,101.3006,O2,
0.7,4000.0,423.0,0.85,0.8,0.85,743.205968,4,False,302.763643,302.095328,-0.668315,True,CORREGIBLE,0.122436,101.8714,O2,
0.7,5000.0,423.0,0.85,0.8,0.85,713.7419,4,False,301.176291,300.772844,-0.403447,True,CORREGIBLE,0.131771,92.8257,O2,
0.75,3000.0,394.0,0.85,0.8,0.85,780.024938,4,False,300.760712,300.303432,-0.45728,True,CORREGIBLE,0.102879,77.6121,O2,
0.75,4000.0,394.0,0.85,0.8,0.85,754.219671,4,False,299.425432,299.204797,-0.220636,True,CORREGIBLE,0.11551,70.5975,O2,
0.75,5000.0,394.0,0.85,0.8,0.85,729.605409,4,False,297.619946,298.130326,0.510381,True,KALINA,0.111448,49.2387,,
0.75,3000.0,423.0,0.85,0.8,0.85,841.813047,4,False,303.82632,302.827794,-0.998526,True,CORREGIBLE,0.101204,108.8715,O2,
0.75,4000.0,423.0,0.85,0.8,0.85,607.962882,2,False,,,,False,NO_CONVERGIO,,,,"PropertyRangeError: T_from_Ph(P, h, x): el motor teqp no cubre el estado pedido (ver TASK_CONTEXT 2026-09-18-validar-teqp-nh3h2o). Detalle: h=-1.6126e+14 fuera de dominio a P=6.0796e+05 Pa, x=0.7604"
0.75,5000.0,423.0,0.85,0.8,0.85,785.177423,4,False,301.022564,300.519529,-0.503035,True,CORREGIBLE,0.13399,108.6934,O2,
0.8,3000.0,394.0,0.85,0.8,0.85,834.507606,4,False,300.242418,299.781406,-0.461013,True,CORREGIBLE,0.102078,86.446,O2,
0.8,4000.0,394.0,0.85,0.8,0.85,816.57474,4,False,299.366561,299.068664,-0.297897,True,CORREGIBLE,0.117475,84.8009,O2,
0.8,5000.0,394.0,0.85,0.8,0.85,798.888911,4,False,298.488888,298.354153,-0.134735,True,CORREGIBLE,0.121517,70.2498,O2,
0.8,3000.0,423.0,0.85,0.8,0.85,660.399187,2,False,,,,False,NO_CONVERGIO,,,,"PropertyRangeError: T_from_Ph(P, h, x): el motor teqp no cubre el estado pedido (ver TASK_CONTEXT 2026-09-18-validar-teqp-nh3h2o). Detalle: equilibrio no resoluble en T=494.52 K, P=3e+06 Pa, x=0.8088"
0.8,4000.0,423.0,0.85,0.8,0.85,592.935458,1,False,,,,False,NO_CONVERGIO,,,,"PropertyRangeError: T_from_Ph(P, h, x): el motor teqp no cubre el estado pedido (ver TASK_CONTEXT 2026-09-18-validar-teqp-nh3h2o). Detalle: equilibrio no resoluble en T=495.67 K, P=4e+06 Pa, x=0.8088"
0.8,5000.0,423.0,0.85,0.8,0.85,838.7758,4,False,300.448352,299.949352,-0.499,True,CORREGIBLE,0.13599,124.0917,O2,
