motor,tabla,punto,propiedad,valor_guia,valor_motor,error_abs,error_rel,tolerancia,cumple,detalle
iapws,6,x0.1_T600_rho35,p,32.1221333,32.1221332995,5.13914244493e-10,1.59987582298e-11,rel<1e-06,sí,
iapws,6,x0.1_T600_rho35,Cv,53.3159544,53.3159544212,2.12155271129e-08,3.97920797848e-10,rel<1e-04,sí,
iapws,6,x0.1_T600_rho35,w,883.925596,883.925596384,3.83775159207e-07,4.34171338565e-10,rel<1e-04,sí,
iapws,6,x0.1_T600_rho35,f,-13734.1763,-13734.1763169,1.6933927327e-05,1.23297727925e-09,rel<1e-06,sí,
iapws,6,x0.1_T600_rho4,p,12.772109,12.7721089946,5.38812550133e-09,4.21866545402e-10,rel<1e-06,sí,
iapws,6,x0.1_T600_rho4,Cv,52.7644553,52.7644552642,3.58212446372e-08,6.78889688779e-10,rel<1e-04,sí,
iapws,6,x0.1_T600_rho4,w,471.762394,471.762394169,1.68632595887e-07,3.57452391356e-10,rel<1e-04,sí,
iapws,6,x0.1_T600_rho4,f,-16991.6697,-16991.6696958,4.24632526119e-06,2.4990629739e-10,rel<1e-06,sí,
iapws,6,x0.5_T500_rho32,p,21.3208159,21.3208158681,3.19245785363e-08,1.49734319203e-09,rel<1e-06,sí,
iapws,6,x0.5_T500_rho32,Cv,58.0077346,58.0077346,8.99547103472e-12,1.55073648312e-13,rel<1e-04,sí,
iapws,6,x0.5_T500_rho32,w,830.295833,830.295832629,3.70877387468e-07,4.46681017449e-10,rel<1e-04,sí,
iapws,6,x0.5_T500_rho32,f,-12109.5369,-12109.5369381,3.81256140827e-05,3.14839571468e-09,rel<1e-06,sí,
iapws,6,x0.5_T500_rho1,p,3.642308,3.64230795915,4.08513480821e-08,1.12157862767e-08,rel<1e-06,sí,
iapws,6,x0.5_T500_rho1,Cv,36.8228098,36.8228098145,1.4464603737e-08,3.92816404168e-10,rel<1e-04,sí,
iapws,6,x0.5_T500_rho1,w,510.258362,510.258362193,1.93043092622e-07,3.78324211808e-10,rel<1e-04,sí,
iapws,6,x0.5_T500_rho1,f,-18281.302,-18281.3020452,4.51978485216e-05,2.4723539123e-09,rel<1e-06,sí,
iapws,6,x0.9_T400_rho30,p,22.2830797,22.2830796853,1.4717890906e-08,6.60496264617e-10,rel<1e-06,sí,
iapws,6,x0.9_T400_rho30,Cv,51.8072415,51.8072415491,4.91314438023e-08,9.48350894194e-10,rel<1e-04,sí,
iapws,6,x0.9_T400_rho30,w,895.748711,895.74871133,3.30141801896e-07,3.6856519897e-10,rel<1e-04,sí,
iapws,6,x0.9_T400_rho30,f,-6986.4869,-6986.4869289,2.89028939733e-05,4.13697103952e-09,rel<1e-06,sí,
iapws,6,x0.9_T400_rho0.5,p,1.5499708,1.54997075926,4.07447853235e-08,2.62874534949e-08,rel<1e-06,sí,
iapws,6,x0.9_T400_rho0.5,Cv,32.970387,32.9703870029,2.8891449233e-09,8.76284807728e-11,rel<1e-04,sí,
iapws,6,x0.9_T400_rho0.5,w,478.608147,478.608147408,4.08065830015e-07,8.52609452165e-10,rel<1e-04,sí,
iapws,6,x0.9_T400_rho0.5,f,-13790.6278,-13790.6278454,4.53725970146e-05,3.2901038062e-09,rel<1e-06,sí,
iapws,7,xL0.2_T300,p_BUB,0.04071,0.040710044273,4.42729655228e-08,1.08752064659e-06,rel<1e-03,sí,
iapws,7,xL0.2_T300,x_v,0.936,0.935993372004,6.62799618745e-06,7.08119250796e-06,abs<1e-03,sí,
iapws,7,xL0.2_T300,rho_L,51.941,51.9414710601,0.000471060118656,9.06913841967e-06,rel<1e-03,sí,
iapws,7,xL0.2_T300,rho_v,0.0164,0.0163990872367,9.12763334165e-07,5.56563008637e-05,rel<1e-03,sí,
iapws,7,xL0.4_T400,p_BUB,2.5545,2.55450202573,2.02573413732e-06,7.93006121481e-07,rel<1e-03,sí,
iapws,7,xL0.4_T400,x_v,0.9363,0.936320528335,2.05283347735e-05,2.19249543667e-05,abs<1e-03,sí,
iapws,7,xL0.4_T400,rho_L,43.318,43.3182998326,0.000299832582186,6.92166263877e-06,rel<1e-03,sí,
iapws,7,xL0.4_T400,rho_v,0.8608,0.86084868565,4.86856504516e-05,5.6558608796e-05,rel<1e-03,sí,
iapws,7,xL0.6_T500,p_BUB,16.698,20.5913906911,3.89339069107,0.233165091093,rel<1e-03,no_converge,"flash devolvió ok=True pero en raíz degenerada (y=0.6=entrada, rho_L=27.121126=rho_v=27.121126 mol/dm3): punto en el lugar crítico del modelo; P=20.591391 MPa vs 16.698 de la guía"
iapws,7,xL0.6_T500,x_v,0.7844,0.600000000096,0.184399999904,0.235084140622,abs<1e-03,no_converge,"flash devolvió ok=True pero en raíz degenerada (y=0.6=entrada, rho_L=27.121126=rho_v=27.121126 mol/dm3): punto en el lugar crítico del modelo; P=20.591391 MPa vs 16.698 de la guía"
iapws,7,xL0.6_T500,rho_L,25.459,27.1211259541,1.66212595408,0.0652863802222,rel<1e-03,no_converge,"flash devolvió ok=True pero en raíz degenerada (y=0.6=entrada, rho_L=27.121126=rho_v=27.121126 mol/dm3): punto en el lugar crítico del modelo; P=20.591391 MPa vs 16.698 de la guía"
iapws,7,xL0.6_T500,rho_v,8.86,27.1211259488,18.2611259488,2.06107516352,rel<1e-03,no_converge,"flash devolvió ok=True pero en raíz degenerada (y=0.6=entrada, rho_L=27.121126=rho_v=27.121126 mol/dm3): punto en el lugar crítico del modelo; P=20.591391 MPa vs 16.698 de la guía"
iapws,8,xV0.2_T300,p_DEW,0.00437062,0.00437062086581,8.65812394002e-10,1.9809830047e-07,rel<1e-03,sí,
iapws,8,xV0.2_T300,x_L,0.010672,0.0106715891843,4.10815697812e-07,3.84947243078e-05,abs<1e-03,sí,
iapws,8,xV0.2_T300,rho_L,55.16434,55.1643443044,4.30441588151e-06,7.80289564147e-08,rel<1e-03,sí,
iapws,8,xV0.2_T300,rho_v,0.00175506,0.00175506262568,2.62568222438e-09,1.49606408008e-06,rel<1e-03,sí,
iapws,8,xV0.4_T400,p_DEW,0.394694,0.39469358999,4.10010059793e-07,1.03880489643e-06,rel<1e-03,sí,
iapws,8,xV0.4_T400,x_L,0.051541,0.0515410762749,7.62748994174e-08,1.47988784497e-06,abs<1e-03,sí,
iapws,8,xV0.4_T400,rho_L,50.83187,50.8318721758,2.17576820916e-06,4.28032297288e-08,rel<1e-03,sí,
iapws,8,xV0.4_T400,rho_v,0.122658,0.122658421252,4.21252148691e-07,3.43436342262e-06,rel<1e-03,sí,
iapws,8,xV0.6_T500,p_DEW,6.52607,6.52606548257,4.51742640983e-06,6.92212374344e-07,rel<1e-03,sí,
iapws,8,xV0.6_T500,x_L,0.22135,0.221352362566,2.36256638891e-06,1.067344201e-05,abs<1e-03,sí,
iapws,8,xV0.6_T500,rho_L,39.93714,39.9371399239,7.61341496514e-08,1.90634956963e-09,rel<1e-03,sí,
iapws,8,xV0.6_T500,rho_v,2.0073,2.00729761271,2.38728622559e-06,1.18930215991e-06,rel<1e-03,sí,
teqp,6,x0.1_T600_rho35,p,32.1221333,32.1221332995,5.1381476851e-10,1.59956614248e-11,rel<1e-06,sí,
teqp,6,x0.1_T600_rho35,Cv,53.3159544,53.2177349926,0.0982194073536,0.00184221418258,rel<1e-04,no,
teqp,6,x0.1_T600_rho35,w,883.925596,884.365007654,0.439411653728,0.000497113847271,rel<1e-04,no,
teqp,6,x0.1_T600_rho35,f,-13734.1763,-13741.5095829,7.333282877,0.000533944134458,n/a (offset de estado de referencia),esperado_offset,"gas ideal de CoolProp con otro estado de referencia que G4-01 (docstring de _teqp_engine.py): offset esperado, en J/mol, no es fallo"
teqp,6,x0.1_T600_rho4,p,12.772109,12.7721089946,5.38810951412e-09,4.21865293674e-10,rel<1e-06,sí,
teqp,6,x0.1_T600_rho4,Cv,52.7644553,52.6662358356,0.0982194643902,0.00186147026122,rel<1e-04,no,
teqp,6,x0.1_T600_rho4,w,471.762394,472.018721044,0.256327044038,0.000543339289647,rel<1e-04,no,
teqp,6,x0.1_T600_rho4,f,-16991.6697,-16999.0029617,7.33326169676,0.00043157981683,n/a (offset de estado de referencia),esperado_offset,"gas ideal de CoolProp con otro estado de referencia que G4-01 (docstring de _teqp_engine.py): offset esperado, en J/mol, no es fallo"
teqp,6,x0.5_T500_rho32,p,21.3208159,21.3208158681,3.19242126068e-08,1.49732602901e-09,rel<1e-06,sí,
teqp,6,x0.5_T500_rho32,Cv,58.0077346,57.8693448603,0.138389739729,0.00238571184831,rel<1e-04,no,
teqp,6,x0.5_T500_rho32,w,830.295833,830.804574461,0.508741461013,0.000612723129267,rel<1e-04,no,
teqp,6,x0.5_T500_rho32,f,-12109.5369,-12138.5460871,29.0091871387,0.00239556536127,n/a (offset de estado de referencia),esperado_offset,"gas ideal de CoolProp con otro estado de referencia que G4-01 (docstring de _teqp_engine.py): offset esperado, en J/mol, no es fallo"
teqp,6,x0.5_T500_rho1,p,3.642308,3.64230795915,4.08513471939e-08,1.12157860329e-08,rel<1e-06,sí,
teqp,6,x0.5_T500_rho1,Cv,36.8228098,36.6844200747,0.138389725255,0.00375826087164,rel<1e-04,no,
teqp,6,x0.5_T500_rho1,w,510.258362,510.557094508,0.298732508355,0.000585453430267,rel<1e-04,no,
teqp,6,x0.5_T500_rho1,f,-18281.302,-18310.3111942,29.009194211,0.00158682320389,n/a (offset de estado de referencia),esperado_offset,"gas ideal de CoolProp con otro estado de referencia que G4-01 (docstring de _teqp_engine.py): offset esperado, en J/mol, no es fallo"
teqp,6,x0.9_T400_rho30,p,22.2830797,22.2830796853,1.47179477494e-08,6.60498815585e-10,rel<1e-06,sí,
teqp,6,x0.9_T400_rho30,Cv,51.8072415,51.868190354,0.0609488539959,0.00117645433787,rel<1e-04,no,
teqp,6,x0.9_T400_rho30,w,895.748711,895.500874213,0.247836786713,0.00027668115362,rel<1e-04,no,
teqp,6,x0.9_T400_rho30,f,-6986.4869,-7019.82214876,33.3352487592,0.00477138928855,n/a (offset de estado de referencia),esperado_offset,"gas ideal de CoolProp con otro estado de referencia que G4-01 (docstring de _teqp_engine.py): offset esperado, en J/mol, no es fallo"
teqp,6,x0.9_T400_rho0.5,p,1.5499708,1.54997075926,4.07447853235e-08,2.62874534949e-08,rel<1e-06,sí,
teqp,6,x0.9_T400_rho0.5,Cv,32.970387,33.0313358078,0.0609488077536,0.00184859242791,rel<1e-04,no,
teqp,6,x0.9_T400_rho0.5,w,478.608147,478.487121241,0.121025758626,0.000252870243402,rel<1e-04,no,
teqp,6,x0.9_T400_rho0.5,f,-13790.6278,-13823.9630652,33.3352652289,0.00241724058632,n/a (offset de estado de referencia),esperado_offset,"gas ideal de CoolProp con otro estado de referencia que G4-01 (docstring de _teqp_engine.py): offset esperado, en J/mol, no es fallo"
teqp,7,xL0.2_T300,p_BUB,0.04071,0.0407100442733,4.42733338255e-08,1.08752969358e-06,rel<1e-03,sí,
teqp,7,xL0.2_T300,x_v,0.936,0.935993372003,6.62799673001e-06,7.08119308762e-06,abs<1e-03,sí,
teqp,7,xL0.2_T300,rho_L,51.941,51.9414710601,0.000471060118599,9.06913841857e-06,rel<1e-03,sí,
teqp,7,xL0.2_T300,rho_v,0.0164,0.0163990872447,9.12755343682e-07,5.56558136392e-05,rel<1e-03,sí,
teqp,7,xL0.4_T400,p_BUB,2.5545,2.5545020259,2.02589782861e-06,7.93070201059e-07,rel<1e-03,sí,
teqp,7,xL0.4_T400,x_v,0.9363,0.936320528327,2.052832744e-05,2.19249465343e-05,abs<1e-03,sí,
teqp,7,xL0.4_T400,rho_L,43.318,43.3182998326,0.000299832588375,6.92166278164e-06,rel<1e-03,sí,
teqp,7,xL0.4_T400,rho_v,0.8608,0.860848685722,4.86857215247e-05,5.65586913624e-05,rel<1e-03,sí,
teqp,7,xL0.6_T500,p_BUB,16.698,20.5751325011,3.87713250111,0.232191430178,rel<1e-03,no_converge,"flash devolvió ok=True pero en raíz degenerada (y=0.6=entrada, rho_L=27.115464=rho_v=27.115464 mol/dm3): punto en el lugar crítico del modelo; P=20.575133 MPa vs 16.698 de la guía"
teqp,7,xL0.6_T500,x_v,0.7844,0.6000000001,0.1843999999,0.235084140618,abs<1e-03,no_converge,"flash devolvió ok=True pero en raíz degenerada (y=0.6=entrada, rho_L=27.115464=rho_v=27.115464 mol/dm3): punto en el lugar crítico del modelo; P=20.575133 MPa vs 16.698 de la guía"
teqp,7,xL0.6_T500,rho_L,25.459,27.1154635615,1.6564635615,0.0650639680074,rel<1e-03,no_converge,"flash devolvió ok=True pero en raíz degenerada (y=0.6=entrada, rho_L=27.115464=rho_v=27.115464 mol/dm3): punto en el lugar crítico del modelo; P=20.575133 MPa vs 16.698 de la guía"
teqp,7,xL0.6_T500,rho_v,8.86,27.115463556,18.255463556,2.06043606727,rel<1e-03,no_converge,"flash devolvió ok=True pero en raíz degenerada (y=0.6=entrada, rho_L=27.115464=rho_v=27.115464 mol/dm3): punto en el lugar crítico del modelo; P=20.575133 MPa vs 16.698 de la guía"
teqp,8,xV0.2_T300,p_DEW,0.00437062,0.00437062190653,1.9065266605e-09,4.36214235166e-07,rel<1e-03,sí,
teqp,8,xV0.2_T300,x_L,0.010672,0.0106715891889,4.10811054794e-07,3.84942892423e-05,abs<1e-03,sí,
teqp,8,xV0.2_T300,rho_L,55.16434,55.1643443043,4.30434389642e-06,7.80276514941e-08,rel<1e-03,sí,
teqp,8,xV0.2_T300,rho_v,0.00175506,0.00175506304436,3.04435829887e-09,1.7346177902e-06,rel<1e-03,sí,
teqp,8,xV0.4_T400,p_DEW,0.394694,0.394693589997,4.10003276552e-07,1.03878771036e-06,rel<1e-03,sí,
teqp,8,xV0.4_T400,x_L,0.051541,0.0515410762725,7.62725340317e-08,1.47984195168e-06,abs<1e-03,sí,
teqp,8,xV0.4_T400,rho_L,50.83187,50.8318721758,2.17582415729e-06,4.28043303796e-08,rel<1e-03,sí,
teqp,8,xV0.4_T400,rho_v,0.122658,0.122658421253,4.21253336602e-07,3.43437310736e-06,rel<1e-03,sí,
teqp,8,xV0.6_T500,p_DEW,6.52607,6.52606547992,4.52008454133e-06,6.92619684025e-07,rel<1e-03,sí,
teqp,8,xV0.6_T500,x_L,0.22135,0.221352362545,2.36254532976e-06,1.06733468704e-05,abs<1e-03,sí,
teqp,8,xV0.6_T500,rho_L,39.93714,39.9371399244,7.55812195052e-08,1.89250455854e-09,rel<1e-03,sí,
teqp,8,xV0.6_T500,rho_v,2.0073,2.00729761161,2.38839127586e-06,1.18985267567e-06,rel<1e-03,sí,
