x_b,P_alta,T_fuente,P_star,s3,x3,h3,T3,h4,T4,eta_teqp,Wnet_teqp,h4s_teqp,T4s_teqp,fase4s,q4s,h4s_real,T4s_real,dh4s,dT4s,t_h_real_s,t_T_real_s,error_real,rama_fisica,eta_real,Wnet_real,margen_O2_real,clasif_real,fallas_real,error_real_ciclo,error_teqp
0.6,3000.0,394.0,523.749936,5.900848,0.967157,1826.552721,388.727261,1620.034818,314.505606,0.103716,45.962155,1568.405342,304.312447,bifasico,0.928666,1569.406891,304.980694,-1.001549,-0.668247,3.6,1.56,,False,,,,,,,
0.6,4000.0,394.0,424.169832,5.704109,0.97497,1794.699993,391.646639,1547.764453,290.415373,0.080412,19.513654,1486.030568,282.179959,bifasico,0.903438,1486.778592,282.487402,-0.748024,-0.307443,4.26,2.29,,True,,,,,,,
0.6,3000.0,423.0,752.471907,6.135749,0.906327,1939.73136,413.87646,1756.774668,360.383173,0.096152,75.932436,1711.035495,356.397242,bifasico,0.922887,1712.523558,356.743851,-1.488063,-0.346609,3.21,1.71,,True,,,,,,,
0.6,4000.0,423.0,625.242061,5.931869,0.930905,1896.759236,415.358777,1664.348506,340.765581,0.116752,72.428288,1606.245824,333.222027,bifasico,0.904926,1607.5229,333.719831,-1.277076,-0.497804,2.4,1.99,,True,,,,,,,
0.6,5000.0,423.0,535.443483,5.769888,0.943496,1863.381619,417.361593,1597.635916,323.57441,0.120151,56.750125,1531.19949,312.648582,bifasico,0.89245,1532.268256,313.220972,-1.068766,-0.57239,2.7,1.66,,False,,,,,,,
0.65,3000.0,394.0,687.98037,5.88523,0.969642,1820.000015,387.08442,1643.887448,322.766522,0.098609,54.519854,1599.859306,314.211083,bifasico,0.937529,1600.976558,314.900792,-1.117252,-0.689709,12.69,1.56,,False,,,,,,,
0.65,4000.0,394.0,568.014636,5.68929,0.976743,1788.688781,390.163054,1571.385111,299.41545,0.103673,38.582996,1517.059193,291.440526,bifasico,0.9145,1517.919565,291.811975,-0.860372,-0.371449,3.79,2.51,,True,,,,,,,
0.65,5000.0,394.0,451.969083,5.522199,0.980871,1756.925087,392.890085,1506.81749,282.39342,0.009114,1.361421,1444.290591,279.107736,bifasico,0.874673,1445.004821,279.21899,-0.71423,-0.111254,4.9,1.83,,True,,,,,,,
0.65,3000.0,423.0,967.9991,6.124675,0.910428,1933.570753,412.665591,1782.421995,367.85522,0.084223,74.973368,1744.634805,364.578557,bifasico,0.934068,1746.218095,364.931778,-1.58329,-0.353221,3.34,2.11,,True,,,,,,,
0.65,4000.0,423.0,812.575464,5.917461,0.934849,1889.595199,413.812055,1688.215015,348.046306,0.10981,80.039237,1637.86997,341.615316,bifasico,0.914643,1639.244291,342.116006,-1.374321,-0.50069,2.92,1.3,,False,,,,,,,
0.65,5000.0,423.0,704.644595,5.753798,0.947031,1855.832948,415.686756,1620.769311,331.066037,0.1215,71.86184,1562.003402,321.549551,bifasico,0.901375,1563.174975,322.132482,-1.171573,-0.582931,2.35,1.71,,False,,,,,,,
0.7,3000.0,394.0,868.092712,5.868405,0.97215,1813.036812,385.319088,1663.635694,329.761475,0.090552,59.41299,1626.285415,322.639472,bifasico,0.94556,1627.501486,323.340262,-1.216071,-0.70079,2.79,1.81,,False,,,,,,,
0.7,4000.0,394.0,731.746249,5.672952,0.978579,1782.124976,388.537738,1591.446439,307.355954,0.106949,52.903243,1543.776804,299.91076,bifasico,0.924081,1544.738595,300.34023,-0.961791,-0.42947,2.76,2.08,,True,,,,,,,
0.7,5000.0,394.0,600.662419,5.508087,0.982138,1751.328816,391.593006,1528.62117,290.872914,0.091448,27.356005,1472.944258,287.503468,bifasico,0.886048,1473.761337,287.638106,-0.817079,-0.134638,3.84,2.03,,True,,,,,,,
0.7,4000.0,423.0,1016.275812,5.902792,0.938673,1882.4245,412.244104,1708.171007,354.342373,0.10153,84.36621,1664.607634,348.835444,bifasico,0.923578,1666.0672,349.341082,-1.459566,-0.505638,2.73,1.66,,False,,,,,,,
0.7,5000.0,423.0,890.811268,5.736934,0.950535,1848.040871,413.943087,1639.928341,337.461024,0.118002,83.058326,1587.900209,329.145948,bifasico,0.909542,1589.160532,329.737208,-1.260323,-0.59126,2.48,1.76,,False,,,,,,,
0.75,3000.0,394.0,1060.024938,5.849823,0.974728,1805.454469,383.37518,1679.57242,335.589154,0.081356,61.295499,1648.101908,329.685819,bifasico,0.952963,1649.401457,330.393626,-1.299549,-0.707807,7.18,1.72,,False,,,,,,,
0.75,4000.0,394.0,910.07401,5.654432,0.980516,1774.760274,386.709186,1607.76477,314.093122,0.103582,63.264392,1566.015894,307.359161,bifasico,0.932318,1567.066411,307.833455,-1.050517,-0.474294,2.94,2.12,,True,,,,,,,
0.75,5000.0,394.0,767.935666,5.49177,0.983517,1744.901877,390.108931,1546.752626,298.44737,0.108587,47.967749,1497.215313,295.137587,bifasico,0.895856,1498.124595,295.294597,-0.909282,-0.15701,4.86,1.94,,True,,,,,,,
0.75,5000.0,423.0,1089.670783,5.718897,0.954068,1839.834703,412.091549,1655.462435,342.838316,0.112369,91.038501,1609.369368,335.541477,bifasico,0.917089,1610.705738,336.140433,-1.33637,-0.598956,2.5,1.71,,False,,,,,,,
0.8,4000.0,394.0,1101.510788,5.632687,0.982609,1766.209095,384.582252,1620.565041,319.705053,0.097348,70.192389,1584.154027,313.78444,bifasico,0.939549,1585.281237,314.287725,-1.12721,-0.503285,3.14,2.09,,False,,,,,,,
0.8,5000.0,394.0,952.892781,5.472161,0.985062,1737.237268,388.348602,1561.428581,305.157413,0.110591,63.89585,1517.47641,302.064014,bifasico,0.904185,1518.468733,302.238913,-0.992323,-0.174899,3.9,2.05,,True,,,,,,,
