componente,motor,dwsim,diferencia,rel_pct
HRVG  Qi = m1(h2-h1),443.1535339886007,457.1166084402478,13.96307445164706,3.1508435295488884
Turbina  Wt = m3(h3-h4),49.90054027684773,53.46251179090218,3.5619715140544486,7.138142181011797
Bomba  Wp = m9(h10-h9),3.9437188164740036,4.363863028800416,0.4201442123264121,10.653503251077476
Regenerador caliente  m5(h5-h6),263.3501368720324,257.0284087447253,-6.321728127307097,-2.400503072599109
Regenerador frío  m10(h1-h10),263.35013566390916,257.0306717112808,-6.319463952628382,-2.3996433253003384
Válvula  h6-h7 [kJ/kg],0.0,-9.441430393053452e-07,-9.441430393053452e-07,nan
Condensador  Qout = m8(h8-h9),397.1967113306136,408.0201322692706,10.823420938657023,2.7249523044635584
Separador  m2h2-m3h3-m5h5 (debe ser 0),-1.0509836556593655e-08,4.547473508864641e-13,1.0510291303944541e-08,-100.00432687367152
Absorbedor  m4h4+m7h7-m8h8 (debe ser 0),0.0,1.4897986602591118e-05,1.4897986602591118e-05,nan
Wnet = Wt - Wp,45.956821460373725,49.09864876210176,3.1418273017280356,6.836476505315051
eta [%],10.370406176554575,10.740791199473918,0.37038502291934366,3.5715575322084345
