estado,descripcion,P_kPa,T_motor,T_dwsim,dT,x_motor,x_dwsim,dx,m_motor,m_dwsim,dm,hrel_motor,hrel_dwsim,dh_rel,hrel0_motor,hrel0_dwsim,dh_rel0,h_abs_motor,h_abs_dwsim,fase_motor,q_motor,vf_molar_dwsim
1,salida regenerador frío / entrada HRVG,3000.0,350.58372157412464,351.1632795687863,0.579557994661684,0.65,0.6499998484619066,-1.5153809340695545e-07,1.0,1.0,0.0,246.00505554161305,245.98474810823495,-0.020307433378093265,-507.6291899190273,-532.6715063862623,-25.042316467235025,372.8887333972203,-1588.6264021979014,,,nan
2,salida HRVG / entrada separador,3000.0,412.66505837007594,412.0561937688202,-0.6088646012557319,0.65,0.6499998484619066,-1.5153809340695545e-07,1.0,1.0,0.0,1136.1358599548728,1128.0646261273246,-8.071233827548213,382.5016144942324,349.4083716328274,-33.093242861404974,1263.01953781048,-706.5465241788116,,,0.532281127737618
3,vapor rico -> turbina,3000.0,412.66505837007594,412.0561937688202,-0.6088646012557319,0.9104286727206394,0.9145661224823961,0.004137449761756673,0.5185259545102412,0.5245472402329339,0.006021285722692671,1561.325493964269,1569.716149257901,8.39065529363188,395.49061170856726,382.97118121023493,-12.519430498332326,1931.0423137367384,173.8217045256228,vapor,1.0,1.0
4,salida turbina,967.9991,367.8414162321673,366.85081537997144,-0.9906008521958825,0.9104286727206394,0.9145661224823961,0.004137449761756673,0.5185259545102412,0.5245472402329339,0.006021285722692671,1410.183249872425,1417.492532651238,7.309282778812985,244.34836761672318,230.74756460357207,-13.600803013151108,1779.9000696448943,21.598087918959934,,,0.9540830164249402
5,líquido pobre -> regenerador,3000.0,412.66505837007594,412.0561937688202,-0.6088646012557319,0.3695299988248752,0.35811476387933766,-0.011415234945537533,0.4814740454897588,0.475452763171938,-0.006021282317820786,530.4059534505838,540.1650186276959,9.75906517711212,368.51304686108983,312.39006067562605,-56.12298618546379,543.5889665537485,-1677.820135607941,liquido,0.0,nan
6,salida regenerador caliente,3000.0,334.3022582947024,334.16874575065043,-0.13351254405199597,0.3695299988248752,0.3581137337923518,-0.01141626503252341,0.4814740454897588,0.4754511759228383,-0.006022869566920497,154.9269762583701,159.31770702174936,4.390730763379253,-6.965930331123843,-68.45511167604582,-61.489181344921974,168.10998936153482,-2058.6686056108047,,,nan
7,salida válvula,967.9991,334.63883733211196,334.55904489777714,-0.07979243433481997,0.3695299988248752,0.3581137337923518,-0.01141626503252341,0.4814740454897588,0.4754511759228383,-0.006022869566920497,154.9269762583701,159.31770702219046,4.390730763820358,-6.965930331123843,-68.45511167560471,-61.48918134448087,168.10998936153482,-2058.6686056103636,,,nan
8,salida absorbedor,967.9991,358.4070090851307,356.1400517006577,-2.2669573844730166,0.65,0.6499997609027376,-2.3909726243331875e-07,1.0,0.9999984161557722,-1.58384422777047e-06,876.9813013549949,867.1425777547007,-9.838723600294202,123.34705589435453,88.48647263842611,-34.86058325592842,1003.8649792106021,-967.4687034242767,,,0.49164152151068125
9,salida condensador / entrada bomba,967.9991,313.2678424965829,313.41678697697887,0.14894448039598274,0.65,0.6499997609027376,-2.3909726243331875e-07,1.0,0.9999984161557722,-1.58384422777047e-06,61.82059394214873,61.12448831485813,-0.6961056272906063,-691.8136515184916,-717.5316168014165,-25.717965282924865,188.70427179775595,-1773.4867928641193,,,nan
10,salida bomba,3000.0,313.6813667561629,313.8336615258886,0.15229476972569955,0.65,0.6499998484619066,-1.5153809340695545e-07,1.0,1.0,0.0,65.22162440486308,64.90671185291262,-0.31491255195045653,-688.4126210557772,-713.7495426415846,-25.33692158580743,192.1053022604703,-1769.7044384532237,,,nan
