etiqueta,metodo,P,x_molar,T,Ta,Tw
KALINA-02,h_s,424.169832,0.976311,272.8322,272.8322,418.8853
ESPURIA,h_s,423.914831,0.976311,272.8161,272.8161,418.8634
ESPURIA,h_s,423.914831,0.976301,272.8161,272.8161,418.8634
ESPURIA,h_s,423.914831,0.976301,272.8161,272.8161,418.8634
ESPURIA,h_s,423.914831,0.976301,272.8161,272.8161,418.8634
ESPURIA,h_s,423.914831,0.976301,272.8161,272.8161,418.8634
ESPURIA,h_s,423.914831,0.976301,272.8161,272.8161,418.8634
ESPURIA,h_s,423.914831,0.976301,272.8161,272.8161,418.8634
FISICA,h_s,424.169832,0.976311,272.8322,272.8322,418.8853
