x_b,P_alta,T_fuente,P_baja,T9_amb,T_bur,margen,eta,Wnet,error
0.6,3000.0,394.0,511.559277,298.041152,299.331821,1.29067,0.105004,46.5363,
0.6,3000.0,394.0,551.559277,298.106691,301.678044,3.571353,0.100871,44.6951,
0.6,3000.0,394.0,511.559277,298.041152,299.331821,1.29067,0.105004,46.5363,
0.6,3000.0,394.0,551.559277,298.106691,301.678044,3.571353,0.100871,44.6951,
0.6,3000.0,394.0,523.999936,298.061998,300.075882,2.013884,0.10369,45.9505,
0.6,3000.0,394.0,523.749936,298.061583,300.061062,1.999479,0.103716,45.9622,
0.6,3000.0,394.0,523.749936,298.061583,300.061062,1.999479,0.103716,45.9622,
0.6,4000.0,394.0,426.235541,291.540768,293.82206,2.281292,0.080235,19.4705,
0.6,4000.0,394.0,386.235541,291.017723,290.945931,-0.071792,0.083813,20.3411,
0.6,4000.0,394.0,386.235541,291.017723,290.945931,-0.071792,0.083813,20.3411,
0.6,4000.0,394.0,426.235541,291.540768,293.82206,2.281292,0.080235,19.4705,
0.6,4000.0,394.0,421.453867,291.948832,293.489341,1.540509,0.033628,8.145,
0.6,4000.0,394.0,424.419832,291.539382,293.696055,2.156673,0.080391,19.5084,
0.6,4000.0,394.0,422.717529,291.949002,293.577547,1.628545,0.03361,8.1407,
0.6,4000.0,394.0,423.914831,291.949162,293.660936,1.711774,0.033594,8.1366,
0.6,4000.0,394.0,424.169832,291.539189,293.678674,2.139485,0.080412,19.5137,
0.6,4000.0,394.0,424.169832,291.539189,293.678674,2.139485,0.080412,19.5137,
0.6,5000.0,394.0,360.842178,,,,,,"PropertyRangeError: T_from_Ph(P, h, x): el motor teqp no cubre el estado pedido (ver TASK_CONTEXT 2026-09-18-validar-teqp-nh3h2o). Detalle: h=-11551.8 fuera de dominio a P=3.6084e+05 Pa, x=0.6134"
0.6,3000.0,423.0,601.650388,305.146136,304.442507,-0.703629,0.110359,87.2341,
0.6,3000.0,423.0,641.650388,306.955909,306.528976,-0.426933,0.106393,84.0802,
0.6,3000.0,423.0,681.650388,308.682348,308.520709,-0.161639,0.102569,81.0377,
0.6,3000.0,423.0,721.650388,309.767,310.42747,0.660471,0.09888,78.1022,
0.6,3000.0,423.0,761.650388,309.863635,312.257542,2.393907,0.095359,75.3018,
0.6,3000.0,423.0,601.650388,305.146136,304.442507,-0.703629,0.110359,87.2341,
0.6,3000.0,423.0,761.650388,309.863635,312.257542,2.393907,0.095359,75.3018,
0.6,3000.0,423.0,741.303532,309.815061,311.335755,1.520694,0.097129,76.7092,
0.6,3000.0,423.0,752.471907,309.841869,311.844003,2.002134,0.096152,75.9324,
0.6,3000.0,423.0,752.221907,309.841273,311.832688,1.991415,0.096174,75.9497,
0.6,3000.0,423.0,752.471907,309.841869,311.844003,2.002134,0.096152,75.9324,
0.6,4000.0,423.0,552.736559,301.98799,301.745133,-0.242857,0.123887,76.8879,
0.6,4000.0,423.0,592.736559,303.615972,303.963505,0.347533,0.11987,74.3771,
0.6,4000.0,423.0,632.736559,303.699609,306.072598,2.372989,0.116054,71.9919,
0.6,4000.0,423.0,552.736559,301.98799,301.745133,-0.242857,0.123887,76.8879,
0.6,4000.0,423.0,632.736559,303.699609,306.072598,2.372989,0.116054,71.9919,
0.6,4000.0,423.0,621.329496,303.676247,305.481525,1.805278,0.11712,72.658,
0.6,4000.0,423.0,625.242061,303.684303,305.685165,2.000862,0.116752,72.4283,
0.6,4000.0,423.0,624.992061,303.683789,305.672181,1.988392,0.116776,72.4429,
0.6,4000.0,423.0,625.242061,303.684303,305.685165,2.000862,0.116752,72.4283,
0.6,5000.0,423.0,516.513364,298.717683,299.629734,0.912051,0.121969,57.6139,
0.6,5000.0,423.0,556.513364,298.781589,301.959641,3.178052,0.118194,55.8202,
0.6,5000.0,423.0,516.513364,298.717683,299.629734,0.912051,0.121969,57.6139,
0.6,5000.0,423.0,556.513364,298.781589,301.959641,3.178052,0.118194,55.8202,
0.6,5000.0,423.0,535.718104,298.748891,300.764674,2.015783,0.120125,56.7378,
0.6,5000.0,423.0,535.443483,298.748452,300.748662,2.000211,0.120151,56.7501,
0.6,5000.0,423.0,535.193483,298.748052,300.734081,1.986029,0.120175,56.7614,
0.6,5000.0,423.0,535.443483,298.748452,300.748662,2.000211,0.120151,56.7501,
0.65,3000.0,394.0,617.141154,300.374188,300.227996,-0.146192,0.105294,58.2396,
0.65,3000.0,394.0,657.141154,301.678191,302.242792,0.564601,0.101452,56.1018,
0.65,3000.0,394.0,697.141154,301.749641,304.167951,2.41831,0.097785,54.0619,
0.65,3000.0,394.0,617.141154,300.374188,300.227996,-0.146192,0.105294,58.2396,
0.65,3000.0,394.0,697.141154,301.749641,304.167951,2.41831,0.097785,54.0619,
0.65,3000.0,394.0,684.091915,301.72673,303.549171,1.822441,0.098961,54.7159,
0.65,3000.0,394.0,687.98037,301.733597,303.73447,2.000873,0.098609,54.5199,
0.65,3000.0,394.0,687.73037,301.733156,303.72258,1.989424,0.098631,54.5324,
0.65,3000.0,394.0,687.98037,301.733597,303.73447,2.000873,0.098609,54.5199,
0.65,4000.0,394.0,565.081001,295.607665,297.45352,1.845855,0.103933,38.6801,
0.65,4000.0,394.0,605.081001,295.653759,299.601375,3.947616,0.10049,37.3931,
0.65,4000.0,394.0,565.081001,295.607665,297.45352,1.845855,0.103933,38.6801,
0.65,4000.0,394.0,605.081001,295.653759,299.601375,3.947616,0.10049,37.3931,
0.65,4000.0,394.0,568.014636,295.611143,297.614862,2.00372,0.103673,38.583,
0.65,4000.0,394.0,567.764636,295.610847,297.601138,1.990291,0.103695,38.5913,
0.65,4000.0,394.0,568.014636,295.611143,297.614862,2.00372,0.103673,38.583,
0.65,5000.0,394.0,449.959437,288.680884,290.553919,1.873035,0.009185,1.372,
0.65,5000.0,394.0,489.959437,288.688507,293.088654,4.400147,0.007841,1.1712,
0.65,5000.0,394.0,449.959437,288.680884,290.553919,1.873035,0.009185,1.372,
0.65,5000.0,394.0,489.959437,288.688507,293.088654,4.400147,0.007841,1.1712,
0.65,5000.0,394.0,451.969083,288.681285,290.685268,2.003983,0.009114,1.3614,
0.65,5000.0,394.0,451.719083,288.681235,290.668952,1.987717,0.009123,1.3627,
0.65,5000.0,394.0,451.969083,288.681285,290.685268,2.003983,0.009114,1.3614,
0.65,3000.0,423.0,704.200625,305.435081,304.499114,-0.935966,0.105756,94.2759,
0.65,3000.0,423.0,744.200625,307.072934,306.33029,-0.742643,0.102199,91.0893,
0.65,3000.0,423.0,784.200625,308.64591,308.089809,-0.556101,0.098756,88.0042,
0.65,3000.0,423.0,824.200625,310.159818,309.784107,-0.375711,0.095419,85.0128,
0.65,3000.0,423.0,864.200625,311.619691,311.41876,-0.200931,0.09218,82.1083,
0.65,3000.0,423.0,904.200625,313.029921,312.998634,-0.031287,0.089032,79.2848,
0.65,3000.0,423.0,944.200625,313.364553,314.528,1.163447,0.085983,76.5508,
0.65,3000.0,423.0,984.200625,313.454121,316.010632,2.556511,0.083047,73.9195,
0.65,3000.0,423.0,704.200625,305.435081,304.499114,-0.935966,0.105756,94.2759,
0.65,3000.0,423.0,984.200625,313.454121,316.010632,2.556511,0.083047,73.9195,
0.65,3000.0,423.0,939.583844,313.353998,314.353935,0.999937,0.086329,76.8609,
0.65,3000.0,423.0,968.2491,313.418799,315.424755,2.005956,0.084205,74.957,
0.65,3000.0,423.0,967.9991,313.418241,315.415517,1.997276,0.084223,74.9734,
0.65,3000.0,423.0,967.9991,313.418241,315.415517,1.997276,0.084223,74.9734,
0.65,4000.0,423.0,656.956175,302.751444,302.233689,-0.517755,0.123154,89.8406,
0.65,4000.0,423.0,696.956175,304.476755,304.159241,-0.317514,0.119563,87.205,
0.65,4000.0,423.0,736.956175,306.129044,306.004161,-0.124883,0.11608,84.6464,
0.65,4000.0,423.0,776.956175,307.224235,307.776153,0.551917,0.112701,82.1632,
0.65,4000.0,423.0,816.956175,307.306424,309.481826,2.175402,0.109462,79.7838,
0.65,4000.0,423.0,656.956175,302.751444,302.233689,-0.517755,0.123154,89.8406,
0.65,4000.0,423.0,816.956175,307.306424,309.481826,2.175402,0.109462,79.7838,
0.65,4000.0,423.0,806.535572,307.285362,309.043527,1.758165,0.110292,80.3934,
0.65,4000.0,423.0,812.575464,307.297599,309.298076,2.000477,0.10981,80.0392,
0.65,4000.0,423.0,812.325464,307.297094,309.287568,1.990474,0.10983,80.0538,
0.65,4000.0,423.0,812.575464,307.297599,309.298076,2.000477,0.10981,80.0392,
0.65,5000.0,423.0,622.723648,300.713179,300.514947,-0.198233,0.128589,76.0856,
0.65,5000.0,423.0,662.723648,302.445623,302.516632,0.071009,0.125052,73.9783,
0.65,5000.0,423.0,702.723648,302.516456,304.430034,1.913578,0.121659,71.9563,
0.65,5000.0,423.0,742.723648,302.583826,306.263992,3.680166,0.118433,70.0346,
0.65,5000.0,423.0,622.723648,300.713179,300.514947,-0.198233,0.128589,76.0856,
0.65,5000.0,423.0,742.723648,302.583826,306.263992,3.680166,0.118433,70.0346,
0.65,5000.0,423.0,690.7383,302.495612,303.865424,1.369812,0.122657,72.5512,
0.65,5000.0,423.0,704.91818,302.520239,304.532637,2.012398,0.121478,71.8484,
0.65,5000.0,423.0,704.644595,302.519768,304.519858,2.000091,0.1215,71.8618,
0.65,5000.0,423.0,704.394595,302.519337,304.508179,1.988841,0.121521,71.8741,
0.65,5000.0,423.0,704.644595,302.519768,304.519858,2.000091,0.1215,71.8618,
0.7,3000.0,394.0,708.092712,300.877788,300.514643,-0.363145,0.104061,68.3328,
0.7,3000.0,394.0,748.092712,302.535556,302.310869,-0.224687,0.100546,66.0131,
0.7,3000.0,394.0,788.092712,304.12783,304.036867,-0.090964,0.097116,63.7485,
0.7,3000.0,394.0,828.092712,305.228496,305.698916,0.47042,0.093772,61.5392,
0.7,3000.0,394.0,868.092712,305.302016,307.302461,2.000445,0.090552,59.413,
0.7,3000.0,394.0,708.092712,300.877788,300.514643,-0.363145,0.104061,68.3328,
0.7,3000.0,394.0,868.092712,305.302016,307.302461,2.000445,0.090552,59.413,
0.7,3000.0,394.0,867.842712,305.301565,307.29261,1.991045,0.090572,59.426,
0.7,3000.0,394.0,868.092712,305.302016,307.302461,2.000445,0.090552,59.413,
0.7,4000.0,394.0,675.74764,299.044807,299.005854,-0.038954,0.111606,55.221,
0.7,4000.0,394.0,715.74764,299.56146,300.864151,1.302691,0.108247,53.5492,
0.7,4000.0,394.0,755.74764,299.617582,302.646407,3.028824,0.105048,51.9575,
0.7,4000.0,394.0,675.74764,299.044807,299.005854,-0.038954,0.111606,55.221,
0.7,4000.0,394.0,755.74764,299.617582,302.646407,3.028824,0.105048,51.9575,
0.7,4000.0,394.0,728.918476,299.580237,301.459024,1.878787,0.107176,53.0165,
0.7,4000.0,394.0,731.746249,299.58423,301.585695,2.001465,0.106949,52.9032,
0.7,4000.0,394.0,731.496249,299.583877,301.574511,1.990633,0.106969,52.9132,
0.7,4000.0,394.0,731.746249,299.58423,301.585695,2.001465,0.106949,52.9032,
0.7,5000.0,394.0,598.125929,293.277182,295.15038,1.873197,0.091635,27.4122,
0.7,5000.0,394.0,638.125929,293.308392,297.18125,3.872858,0.088763,26.5505,
0.7,5000.0,394.0,598.125929,293.277182,295.15038,1.873197,0.091635,27.4122,
0.7,5000.0,394.0,638.125929,293.308392,297.18125,3.872858,0.088763,26.5505,
0.7,5000.0,394.0,600.662419,293.279218,295.28215,2.002932,0.091448,27.356,
0.7,5000.0,394.0,600.412419,293.279018,295.269181,1.990163,0.091466,27.3615,
0.7,5000.0,394.0,600.662419,293.279218,295.28215,2.002932,0.091448,27.356,
0.7,3000.0,423.0,784.859148,304.939037,303.899793,-1.039244,0.102702,101.3006,
0.7,3000.0,423.0,824.859148,306.473691,305.566799,-0.906892,0.099391,98.0228,
0.7,3000.0,423.0,864.859148,307.953448,307.174888,-0.778559,0.09618,94.8425,
0.7,3000.0,423.0,904.859148,309.382765,308.728864,-0.653901,0.093061,91.7528,
0.7,3000.0,423.0,944.859148,310.765558,310.232945,-0.532613,0.090029,88.7476,
0.7,3000.0,423.0,984.859148,312.105285,311.690858,-0.414428,0.087077,85.8215,
0.7,3000.0,423.0,1024.859148,313.405017,313.10591,-0.299107,0.0842,82.9695,
0.7,3000.0,423.0,1064.859148,314.667496,314.481055,-0.186441,0.081394,80.1872,
0.7,3000.0,423.0,1104.859148,315.895178,315.818939,-0.076239,0.078654,77.4705,
0.7,3000.0,423.0,1144.859148,316.766399,317.121943,0.355544,0.075978,74.8178,
0.7,3000.0,423.0,1184.859148,316.853037,318.392219,1.539183,0.073381,72.2434,
0.7,4000.0,423.0,743.205968,302.774572,302.095328,-0.679244,0.122436,101.8714,
0.7,4000.0,423.0,783.205968,304.373135,303.829551,-0.543585,0.11912,99.0985,
0.7,4000.0,423.0,823.205968,305.911421,305.499105,-0.412315,0.115898,96.4027,
0.7,4000.0,423.0,863.205968,307.394568,307.10953,-0.285038,0.112764,93.779,
0.7,4000.0,423.0,903.205968,308.827062,308.665655,-0.161407,0.109712,91.2227,
0.7,4000.0,423.0,943.205968,310.212839,310.171721,-0.041119,0.106737,88.7296,
0.7,4000.0,423.0,983.205968,310.738293,311.631473,0.89318,0.103844,86.3053,
0.7,4000.0,423.0,1023.205968,310.818099,313.048237,2.230138,0.101053,83.9671,
0.7,4000.0,423.0,743.205968,302.774572,302.095328,-0.679244,0.122436,101.8714,
0.7,4000.0,423.0,1023.205968,310.818099,313.048237,2.230138,0.101053,83.9671,
0.7,4000.0,423.0,1001.057402,310.774258,312.268882,1.494624,0.102586,85.2514,
0.7,4000.0,423.0,1016.275812,310.804472,312.805722,2.00125,0.10153,84.3662,
0.7,4000.0,423.0,1016.025812,310.803979,312.796951,1.992972,0.101547,84.3807,
0.7,4000.0,423.0,1016.275812,310.804472,312.805722,2.00125,0.10153,84.3662,
0.7,5000.0,423.0,713.7419,301.186781,300.772844,-0.413936,0.131771,92.8257,
0.7,5000.0,423.0,753.7419,302.834431,302.558735,-0.275696,0.128514,90.5179,
0.7,5000.0,423.0,793.7419,304.417485,304.275342,-0.142144,0.125339,88.2666,
0.7,5000.0,423.0,833.7419,305.941655,305.928815,-0.012839,0.122242,86.0684,
0.7,5000.0,423.0,873.7419,306.15851,307.524495,1.365985,0.119244,83.9401,
0.7,5000.0,423.0,913.7419,306.229167,309.067045,2.837878,0.116365,81.8972,
0.7,5000.0,423.0,713.7419,301.186781,300.772844,-0.413936,0.131771,92.8257,
0.7,5000.0,423.0,913.7419,306.229167,309.067045,2.837878,0.116365,81.8972,
0.7,5000.0,423.0,862.20894,306.13761,307.070067,0.932457,0.120096,84.5447,
0.7,5000.0,423.0,891.081116,306.18948,308.199431,2.009951,0.117982,83.0445,
0.7,5000.0,423.0,890.811268,306.189002,308.189002,2.0,0.118002,83.0583,
0.7,5000.0,423.0,890.811268,306.189002,308.189002,2.0,0.118002,83.0583,
0.75,3000.0,394.0,780.024938,300.768384,300.303432,-0.464953,0.102879,77.6121,
0.75,3000.0,394.0,820.024938,302.32843,301.95391,-0.37452,0.099578,75.1121,
0.75,3000.0,394.0,860.024938,303.832066,303.54541,-0.286656,0.096357,72.6715,
0.75,3000.0,394.0,900.024938,305.283898,305.082767,-0.201131,0.093211,70.2872,
0.75,3000.0,394.0,940.024938,306.687971,306.570224,-0.117746,0.090137,67.956,
0.75,3000.0,394.0,980.024938,308.047852,308.011528,-0.036325,0.087131,65.6752,
0.75,3000.0,394.0,1020.024938,308.692245,309.409999,0.717754,0.084195,63.4486,
0.75,3000.0,394.0,1060.024938,308.765931,310.768604,2.002673,0.081356,61.2955,
0.75,3000.0,394.0,780.024938,300.768384,300.303432,-0.464953,0.102879,77.6121,
0.75,3000.0,394.0,1060.024938,308.765931,310.768604,2.002673,0.081356,61.2955,
0.75,3000.0,394.0,1059.721634,308.765381,310.758446,1.993064,0.081377,61.3116,
0.75,3000.0,394.0,1060.024938,308.765931,310.768604,2.002673,0.081356,61.2955,
0.75,4000.0,394.0,754.219671,299.432724,299.204797,-0.227928,0.11551,70.5975,
0.75,4000.0,394.0,794.219671,301.03223,300.896217,-0.136013,0.11234,68.6505,
0.75,4000.0,394.0,834.219671,302.571974,302.52517,-0.046804,0.109236,66.7422,
0.75,4000.0,394.0,874.219671,303.404515,304.096936,0.692421,0.106204,64.8768,
0.75,4000.0,394.0,914.219671,303.467004,305.616127,2.149123,0.103285,63.0816,
0.75,4000.0,394.0,754.219671,299.432724,299.204797,-0.227928,0.11551,70.5975,
0.75,4000.0,394.0,914.219671,303.467004,305.616127,2.149123,0.103285,63.0816,
0.75,4000.0,394.0,904.182158,303.45155,305.239615,1.788065,0.104007,63.5254,
0.75,4000.0,394.0,910.07401,303.460639,305.460995,2.000355,0.103582,63.2644,
0.75,4000.0,394.0,909.82401,303.460255,305.451623,1.991368,0.1036,63.2754,
0.75,4000.0,394.0,910.07401,303.460639,305.460995,2.000355,0.103582,63.2644,
0.75,5000.0,394.0,729.605409,297.745678,298.130326,0.384648,0.111448,49.2387,
0.75,5000.0,394.0,769.605409,297.792783,299.863151,2.070368,0.108465,47.9137,
0.75,5000.0,394.0,729.605409,297.745678,298.130326,0.384648,0.111448,49.2387,
0.75,5000.0,394.0,769.605409,297.792783,299.863151,2.070368,0.108465,47.9137,
0.75,5000.0,394.0,767.935666,297.790861,299.792182,2.00132,0.108587,47.9677,
0.75,5000.0,394.0,767.685666,297.790573,299.781546,1.990973,0.108605,47.9758,
0.75,5000.0,394.0,767.935666,297.790861,299.792182,2.00132,0.108587,47.9677,
0.75,3000.0,423.0,841.813047,303.834885,302.827794,-1.007091,0.101204,108.8715,
0.75,3000.0,423.0,881.813047,305.308954,304.389243,-0.919711,0.098025,105.4434,
0.75,3000.0,423.0,921.813047,306.733532,305.898927,-0.834605,0.094938,102.1136,
0.75,3000.0,423.0,961.813047,308.112393,307.360808,-0.751584,0.091938,98.8755,
0.75,3000.0,423.0,1001.813047,309.448876,308.778393,-0.670482,0.089018,95.7232,
0.75,3000.0,423.0,1041.813047,310.745954,310.154803,-0.591151,0.086174,92.6513,
0.75,3000.0,423.0,1081.813047,312.006284,311.492826,-0.513458,0.0834,89.6552,
0.75,3000.0,423.0,1121.813047,313.232254,312.79497,-0.437284,0.080693,86.7303,
0.75,3000.0,423.0,1161.813047,314.426014,314.063491,-0.362523,0.078048,83.8727,
0.75,3000.0,423.0,1201.813047,315.589512,315.300433,-0.289079,0.075463,81.0788,
0.75,3000.0,423.0,1241.813047,316.724517,316.507653,-0.216863,0.072933,78.3452,
0.75,4000.0,423.0,544.02827,290.38802,289.0,-1.38802,0.146049,135.6097,
0.75,4000.0,423.0,584.02827,292.422091,291.147432,-1.274659,0.142095,131.9641,
0.75,4000.0,423.0,624.02827,294.352475,293.186191,-1.166284,0.138295,128.4515,
0.75,4000.0,423.0,664.02827,296.19082,295.128518,-1.062302,0.134634,125.0605,
0.75,4000.0,423.0,704.02827,297.946851,296.984632,-0.96222,0.1311,121.7814,
0.75,4000.0,423.0,744.02827,299.628774,298.763152,-0.865622,0.127683,118.6056,
0.75,4000.0,423.0,784.02827,301.243582,300.471425,-0.772156,0.124373,115.5255,
0.75,4000.0,423.0,824.02827,302.797286,302.115764,-0.681522,0.121162,112.5343,
0.75,4000.0,423.0,864.02827,304.295095,303.701638,-0.593457,0.118042,109.626,
0.75,4000.0,423.0,904.02827,305.741553,305.233818,-0.507734,0.115008,106.7952,
0.75,4000.0,423.0,944.02827,307.140651,306.716495,-0.424156,0.112054,104.037,
0.75,5000.0,423.0,785.177423,301.030311,300.519529,-0.510782,0.13399,108.6934,
0.75,5000.0,423.0,825.177423,302.582569,302.162115,-0.420453,0.130911,106.1849,
0.75,5000.0,423.0,865.177423,304.079055,303.746383,-0.332672,0.127911,103.738,
0.75,5000.0,423.0,905.177423,305.524298,305.277086,-0.247212,0.124985,101.3494,
0.75,5000.0,423.0,945.177423,306.922275,306.758397,-0.163877,0.122128,99.0156,
0.75,5000.0,423.0,985.177423,308.276498,308.194005,-0.082493,0.119336,96.7337,
0.75,5000.0,423.0,1025.177423,309.590087,309.587182,-0.002905,0.116605,94.501,
0.75,5000.0,423.0,1065.177423,309.709207,310.940851,1.231643,0.113951,92.3313,
0.75,5000.0,423.0,1105.177423,309.780972,312.257629,2.476657,0.111384,90.2334,
0.75,5000.0,423.0,785.177423,301.030311,300.519529,-0.510782,0.13399,108.6934,
0.75,5000.0,423.0,1105.177423,309.780972,312.257629,2.476657,0.111384,90.2334,
0.75,5000.0,423.0,1054.120233,309.688954,310.570452,0.881498,0.114676,92.9237,
0.75,5000.0,423.0,1089.920783,309.753872,311.759585,2.005713,0.112353,91.0254,
0.75,5000.0,423.0,1089.670783,309.753425,311.751381,1.997956,0.112369,91.0385,
0.75,5000.0,423.0,1089.670783,309.753425,311.751381,1.997956,0.112369,91.0385,
0.8,3000.0,394.0,834.507606,300.247801,299.781406,-0.466395,0.102078,86.446,
0.8,3000.0,394.0,874.507606,301.74052,301.330834,-0.409686,0.098908,83.7551,
0.8,3000.0,394.0,914.507606,303.182427,302.828169,-0.354258,0.095816,81.1285,
0.8,3000.0,394.0,954.507606,304.57743,304.277429,-0.300001,0.092797,78.5625,
0.8,3000.0,394.0,994.507606,305.928983,305.682165,-0.246818,0.089848,76.054,
0.8,3000.0,394.0,1034.507606,307.24016,307.045538,-0.194622,0.086963,73.5998,
0.8,3000.0,394.0,1074.507606,308.513704,308.370367,-0.143337,0.084139,71.1971,
0.8,3000.0,394.0,1114.507606,309.752079,309.659185,-0.092894,0.081373,68.8435,
0.8,3000.0,394.0,1154.507606,310.957501,310.914272,-0.04323,0.078663,66.5366,
0.8,3000.0,394.0,1194.507606,312.00453,312.13769,0.133159,0.076006,64.2747,
0.8,3000.0,394.0,1234.507606,312.079275,313.33131,1.252035,0.073416,62.0715,
0.8,4000.0,394.0,816.57474,299.371695,299.068664,-0.303031,0.117475,84.8009,
0.8,4000.0,394.0,856.57474,300.888276,300.642893,-0.245384,0.114453,82.6114,
0.8,4000.0,394.0,896.57474,302.352123,302.163055,-0.189069,0.111499,80.4693,
0.8,4000.0,394.0,936.57474,303.767372,303.633402,-0.133969,0.108608,78.3721,
0.8,4000.0,394.0,976.57474,305.137671,305.057687,-0.079984,0.105779,76.3173,
0.8,4000.0,394.0,1016.57474,306.466257,306.439236,-0.027021,0.103006,74.303,
0.8,4000.0,394.0,1056.57474,307.170586,307.781016,0.61043,0.100294,72.332,
0.8,4000.0,394.0,1096.57474,307.236324,309.085682,1.849358,0.097666,70.4236,
0.8,4000.0,394.0,1136.57474,307.300027,310.355624,3.055597,0.095122,68.576,
0.8,4000.0,394.0,816.57474,299.371695,299.068664,-0.303031,0.117475,84.8009,
0.8,4000.0,394.0,1136.57474,307.300027,310.355624,3.055597,0.095122,68.576,
0.8,4000.0,394.0,1036.000625,307.097308,307.095664,-0.001645,0.101679,73.3387,
0.8,4000.0,394.0,1101.848757,307.244837,309.255063,2.010226,0.097326,70.1766,
0.8,4000.0,394.0,1101.510788,307.244293,309.244227,1.999934,0.097348,70.1924,
0.8,4000.0,394.0,1101.510788,307.244293,309.244227,1.999934,0.097348,70.1924,
0.8,5000.0,394.0,798.888911,298.493778,298.354153,-0.139625,0.121517,70.2498,
0.8,5000.0,394.0,838.888911,300.034901,299.953794,-0.081106,0.118586,68.5468,
0.8,5000.0,394.0,878.888911,301.521276,301.497305,-0.023971,0.115709,66.8738,
0.8,5000.0,394.0,918.888911,302.172103,302.989187,0.817084,0.112897,65.2379,
0.8,5000.0,394.0,958.888911,302.227305,304.433404,2.2061,0.110192,63.6638,
0.8,5000.0,394.0,798.888911,298.493778,298.354153,-0.139625,0.121517,70.2498,
0.8,5000.0,394.0,958.888911,302.227305,304.433404,2.2061,0.110192,63.6638,
0.8,5000.0,394.0,944.830997,302.208142,303.931041,1.722899,0.111131,64.21,
0.8,5000.0,394.0,952.892781,302.219162,304.219806,2.000644,0.110591,63.8959,
0.8,5000.0,394.0,952.642781,302.218822,304.210879,1.992057,0.110607,63.9056,
0.8,5000.0,394.0,952.892781,302.219162,304.219806,2.000644,0.110591,63.8959,
0.8,3000.0,423.0,592.935448,290.308789,288.999999,-1.308789,0.126675,146.8674,
0.8,3000.0,423.0,632.935448,,,,,,"PropertyRangeError: T_from_Ph(P, h, x): el motor teqp no cubre el estado pedido (ver TASK_CONTEXT 2026-09-18-validar-teqp-nh3h2o). Detalle: equilibrio no resoluble en T=494.55 K, P=3e+06 Pa, x=0.8088"
0.8,4000.0,423.0,592.935458,,,,,,"PropertyRangeError: T_from_Ph(P, h, x): el motor teqp no cubre el estado pedido (ver TASK_CONTEXT 2026-09-18-validar-teqp-nh3h2o). Detalle: equilibrio no resoluble en T=495.67 K, P=4e+06 Pa, x=0.8088"
0.8,5000.0,423.0,838.7758,300.453794,299.949352,-0.504442,0.13599,124.0917,
0.8,5000.0,423.0,878.7758,301.940849,301.493015,-0.447835,0.133017,121.371,
0.8,5000.0,423.0,918.7758,303.377536,302.985037,-0.392499,0.13012,118.7178,
0.8,5000.0,423.0,958.7758,304.767709,304.429384,-0.338325,0.127296,116.1281,
0.8,5000.0,423.0,998.7758,306.114781,305.829563,-0.285218,0.124539,113.5984,
0.8,5000.0,423.0,1038.7758,307.421785,307.188694,-0.233091,0.121845,111.1253,
0.8,5000.0,423.0,1078.7758,308.691434,308.509565,-0.181869,0.119211,108.7059,
0.8,5000.0,423.0,1118.7758,309.926163,309.794678,-0.131484,0.116634,106.3373,
0.8,5000.0,423.0,1158.7758,311.128165,311.046291,-0.081874,0.11411,104.0171,
0.8,5000.0,423.0,1198.7758,312.327385,312.266444,-0.060941,0.090344,82.1675,
0.8,5000.0,423.0,1238.7758,313.105927,313.456988,0.351061,0.109215,99.5147,
