T_fuente,T_sumidero,P_alta,P_baja,x_b,m_b,eta_t,eta_p,eps_hrvg,eps_reg,eps_cond,T_sat_L,T9_amb,O2_margen,pinch_K,convergio,clasificacion,eta,Wnet,mensaje
394.15,278.15,3300.0,530.0,0.82,1.0,0.9,0.8,0.85,0.95,0.95,284.77077086682704,284.96147054427274,-0.19069967744570704,3.6207708668270584,True,CORREGIBLE,0.15203699627055625,136.2184920796496,"[CORREGIBLE] O2: succión de la bomba bifásica bajo el peor caso de T_amb (riesgo de cavitación) (medido=284.96147054427274, esperado=<= 284.771 K). Causa probable: subenfriamiento insuficiente a la salida del condensador bajo el peor caso ambiental. Sugerencia: aumentar eps_cond o el margen de suben"
394.15,278.15,3300.0,470.0,0.82,1.0,0.9,0.8,0.85,0.95,0.95,281.2984036263936,283.43046810459725,-2.132064478203631,0.14840362639364457,True,CORREGIBLE,0.1605957976138115,143.8945356789764,"[CORREGIBLE] O2: succión de la bomba bifásica bajo el peor caso de T_amb (riesgo de cavitación) (medido=283.43046810459725, esperado=<= 281.298 K). Causa probable: subenfriamiento insuficiente a la salida del condensador bajo el peor caso ambiental. Sugerencia: aumentar eps_cond o el margen de suben"
394.15,278.15,3300.0,490.0,0.82,1.0,0.9,0.8,0.85,0.95,0.95,282.4917937545449,283.4031220837793,-0.9113283292343795,1.3417937545449377,True,CORREGIBLE,0.1576691590017141,141.27189995826978,"[CORREGIBLE] O2: succión de la bomba bifásica bajo el peor caso de T_amb (riesgo de cavitación) (medido=283.4031220837793, esperado=<= 282.492 K). Causa probable: subenfriamiento insuficiente a la salida del condensador bajo el peor caso ambiental. Sugerencia: aumentar eps_cond o el margen de subenf"
394.15,278.15,3300.0,510.0,0.82,1.0,0.9,0.8,0.85,0.95,0.95,283.6483947482522,283.88848298040705,-0.24008823215484654,2.498394748252224,True,CORREGIBLE,0.09064054695575444,81.06698906014343,"[CORREGIBLE] O2: succión de la bomba bifásica bajo el peor caso de T_amb (riesgo de cavitación) (medido=283.88848298040705, esperado=<= 283.648 K). Causa probable: subenfriamiento insuficiente a la salida del condensador bajo el peor caso ambiental. Sugerencia: aumentar eps_cond o el margen de suben"
394.15,278.15,3300.0,550.0,0.82,1.0,0.9,0.8,0.85,0.95,0.95,285.86121711774945,286.02186958016375,-0.16065246241430486,4.71121711774947,True,CORREGIBLE,0.1493222886667793,133.78013095391952,"[CORREGIBLE] O2: succión de la bomba bifásica bajo el peor caso de T_amb (riesgo de cavitación) (medido=286.02186958016375, esperado=<= 285.861 K). Causa probable: subenfriamiento insuficiente a la salida del condensador bajo el peor caso ambiental. Sugerencia: aumentar eps_cond o el margen de suben"
394.15,278.15,3300.0,570.0,0.82,1.0,0.9,0.8,0.85,0.95,0.95,286.9217970840343,287.0529774933304,-0.13118040929606423,5.771797084034347,True,CORREGIBLE,0.14667021319212378,131.39661527198766,"[CORREGIBLE] O2: succión de la bomba bifásica bajo el peor caso de T_amb (riesgo de cavitación) (medido=287.0529774933304, esperado=<= 286.922 K). Causa probable: subenfriamiento insuficiente a la salida del condensador bajo el peor caso ambiental. Sugerencia: aumentar eps_cond o el margen de subenf"
394.15,278.15,3300.0,590.0,0.82,1.0,0.9,0.8,0.85,0.95,0.95,287.9543734440056,288.05661720469556,-0.10224376068993024,6.804373444005648,True,CORREGIBLE,0.14409071230813286,129.0781256990506,"[CORREGIBLE] O2: succión de la bomba bifásica bajo el peor caso de T_amb (riesgo de cavitación) (medido=288.05661720469556, esperado=<= 287.954 K). Causa probable: subenfriamiento insuficiente a la salida del condensador bajo el peor caso ambiental. Sugerencia: aumentar eps_cond o el margen de suben"
394.15,278.15,3300.0,610.0,0.82,1.0,0.9,0.8,0.85,0.95,0.95,,,,,False,NO_CONVERGIO,,,"evaluador O2 fuera de dominio: T_from_Ph(P, h, x): el motor teqp no cubre el estado pedido (ver TASK_CONTEXT 2026-09-18-validar-teqp-nh3h2o). Detalle: h=-1.66484e+13 fuera de dominio a P=6.1e+05 Pa, x=0.8281"
394.15,278.15,3300.0,630.0,0.82,1.0,0.9,0.8,0.85,0.95,0.95,289.94211121125534,289.98795459926106,-0.04584338800572141,8.79211121125536,True,CORREGIBLE,0.139150587619247,124.63876888158805,"[CORREGIBLE] O2: succión de la bomba bifásica bajo el peor caso de T_amb (riesgo de cavitación) (medido=289.98795459926106, esperado=<= 289.942 K). Causa probable: subenfriamiento insuficiente a la salida del condensador bajo el peor caso ambiental. Sugerencia: aumentar eps_cond o el margen de suben"
394.15,278.15,3300.0,670.0,0.82,1.0,0.9,0.8,0.85,0.95,0.95,291.836195130963,291.54098063501704,0.29521449594597016,10.686195130963029,True,KALINA,0.13447412922259924,120.43742368566527,"KALINA: régimen Kalina genuino y admisible, sin fallas."
394.15,278.15,3300.0,650.0,0.82,1.0,0.9,0.8,0.85,0.95,0.95,290.90020544573144,290.91852598499815,-0.01832053926671051,9.750205445731467,True,CORREGIBLE,0.1367813217423953,122.51008308587429,"[CORREGIBLE] O2: succión de la bomba bifásica bajo el peor caso de T_amb (riesgo de cavitación) (medido=290.91852598499815, esperado=<= 290.900 K). Causa probable: subenfriamiento insuficiente a la salida del condensador bajo el peor caso ambiental. Sugerencia: aumentar eps_cond o el margen de suben"
394.15,278.15,3300.0,690.0,0.82,1.0,0.9,0.8,0.85,0.95,0.95,292.751253251599,291.5630782857162,1.1881749658828085,11.601253251599019,True,KALINA,0.13222557348680503,118.4176852193223,"KALINA: régimen Kalina genuino y admisible, sin fallas."
394.15,278.15,3300.0,710.0,0.82,1.0,0.9,0.8,0.85,0.95,0.95,293.6464584810879,291.5846360974284,2.0618223836594893,12.496458481087927,True,KALINA,0.13003252544692298,116.44802942789872,"KALINA: régimen Kalina genuino y admisible, sin fallas."
394.15,278.15,3300.0,750.0,0.82,1.0,0.9,0.8,0.85,0.95,0.95,295.38121153607216,291.6262425504255,3.7549689856466557,14.23121153607218,True,KALINA,0.12580157352280955,112.64869864275403,"KALINA: régimen Kalina genuino y admisible, sin fallas."
394.15,278.15,3300.0,730.0,0.82,1.0,0.9,0.8,0.85,0.95,0.95,294.52280505808784,291.60568218138155,2.917122876706287,13.372805058087863,True,KALINA,0.127892077847869,114.52583578092526,"KALINA: régimen Kalina genuino y admisible, sin fallas."
394.15,278.15,3300.0,770.0,0.82,1.0,0.9,0.8,0.85,0.95,0.95,296.2225283932798,291.6463411828598,4.57618721041996,15.07252839327981,True,KALINA,0.1237585536770722,110.81439518977238,"KALINA: régimen Kalina genuino y admisible, sin fallas."
394.15,278.15,3300.0,790.0,0.82,1.0,0.9,0.8,0.85,0.95,0.95,297.04754473227706,291.6660002644375,5.3815444678395465,15.897544732277083,True,KALINA,0.1217607438313962,109.02086912748167,"KALINA: régimen Kalina genuino y admisible, sin fallas."
394.15,278.15,3300.0,810.0,0.82,1.0,0.9,0.8,0.85,0.95,0.95,297.856994137552,291.69622144511777,6.16077269243425,16.706994137552044,True,KALINA,0.1198060350575779,107.26621406656903,"KALINA: régimen Kalina genuino y admisible, sin fallas."
394.15,278.15,3300.0,830.0,0.82,1.0,0.9,0.8,0.85,0.95,0.95,298.65155983883767,291.7040805641053,6.947479274732359,17.501559838837693,True,KALINA,0.1178924696995605,105.54866050435774,"KALINA: régimen Kalina genuino y admisible, sin fallas."
394.15,278.15,3300.0,870.0,0.82,1.0,0.9,0.8,0.85,0.95,0.95,300.1985485345592,291.74063117957417,8.457917354985057,19.048548534559245,True,KALINA,0.11418160016675376,102.21837853194779,"KALINA: régimen Kalina genuino y admisible, sin fallas."
394.15,278.15,3300.0,850.0,0.82,1.0,0.9,0.8,0.85,0.95,0.95,299.43187954075233,291.72253865019434,7.709340890557996,18.281879540752357,True,KALINA,0.11601822427403295,103.8665603611194,"KALINA: régimen Kalina genuino y admisible, sin fallas."
394.15,278.15,3300.0,890.0,0.82,1.0,0.9,0.8,0.85,0.95,0.95,300.9521249309207,291.75837361588214,9.193751315038583,19.80212493092074,True,KALINA,0.11238101099872769,100.60268145815722,"KALINA: régimen Kalina genuino y admisible, sin fallas."
394.15,278.15,3300.0,910.0,0.82,1.0,0.9,0.8,0.85,0.95,0.95,301.6931315706382,291.7757804199668,9.91735115067138,20.543131570638195,True,KALINA,0.11061497310440276,99.0181285035655,"KALINA: régimen Kalina genuino y admisible, sin fallas."
394.15,278.15,3300.0,950.0,0.82,1.0,0.9,0.8,0.85,0.95,0.95,303.1393699594472,291.8096404720922,11.329729487354996,21.98936995944723,True,KALINA,0.10718107772951867,95.93750966229254,"KALINA: régimen Kalina genuino y admisible, sin fallas."
394.15,278.15,3300.0,970.0,0.82,1.0,0.9,0.8,0.85,0.95,0.95,303.84549788425863,291.8261183429644,12.019379541294256,22.695497884258657,True,KALINA,0.10551069332232285,94.43916086805679,"KALINA: régimen Kalina genuino y admisible, sin fallas."
394.15,278.15,3300.0,930.0,0.82,1.0,0.9,0.8,0.85,0.95,0.95,302.42205938228034,291.79286513666483,10.629194245615508,21.27205938228036,True,KALINA,0.10888209665146151,97.46346391534905,"KALINA: régimen Kalina genuino y admisible, sin fallas."
394.15,278.15,3300.0,990.0,0.82,1.0,0.9,0.8,0.85,0.95,0.95,304.54085283430317,291.8423099953902,12.698542838912942,23.39085283430319,True,KALINA,0.10386978909678832,92.96737480190298,"KALINA: régimen Kalina genuino y admisible, sin fallas."
394.15,278.15,3300.0,1010.0,0.82,1.0,0.9,0.8,0.85,0.95,0.95,305.22582148016465,291.8582259933473,13.367595486817379,24.075821480164677,True,KALINA,0.10225728064220405,91.52117194893587,"KALINA: régimen Kalina genuino y admisible, sin fallas."
394.15,278.15,3300.0,1030.0,0.82,1.0,0.9,0.8,0.85,0.95,0.95,305.90076920775743,291.8738763070102,14.026892900747214,24.750769207757457,True,KALINA,0.10067214439648148,90.09962782643895,"KALINA: régimen Kalina genuino y admisible, sin fallas."
394.15,278.15,3300.0,1050.0,0.82,1.0,0.9,0.8,0.85,0.95,0.95,306.5660416674406,291.889270350361,14.676771317079556,25.416041667440595,True,KALINA,0.09911341380105648,88.70186949808306,"KALINA: régimen Kalina genuino y admisible, sin fallas."
394.15,278.15,3300.0,1070.0,0.82,1.0,0.9,0.8,0.85,0.95,0.95,307.2219661740384,291.90441702271835,15.317549151320065,26.071966174038437,True,KALINA,0.09758017504968423,87.327071726947,"KALINA: régimen Kalina genuino y admisible, sin fallas."
394.15,278.15,3300.0,1090.0,0.82,1.0,0.9,0.8,0.85,0.95,0.95,307.868853256236,291.9193247464056,15.949528509830373,26.718853256236002,True,KALINA,0.0960715632305076,85.97445348461093,"KALINA: régimen Kalina genuino y admisible, sin fallas."
394.15,278.15,3300.0,1110.0,0.82,1.0,0.9,0.8,0.85,0.95,0.95,308.50699729423303,291.9340015002133,16.572995794019732,27.356997294233054,True,KALINA,0.09458675890154113,84.6432748519322,"KALINA: régimen Kalina genuino y admisible, sin fallas."
394.15,278.15,3300.0,1130.0,0.82,1.0,0.9,0.8,0.85,0.95,0.95,309.1366780711813,291.9484548526283,17.18822321855299,27.986678071181302,True,KALINA,0.09312498468344559,83.33283393789198,"KALINA: régimen Kalina genuino y admisible, sin fallas."
394.15,278.15,3300.0,1150.0,0.82,1.0,0.9,0.8,0.85,0.95,0.95,309.75816160058116,291.9626919889538,17.795469611627368,28.608161600581184,True,KALINA,0.09168550248630705,82.04246436950851,"KALINA: régimen Kalina genuino y admisible, sin fallas."
394.15,278.15,3300.0,1170.0,0.82,1.0,0.9,0.8,0.85,0.95,0.95,310.3717010307322,291.97671973694895,18.394981293783246,29.22170103073222,True,KALINA,0.0902676108811322,80.7715329136338,"KALINA: régimen Kalina genuino y admisible, sin fallas."
394.15,278.15,3300.0,1190.0,0.82,1.0,0.9,0.8,0.85,0.95,0.95,310.97753748283105,291.99054459160897,18.986992891222087,29.827537482831076,True,KALINA,0.08887064256239519,79.51943718215122,"KALINA: régimen Kalina genuino y admisible, sin fallas."
394.15,278.15,3300.0,670.0,0.82,1.0,0.9,0.8,0.85,0.75,0.8,291.836195130963,292.81675302773453,-0.9805578967715292,10.686195130963029,True,CORREGIBLE,0.13871599800366588,116.01056173069922,"[CORREGIBLE] O2: succión de la bomba bifásica bajo el peor caso de T_amb (riesgo de cavitación) (medido=292.81675302773453, esperado=<= 291.836 K). Causa probable: subenfriamiento insuficiente a la salida del condensador bajo el peor caso ambiental. Sugerencia: aumentar eps_cond o el margen de suben"
394.15,278.15,3300.0,650.0,0.82,1.0,0.9,0.8,0.85,0.75,0.8,290.90020544573144,291.90673758549457,-1.0065321397631237,9.750205445731467,True,CORREGIBLE,0.1406961827163492,117.66197642992432,"[CORREGIBLE] O2: succión de la bomba bifásica bajo el peor caso de T_amb (riesgo de cavitación) (medido=291.90673758549457, esperado=<= 290.900 K). Causa probable: subenfriamiento insuficiente a la salida del condensador bajo el peor caso ambiental. Sugerencia: aumentar eps_cond o el margen de suben"
394.15,278.15,3300.0,630.0,0.82,1.0,0.9,0.8,0.85,0.75,0.8,289.94211121125534,290.9750502573677,-1.0329390461123467,8.79211121125536,True,CORREGIBLE,0.14271126131247444,119.34068313808964,"[CORREGIBLE] O2: succión de la bomba bifásica bajo el peor caso de T_amb (riesgo de cavitación) (medido=290.9750502573677, esperado=<= 289.942 K). Causa probable: subenfriamiento insuficiente a la salida del condensador bajo el peor caso ambiental. Sugerencia: aumentar eps_cond o el margen de subenf"
