P_baja,eps_reg,T_fuente,T_sumidero,P_alta,x_b,m_b,eta_t,eta_p,eps_hrvg,eps_cond,convergio,clasificacion,eta,Wnet,mensaje,margen_O1,margen_O2,margen_S5,criterio_ligante,margen_ligante,spot_check,motor_confirmado,motor_real_clasificacion,motor_real_eta
600.0,0.75,394.15,278.15,3300.0,0.82,1.0,0.9,0.8,0.85,0.95,True,CORREGIBLE,0.1375268677292779,127.0486533415588,"[CORREGIBLE] O2: succión de la bomba bifásica bajo el peor caso de T_amb (riesgo de cavitación) (medido=288.5582441542823, esperado=<= 288.461 K). Causa probable: subenfriamiento insuficiente a la salida del condensador bajo el peor caso ambiental. Sugerencia: aumentar eps_cond o el margen de subenf",-0.9,-0.0975503313191552,14.037109514602207,O2,-0.0975503313191552,True,,,
600.0,0.79,394.15,278.15,3300.0,0.82,1.0,0.9,0.8,0.85,0.95,True,CORREGIBLE,0.1385616464053047,127.22778930229376,"[CORREGIBLE] O2: succión de la bomba bifásica bajo el peor caso de T_amb (riesgo de cavitación) (medido=288.5563242266778, esperado=<= 288.461 K). Causa probable: subenfriamiento insuficiente a la salida del condensador bajo el peor caso ambiental. Sugerencia: aumentar eps_cond o el margen de subenf",0.0413461172583566,-0.0956304037146651,13.957563022830756,O2,-0.0956304037146651,True,,,
600.0,0.83,394.15,278.15,3300.0,0.82,1.0,0.9,0.8,0.85,0.95,True,CORREGIBLE,0.1396090389586248,127.40692932325138,"[CORREGIBLE] O2: succión de la bomba bifásica bajo el peor caso de T_amb (riesgo de cavitación) (medido=288.55440575126227, esperado=<= 288.461 K). Causa probable: subenfriamiento insuficiente a la salida del condensador bajo el peor caso ambiental. Sugerencia: aumentar eps_cond o el margen de suben",0.0413506609579745,-0.0937119282991147,13.877918977630031,O2,-0.0937119282991147,True,,,
600.0,0.87,394.15,278.15,3300.0,0.82,1.0,0.9,0.8,0.85,0.95,True,CORREGIBLE,0.1406692708116721,127.58607217674655,"[CORREGIBLE] O2: succión de la bomba bifásica bajo el peor caso de T_amb (riesgo de cavitación) (medido=288.55248874851003, esperado=<= 288.461 K). Causa probable: subenfriamiento insuficiente a la salida del condensador bajo el peor caso ambiental. Sugerencia: aumentar eps_cond o el margen de suben",0.041354321292108,-0.0917949255468784,13.798178486643792,O2,-0.0917949255468784,True,,,
600.0,0.91,394.15,278.15,3300.0,0.82,1.0,0.9,0.8,0.85,0.95,True,CORREGIBLE,0.1417425725764142,127.76521646848136,"[CORREGIBLE] O2: succión de la bomba bifásica bajo el peor caso de T_amb (riesgo de cavitación) (medido=288.5505732164464, esperado=<= 288.461 K). Causa probable: subenfriamiento insuficiente a la salida del condensador bajo el peor caso ambiental. Sugerencia: aumentar eps_cond o el margen de subenf",0.0413571012352982,-0.0898793934832724,13.718342665234047,O2,-0.0898793934832724,True,,,
600.0,0.95,394.15,278.15,3300.0,0.82,1.0,0.9,0.8,0.85,0.95,True,CORREGIBLE,0.1428291804936609,127.94436089438436,"[CORREGIBLE] O2: succión de la bomba bifásica bajo el peor caso de T_amb (riesgo de cavitación) (medido=288.54865914273495, esperado=<= 288.461 K). Causa probable: subenfriamiento insuficiente a la salida del condensador bajo el peor caso ambiental. Sugerencia: aumentar eps_cond o el margen de suben",0.041359003831084,-0.0879653197717971,13.638412636532394,O2,-0.0879653197717971,True,,,
640.0,0.75,394.15,278.15,3300.0,0.82,1.0,0.9,0.8,0.85,0.95,True,CORREGIBLE,0.1328372159576933,122.70186073022214,"[CORREGIBLE] O2: succión de la bomba bifásica bajo el peor caso de T_amb (riesgo de cavitación) (medido=290.46557589347753, esperado=<= 290.424 K). Causa probable: subenfriamiento insuficiente a la salida del condensador bajo el peor caso ambiental. Sugerencia: aumentar eps_cond o el margen de suben",0.0432098385936232,-0.0415769668658185,14.035567393081976,O2,-0.0415769668658185,True,,,
640.0,0.79,394.15,278.15,3300.0,0.82,1.0,0.9,0.8,0.85,0.95,True,CORREGIBLE,0.1338365782908225,122.87493569525422,"[CORREGIBLE] O2: succión de la bomba bifásica bajo el peor caso de T_amb (riesgo de cavitación) (medido=290.46366322560334, esperado=<= 290.424 K). Causa probable: subenfriamiento insuficiente a la salida del condensador bajo el peor caso ambiental. Sugerencia: aumentar eps_cond o el margen de suben",0.0432078886997695,-0.0396642989916244,13.956048100040448,O2,-0.0396642989916244,True,True,CORREGIBLE,0.1338131021252536
640.0,0.83,394.15,278.15,3300.0,0.82,1.0,0.9,0.8,0.85,0.95,True,CORREGIBLE,0.13484811476269,123.0480101713751,"[CORREGIBLE] O2: succión de la bomba bifásica bajo el peor caso de T_amb (riesgo de cavitación) (medido=290.4617520002372, esperado=<= 290.424 K). Causa probable: subenfriamiento insuficiente a la salida del condensador bajo el peor caso ambiental. Sugerencia: aumentar eps_cond o el margen de subenf",0.0432051106782446,-0.0377530736254811,13.87643134944318,O2,-0.0377530736254811,True,True,CORREGIBLE,0.13482465875757696
640.0,0.87,394.15,278.15,3300.0,0.82,1.0,0.9,0.8,0.85,0.95,True,CORREGIBLE,0.1358720427705665,123.2210828756836,"[CORREGIBLE] O2: succión de la bomba bifásica bajo el peor caso de T_amb (riesgo de cavitación) (medido=290.4598421513382, esperado=<= 290.424 K). Causa probable: subenfriamiento insuficiente a la salida del condensador bajo el peor caso ambiental. Sugerencia: aumentar eps_cond o el margen de subenf",0.043201508154861,-0.0358432247264772,13.79671824773601,O2,-0.0358432247264772,True,True,CORREGIBLE,0.13584860970752152
640.0,0.91,394.15,278.15,3300.0,0.82,1.0,0.9,0.8,0.85,0.95,True,CORREGIBLE,0.1369085848784999,123.3941525125202,"[CORREGIBLE] O2: succión de la bomba bifásica bajo el peor caso de T_amb (riesgo de cavitación) (medido=290.45793385707276, esperado=<= 290.424 K). Causa probable: subenfriamiento insuficiente a la salida del condensador bajo el peor caso ambiental. Sugerencia: aumentar eps_cond o el margen de suben",0.0431970848750751,-0.0339349304610436,13.716909909072283,O2,-0.0339349304610436,True,True,CORREGIBLE,0.13688517457499508
640.0,0.95,394.15,278.15,3300.0,0.82,1.0,0.9,0.8,0.85,0.95,True,CORREGIBLE,0.137957968970903,123.567217773812,"[CORREGIBLE] O2: succión de la bomba bifásica bajo el peor caso de T_amb (riesgo de cavitación) (medido=290.45602706728863, esperado=<= 290.424 K). Causa probable: subenfriamiento insuficiente a la salida del condensador bajo el peor caso ambiental. Sugerencia: aumentar eps_cond o el margen de suben",0.0431918447001876,-0.032028140676914,13.637007455417404,O2,-0.032028140676914,True,True,CORREGIBLE,0.13793458072112497
680.0,0.75,394.15,278.15,3300.0,0.82,1.0,0.9,0.8,0.85,0.95,True,KALINA,0.1283941110397515,118.58470003833628,"KALINA: régimen Kalina genuino y admisible, sin fallas.",0.0449230424432737,0.4242704014312153,14.034124973650194,O2,0.4242704014312153,True,,,
680.0,0.79,394.15,278.15,3300.0,0.82,1.0,0.9,0.8,0.85,0.95,True,KALINA,0.1293598942065094,118.75199661501618,"KALINA: régimen Kalina genuino y admisible, sin fallas.",0.0449146729058546,0.4882576907388056,13.954631068882463,O2,0.4882576907388056,True,,,
680.0,0.83,394.15,278.15,3300.0,0.82,1.0,0.9,0.8,0.85,0.95,True,KALINA,0.1303374353173047,118.9192888516774,"KALINA: régimen Kalina genuino y admisible, sin fallas.",0.0449055361985474,0.5522418882704301,13.875039798451326,O2,0.5522418882704301,True,,,
680.0,0.87,394.15,278.15,3300.0,0.82,1.0,0.9,0.8,0.85,0.95,True,KALINA,0.1313269441346318,119.08657537350338,"KALINA: régimen Kalina genuino y admisible, sin fallas.",0.0448956365989825,0.6162226353342817,13.795352267602937,O2,0.6162226353342817,True,,,
680.0,0.91,394.15,278.15,3300.0,0.82,1.0,0.9,0.8,0.85,0.95,True,KALINA,0.1323286328734572,119.25385250357364,"KALINA: régimen Kalina genuino y admisible, sin fallas.",0.0448849799409057,0.6801995464314246,13.715569588444623,O2,0.6801995464314246,True,,,
680.0,0.95,394.15,278.15,3300.0,0.82,1.0,0.9,0.8,0.85,0.95,True,KALINA,0.1333427260902227,119.42112309088266,"KALINA: régimen Kalina genuino y admisible, sin fallas.",0.0448735679692524,0.7441723044364608,13.635692883441664,O2,0.7441723044364608,True,,,
720.0,0.75,394.15,278.15,3300.0,0.82,1.0,0.9,0.8,0.85,0.95,True,KALINA,0.1241709922722876,114.67237903130923,"KALINA: régimen Kalina genuino y admisible, sin fallas.",0.0465037950511828,2.172213788690385,14.032771493374526,O2,2.172213788690385,False,,,
720.0,0.79,394.15,278.15,3300.0,0.82,1.0,0.9,0.8,0.85,0.95,True,KALINA,0.1251048390967578,114.8341533477041,"KALINA: régimen Kalina genuino y admisible, sin fallas.",0.0464899052267012,2.236119775871032,13.953301363713422,O2,2.236119775871032,False,,,
720.0,0.83,394.15,278.15,3300.0,0.82,1.0,0.9,0.8,0.85,0.95,True,KALINA,0.1260500471830827,114.9959186952134,"KALINA: régimen Kalina genuino y admisible, sin fallas.",0.0464753104989956,2.300022600198531,13.87373395601776,O2,2.300022600198531,False,,,
720.0,0.87,394.15,278.15,3300.0,0.82,1.0,0.9,0.8,0.85,0.95,True,KALINA,0.1270068222442066,115.15767654575552,"KALINA: régimen Kalina genuino y admisible, sin fallas.",0.0464600137392169,2.3639219340126942,13.794070375703257,O2,2.3639219340126942,False,,,
720.0,0.91,394.15,278.15,3300.0,0.82,1.0,0.9,0.8,0.85,0.95,True,KALINA,0.1279753675411507,115.31942171910516,"KALINA: régimen Kalina genuino y admisible, sin fallas.",0.046444022013149,2.4278173760401387,13.71431173315358,O2,2.4278173760401387,False,,,
720.0,0.95,394.15,278.15,3300.0,0.82,1.0,0.9,0.8,0.85,0.95,True,KALINA,0.1289558976779891,115.48115485802316,"KALINA: régimen Kalina genuino y admisible, sin fallas.",0.046427338840986,2.491708585739275,13.634459148843462,O2,2.491708585739275,False,,,
760.0,0.75,394.15,278.15,3300.0,0.82,1.0,0.9,0.8,0.85,0.95,True,KALINA,0.1201454900587042,110.94402197282275,"KALINA: régimen Kalina genuino y admisible, sin fallas.",0.047971930547041,3.848499833070548,14.0314978890205,O1,0.047971930547041,False,,,
760.0,0.79,394.15,278.15,3300.0,0.82,1.0,0.9,0.8,0.85,0.95,True,KALINA,0.1210488804272571,111.10050848524334,"KALINA: régimen Kalina genuino y admisible, sin fallas.",0.0479533458158056,3.912328474866968,13.952050087642249,O1,0.0479533458158056,False,,,
760.0,0.83,394.15,278.15,3300.0,0.82,1.0,0.9,0.8,0.85,0.95,True,KALINA,0.1219632565300142,111.2569839830188,"KALINA: régimen Kalina genuino y admisible, sin fallas.",0.0479341157747599,3.976153910052688,13.872505093348764,O1,0.0479341157747599,False,,,
760.0,0.87,394.15,278.15,3300.0,0.82,1.0,0.9,0.8,0.85,0.95,True,KALINA,0.122888812124975,111.41344523915797,"KALINA: régimen Kalina genuino y admisible, sin fallas.",0.0479142463577391,4.039975760763014,13.792864008755087,O1,0.0479142463577391,False,,,
760.0,0.91,394.15,278.15,3300.0,0.82,1.0,0.9,0.8,0.85,0.95,True,KALINA,0.1238257496058692,111.56989266220246,"KALINA: régimen Kalina genuino y admisible, sin fallas.",0.0478937413665135,4.103793686225458,13.71312794523368,O1,0.0478937413665135,False,,,
760.0,0.95,394.15,278.15,3300.0,0.82,1.0,0.9,0.8,0.85,0.95,True,KALINA,0.1247742742567143,111.72632490495526,"KALINA: régimen Kalina genuino y admisible, sin fallas.",0.0478726057104167,4.167607324900075,13.633298021719725,O1,0.0478726057104167,False,,,
800.0,0.75,394.15,278.15,3300.0,0.82,1.0,0.9,0.8,0.85,0.95,True,KALINA,0.1162985863251361,107.3818843882582,"KALINA: régimen Kalina genuino y admisible, sin fallas.",0.049344177834161,5.459761715869547,14.030296456244002,O1,0.049344177834161,False,,,
800.0,0.79,394.15,278.15,3300.0,0.82,1.0,0.9,0.8,0.85,0.95,True,KALINA,0.1171728609632495,107.5332984953278,"KALINA: régimen Kalina genuino y admisible, sin fallas.",0.0493216443724264,5.5235166249676695,13.950869677434753,O1,0.0493216443724264,False,,,
800.0,0.83,394.15,278.15,3300.0,0.82,1.0,0.9,0.8,0.85,0.95,True,KALINA,0.1180577606340932,107.68469791623158,"KALINA: régimen Kalina genuino y admisible, sin fallas.",0.0492985238167797,5.587268265816931,13.871345786915356,O1,0.0492985238167797,False,,,
800.0,0.87,394.15,278.15,3300.0,0.82,1.0,0.9,0.8,0.85,0.95,True,KALINA,0.1189534748505432,107.83608149316952,"KALINA: régimen Kalina genuino y admisible, sin fallas.",0.0492748209070248,5.651016283171487,13.791725887068026,O1,0.0492748209070248,False,,,
800.0,0.91,394.15,278.15,3300.0,0.82,1.0,0.9,0.8,0.85,0.95,True,KALINA,0.1198601976291133,107.9874480606582,"KALINA: régimen Kalina genuino y admisible, sin fallas.",0.0492505403886529,5.71476031972918,13.712011087978397,O1,0.0492505403886529,False,,,
800.0,0.95,394.15,278.15,3300.0,0.82,1.0,0.9,0.8,0.85,0.95,True,KALINA,0.1207781276223397,108.138796444515,"KALINA: régimen Kalina genuino y admisible, sin fallas.",0.0492256872035046,5.778500016123701,13.632202507352249,O1,0.0492256872035046,False,,,
