csv_origen,fila_csv,grupo,x_b,P_alta,P_baja,T_fuente,T_sumidero,m_b,eta_t,eta_p,eps_hrvg,eps_reg,eps_cond,tol_T10,max_iter_frio,T_amb_diseno,x_backend,backend,clasificacion_original,eta_original,excepcion_original,V0,V0_causa,V0_msg,V0_t_s,V0_nF,V0_iter,V0_anom,V0_t_por_F,donde_falla,T1_trial,iter_lazo_frio,nF_V0_ref,punto_cascada,excepcion_V0,V1,V1_causa,V1_msg,V1_t_s,V1_nF,V1_iter,V1_anom,V1_t_por_F,V2,V2_causa,V2_msg,V2_t_s,V2_nF,V2_iter,V2_anom,V2_t_por_F,VB,VB_causa,VB_msg,VB_t_s,VB_nF,VB_iter,VB_anom,VB_t_por_F,V3,V3_causa,V3_msg,V3_t_s,V3_nF,V3_iter,V3_anom,V3_t_por_F,V2_clas,V2_eta,V2_Wnet,V2_T1,d_eta_V2,VB_clas,VB_eta,VB_Wnet,VB_T1,d_eta_VB,V3_clas,V3_eta,V3_Wnet,V3_T1,d_eta_V3,V1_clas,V1_eta,V1_Wnet,V1_T1,d_eta_V1,V0_clas,V0_eta,V0_Wnet,V0_T1,d_eta_V0,V0_B_verificado,V0_B_dh4s,V1_B_verificado,V1_B_dh4s,V2_B_verificado,V2_B_dh4s,VB_B_verificado,VB_B_dh4s,V3_B_verificado,V3_B_dh4s
barrido_literatura_kcs11,0,ctl_literatura,0.55,1000.0,273.545422,373.0,283.0,1.0,0.8,0.8,0.916686,0.925541,0.972711,0.001,300,303.55,0.55,TeqpVerificado(x=0.55),CORREGIBLE,0.087667,O2,convergio,,"[CORREGIBLE] O2: succión de la bomba bifásica bajo el peor caso de T_amb (riesgo de cavitación) (medido=303.8947420791578, esperado=<= 287.000 K). Causa probable: subenfriamiento insuficiente a la sal",34.0,8,18,0,4.245,,,,,,,convergio,,"[CORREGIBLE] O2: succión de la bomba bifásica bajo el peor caso de T_amb (riesgo de cavitación) (medido=303.894742079049, esperado=<= 287.000 K). Causa probable: subenfriamiento insuficiente a la sali",33.5,8,18,0,4.188,convergio,,"[CORREGIBLE] O2: succión de la bomba bifásica bajo el peor caso de T_amb (riesgo de cavitación) (medido=303.894742079049, esperado=<= 287.000 K). Causa probable: subenfriamiento insuficiente a la sali",33.6,8,18,0,4.205,convergio,,"[CORREGIBLE] O2: succión de la bomba bifásica bajo el peor caso de T_amb (riesgo de cavitación) (medido=303.8947420791578, esperado=<= 287.000 K). Causa probable: subenfriamiento insuficiente a la sal",33.9,8,18,0,4.238,convergio,,"[CORREGIBLE] O2: succión de la bomba bifásica bajo el peor caso de T_amb (riesgo de cavitación) (medido=303.894742079049, esperado=<= 287.000 K). Causa probable: subenfriamiento insuficiente a la sali",34.1,8,18,0,4.256,CORREGIBLE,0.087667,57.8669,329.1763,-2.6e-07,CORREGIBLE,0.087667,57.8669,329.1763,-2.6e-07,CORREGIBLE,0.087667,57.8669,329.1763,-2.6e-07,CORREGIBLE,0.087667,57.8669,329.1763,-2.6e-07,CORREGIBLE,0.087667,57.8669,329.1763,-2.6e-07,,,,,,,,,,
barrido_literatura_kcs11,3,lit_T_from_Ph,0.55,3000.0,273.545422,373.0,283.0,1.0,0.8,0.8,0.85,0.75,0.8,0.001,300,303.55,0.55,TeqpVerificado(x=0.55),NO_CONVERGIO,,"PropertyRangeError: T_from_Ph(P, h, x): el motor teqp no cubre el estado pedido (ver TASK_CONTEXT 2026-09-18-validar-teqp-nh3h2o). Detalle: h=-6412.95 fuera de dominio a P=2.7355e+05 Pa, x=0.5639",error_backend,PropertyRangeError,"PropertyRangeError: T_from_Ph(P, h, x): el motor teqp no cubre el estado pedido (ver TASK_CONTEXT 2026-09-18-validar-teqp-nh3h2o). Detalle: h=-6412.95 fuera de dominio a P=2.7355e+05 Pa, x=0.5639",1.3,1,1,0,1.302,extremo_lo,284.0,1.0,1.0,abs.T8,"PropertyRangeError: T_from_Ph(P, h, x): el motor teqp no cubre el estado pedido (ver TASK_CONTEXT 2026-09-18-validar-teqp-nh3h2o). Detalle: h=-6412.95 fuera de dominio a P=2.7355e+05 Pa, x=0.5639",error_backend,PropertyRangeError,"PropertyRangeError: T_from_Ph(P, h, x): el motor teqp no cubre el estado pedido (ver TASK_CONTEXT 2026-09-18-validar-teqp-nh3h2o). Detalle: h=-6066.33 fuera de dominio a P=2.7355e+05 Pa, x=0.5639",1.4,1,1,0,1.38,convergio,,"[NO_CONVERGIO] N2: el balance global de energía no cierra dentro de la tolerancia (medido=115.41884596581788, esperado=<= 0.0685608 kW (1e-3 relativo a Qi)). Causa probable: residuo numérico del lazo ",93.0,18,52,0,5.167,convergio,,"[NO_CONVERGIO] N2: el balance global de energía no cierra dentro de la tolerancia (medido=115.41884596577, esperado=<= 0.0685608 kW (1e-3 relativo a Qi)). Causa probable: residuo numérico del lazo de ",103.2,18,55,0,5.735,convergio,,"[NO_CONVERGIO] N2: el balance global de energía no cierra dentro de la tolerancia (medido=115.41842792907934, esperado=<= 0.0685606 kW (1e-3 relativo a Qi)). Causa probable: residuo numérico del lazo ",83.9,13,43,0,6.457,NO_CONVERGIO,-0.449588,-30.8241,356.848,,NO_CONVERGIO,-0.449588,-30.8241,356.848,,NO_CONVERGIO,-0.449589,-30.8241,356.848,,,,,,,,,,,,,,,,,,,,,
barrido_literatura_kcs11,4,lit_bifasico,0.55,5000.0,273.545422,373.0,283.0,1.0,0.8,0.8,0.85,0.75,0.8,0.001,300,303.55,0.55,TeqpVerificado(x=0.55),NO_CONVERGIO,,"PropertyRangeError: equilibrio_liquido_vapor(P=5000.0 kPa, T=360.1588970163568 K): no existe equilibrio bifásico para ninguna composición (T fuera de la campana binaria a esa P, motor teqp).",error_backend,PropertyRangeError,"PropertyRangeError: equilibrio_liquido_vapor(P=5000.0 kPa, T=360.1588970163568 K): no existe equilibrio bifásico para ninguna composición (T fuera de la campana binaria a esa P, motor teqp).",0.1,1,0,0,0.085,extremo_lo,284.0,0.0,1.0,sep.ELV,"PropertyRangeError: equilibrio_liquido_vapor(P=5000.0 kPa, T=360.1588970163568 K): no existe equilibrio bifásico para ninguna composición (T fuera de la campana binaria a esa P, motor teqp).",error_backend,PropertyRangeError,"PropertyRangeError: equilibrio_liquido_vapor(P=5000.0 kPa, T=360.1588970163568 K): no existe equilibrio bifásico para ninguna composición (T fuera de la campana binaria a esa P, motor teqp).",0.1,1,0,0,0.083,no_convergio,NoBracket,"NoBracket: sin dos extremos evaluables en 5.0 K (f_lo=None, f_hi=None)",291.6,19,16,0,15.348,no_convergio,NoBracket,"NoBracket: sin dos extremos evaluables en 5.0 K (f_lo=None, f_hi=None)",277.8,19,16,0,14.621,no_convergio,NoBracket,NoBracket: extremo_lo sin evaluar en 6 intentos de bisección (T=285.3750 K),35.7,7,2,0,5.101,,,,,,,,,,,,,,,,,,,,,,,,,,,,,,,,,,,
barrido_literatura_kcs11,5,lit_T_from_Ph,0.55,1000.0,273.545422,423.0,283.0,1.0,0.8,0.8,0.85,0.75,0.8,0.001,300,303.55,0.55,TeqpVerificado(x=0.55),NO_CONVERGIO,,"PropertyRangeError: T_from_Ph(P, h, x): el motor teqp no cubre el estado pedido (ver TASK_CONTEXT 2026-09-18-validar-teqp-nh3h2o). Detalle: equilibrio no resoluble en T=264.78 K, P=2.7355e+05 Pa, x=0.",error_backend,PropertyRangeError,"PropertyRangeError: T_from_Ph(P, h, x): el motor teqp no cubre el estado pedido (ver TASK_CONTEXT 2026-09-18-validar-teqp-nh3h2o). Detalle: equilibrio no resoluble en T=277.42 K, P=2.7355e+05 Pa, x=0.",1.5,1,1,0,1.518,extremo_lo,284.0,1.0,1.0,valv.T7,"PropertyRangeError: T_from_Ph(P, h, x): el motor teqp no cubre el estado pedido (ver TASK_CONTEXT 2026-09-18-validar-teqp-nh3h2o). Detalle: equilibrio no resoluble en T=277.42 K, P=2.7355e+05 Pa, x=0.1350",convergio,,"[CORREGIBLE] O2: succión de la bomba bifásica bajo el peor caso de T_amb (riesgo de cavitación) (medido=322.14902629775247, esperado=<= 287.000 K). Causa probable: subenfriamiento insuficiente a la sa",40.3,9,19,0,4.481,convergio,,"[CORREGIBLE] O2: succión de la bomba bifásica bajo el peor caso de T_amb (riesgo de cavitación) (medido=322.14902629775247, esperado=<= 287.000 K). Causa probable: subenfriamiento insuficiente a la sa",42.9,9,19,0,4.77,no_convergio,PuntoNoEvaluable,PuntoNoEvaluable: punto interior no evaluable (T=422.0000 K),22.1,5,11,0,4.424,convergio,,"[CORREGIBLE] O2: succión de la bomba bifásica bajo el peor caso de T_amb (riesgo de cavitación) (medido=322.14902629775247, esperado=<= 287.000 K). Causa probable: subenfriamiento insuficiente a la sa",40.6,9,19,0,4.512,CORREGIBLE,0.075082,119.169,338.8243,,,,,,,CORREGIBLE,0.075082,119.169,338.8243,,CORREGIBLE,0.075082,119.169,338.8243,,,,,,,,,,,,,,,,
barrido_literatura_kcs11,6,lit_T_from_Ph,0.55,1500.0,273.545421,423.0,283.0,1.0,0.8,0.8,0.85,0.75,0.8,0.001,300,303.55,0.55,TeqpVerificado(x=0.55),NO_CONVERGIO,,"PropertyRangeError: T_from_Ph(P, h, x): el motor teqp no cubre el estado pedido (ver TASK_CONTEXT 2026-09-18-validar-teqp-nh3h2o). Detalle: equilibrio no resoluble en T=264.52 K, P=2.7355e+05 Pa, x=0.",convergio,,"[CORREGIBLE] O2: succión de la bomba bifásica bajo el peor caso de T_amb (riesgo de cavitación) (medido=314.3017812592056, esperado=<= 287.000 K). Causa probable: subenfriamiento insuficiente a la sal",57.1,9,27,0,6.341,,,,,,,convergio,,"[CORREGIBLE] O2: succión de la bomba bifásica bajo el peor caso de T_amb (riesgo de cavitación) (medido=314.3017812593099, esperado=<= 287.000 K). Causa probable: subenfriamiento insuficiente a la sal",59.6,9,27,0,6.623,convergio,,"[CORREGIBLE] O2: succión de la bomba bifásica bajo el peor caso de T_amb (riesgo de cavitación) (medido=314.3017812593099, esperado=<= 287.000 K). Causa probable: subenfriamiento insuficiente a la sal",54.1,9,27,0,6.014,convergio,,"[CORREGIBLE] O2: succión de la bomba bifásica bajo el peor caso de T_amb (riesgo de cavitación) (medido=314.3017812592056, esperado=<= 287.000 K). Causa probable: subenfriamiento insuficiente a la sal",58.9,9,27,0,6.545,convergio,,"[CORREGIBLE] O2: succión de la bomba bifásica bajo el peor caso de T_amb (riesgo de cavitación) (medido=314.3017812593099, esperado=<= 287.000 K). Causa probable: subenfriamiento insuficiente a la sal",56.3,9,27,0,6.261,CORREGIBLE,0.103848,117.2767,348.1257,,CORREGIBLE,0.103848,117.2767,348.1257,,CORREGIBLE,0.103848,117.2767,348.1257,,CORREGIBLE,0.103848,117.2767,348.1257,,CORREGIBLE,0.103848,117.2767,348.1257,,,,,,,,,,,
barrido_literatura_kcs11,7,lit_T_from_Ph,0.55,2000.0,273.54542,423.0,283.0,1.0,0.8,0.8,0.85,0.75,0.8,0.001,300,303.55,0.55,TeqpVerificado(x=0.55),NO_CONVERGIO,,"PropertyRangeError: T_from_Ph(P, h, x): el motor teqp no cubre el estado pedido (ver TASK_CONTEXT 2026-09-18-validar-teqp-nh3h2o). Detalle: equilibrio no resoluble en T=263.55 K, P=2.7355e+05 Pa, x=0.",convergio,,"[CORREGIBLE] O2: succión de la bomba bifásica bajo el peor caso de T_amb (riesgo de cavitación) (medido=310.8711397677157, esperado=<= 287.000 K). Causa probable: subenfriamiento insuficiente a la sal",70.4,9,32,0,7.82,,,,,,,convergio,,"[CORREGIBLE] O2: succión de la bomba bifásica bajo el peor caso de T_amb (riesgo de cavitación) (medido=310.87113976756405, esperado=<= 287.000 K). Causa probable: subenfriamiento insuficiente a la sa",62.5,9,32,0,6.939,convergio,,"[CORREGIBLE] O2: succión de la bomba bifásica bajo el peor caso de T_amb (riesgo de cavitación) (medido=310.87113976756405, esperado=<= 287.000 K). Causa probable: subenfriamiento insuficiente a la sa",67.2,9,32,0,7.469,convergio,,"[CORREGIBLE] O2: succión de la bomba bifásica bajo el peor caso de T_amb (riesgo de cavitación) (medido=310.8711397677157, esperado=<= 287.000 K). Causa probable: subenfriamiento insuficiente a la sal",66.6,9,32,0,7.402,convergio,,"[CORREGIBLE] O2: succión de la bomba bifásica bajo el peor caso de T_amb (riesgo de cavitación) (medido=310.87113976756405, esperado=<= 287.000 K). Causa probable: subenfriamiento insuficiente a la sa",62.4,9,32,0,6.934,CORREGIBLE,0.123742,113.2935,357.6537,,CORREGIBLE,0.123742,113.2935,357.6537,,CORREGIBLE,0.123742,113.2935,357.6537,,CORREGIBLE,0.123742,113.2935,357.6537,,CORREGIBLE,0.123742,113.2935,357.6537,,,,,,,,,,,
barrido_literatura_kcs11,10,lit_bifasico,0.55,1000.0,273.545422,463.0,283.0,1.0,0.8,0.8,0.85,0.75,0.8,0.001,300,303.55,0.55,TeqpVerificado(x=0.55),NO_CONVERGIO,,"PropertyRangeError: equilibrio_liquido_vapor(P=1000.0 kPa, T=462.8499610351539 K): no existe equilibrio bifásico para ninguna composición (T fuera de la campana binaria a esa P, motor teqp).",error_backend,PropertyRangeError,"PropertyRangeError: equilibrio_liquido_vapor(P=1000.0 kPa, T=462.8499610351539 K): no existe equilibrio bifásico para ninguna composición (T fuera de la campana binaria a esa P, motor teqp).",8.4,2,4,0,4.197,extremo_hi,462.0,0.0,2.0,sep.ELV,"PropertyRangeError: equilibrio_liquido_vapor(P=1000.0 kPa, T=462.8499610351539 K): no existe equilibrio bifásico para ninguna composición (T fuera de la campana binaria a esa P, motor teqp).",error_backend,PropertyRangeError,"PropertyRangeError: equilibrio_liquido_vapor(P=1000.0 kPa, T=462.8499610351539 K): no existe equilibrio bifásico para ninguna composición (T fuera de la campana binaria a esa P, motor teqp).",7.9,2,4,0,3.952,convergio,,"[CORREGIBLE] O2: succión de la bomba bifásica bajo el peor caso de T_amb (riesgo de cavitación) (medido=323.3890550575215, esperado=<= 287.000 K). Causa probable: subenfriamiento insuficiente a la sal",47.3,19,22,0,2.491,convergio,,"[CORREGIBLE] O2: succión de la bomba bifásica bajo el peor caso de T_amb (riesgo de cavitación) (medido=323.38905505781645, esperado=<= 287.000 K). Causa probable: subenfriamiento insuficiente a la sa",44.1,19,22,0,2.319,convergio,,"[CORREGIBLE] O2: succión de la bomba bifásica bajo el peor caso de T_amb (riesgo de cavitación) (medido=323.3890549621437, esperado=<= 287.000 K). Causa probable: subenfriamiento insuficiente a la sal",41.5,10,21,0,4.15,CORREGIBLE,0.074722,124.2389,339.3539,,CORREGIBLE,0.074722,124.2389,339.3539,,CORREGIBLE,0.074722,124.2389,339.3539,,,,,,,,,,,,,,,,,,,,,
barrido_literatura_kcs11,11,lit_T_from_Ph,0.55,1500.0,273.545421,463.0,283.0,1.0,0.8,0.8,0.85,0.75,0.8,0.001,300,303.55,0.55,TeqpVerificado(x=0.55),NO_CONVERGIO,,"PropertyRangeError: T_from_Ph(P, h, x): el motor teqp no cubre el estado pedido (ver TASK_CONTEXT 2026-09-18-validar-teqp-nh3h2o). Detalle: h=134105 fuera de dominio a P=2.7355e+05 Pa, x=0.5639",error_backend,PropertyRangeError,"PropertyRangeError: T_from_Ph(P, h, x): el motor teqp no cubre el estado pedido (ver TASK_CONTEXT 2026-09-18-validar-teqp-nh3h2o). Detalle: h=134105 fuera de dominio a P=2.7355e+05 Pa, x=0.5639",8.7,2,5,0,4.369,extremo_hi,462.0,1.0,2.0,abs.T8,"PropertyRangeError: T_from_Ph(P, h, x): el motor teqp no cubre el estado pedido (ver TASK_CONTEXT 2026-09-18-validar-teqp-nh3h2o). Detalle: h=134105 fuera de dominio a P=2.7355e+05 Pa, x=0.5639",error_backend,PropertyRangeError,"PropertyRangeError: T_from_Ph(P, h, x): el motor teqp no cubre el estado pedido (ver TASK_CONTEXT 2026-09-18-validar-teqp-nh3h2o). Detalle: h=134105 fuera de dominio a P=2.7355e+05 Pa, x=0.5639",9.5,2,5,0,4.758,convergio,,"[CORREGIBLE] O2: succión de la bomba bifásica bajo el peor caso de T_amb (riesgo de cavitación) (medido=322.43471144898797, esperado=<= 287.000 K). Causa probable: subenfriamiento insuficiente a la sa",59.5,15,27,0,3.969,convergio,,"[CORREGIBLE] O2: succión de la bomba bifásica bajo el peor caso de T_amb (riesgo de cavitación) (medido=322.4347114490417, esperado=<= 287.000 K). Causa probable: subenfriamiento insuficiente a la sal",53.7,15,27,0,3.581,convergio,,"[CORREGIBLE] O2: succión de la bomba bifásica bajo el peor caso de T_amb (riesgo de cavitación) (medido=322.4347113277653, esperado=<= 287.000 K). Causa probable: subenfriamiento insuficiente a la sal",41.7,10,22,0,4.166,CORREGIBLE,0.099628,164.2368,351.7954,,CORREGIBLE,0.099628,164.2368,351.7954,,CORREGIBLE,0.099628,164.2368,351.7954,,,,,,,,,,,,,,,,,,,,,
barrido_literatura_kcs11,12,lit_T_from_Ph,0.55,2000.0,273.54542,463.0,283.0,1.0,0.8,0.8,0.85,0.75,0.8,0.001,300,303.55,0.55,TeqpVerificado(x=0.55),NO_CONVERGIO,,"PropertyRangeError: T_from_Ph(P, h, x): el motor teqp no cubre el estado pedido (ver TASK_CONTEXT 2026-09-18-validar-teqp-nh3h2o). Detalle: h=55398.8 fuera de dominio a P=2.7355e+05 Pa, x=0.5639",error_backend,PropertyRangeError,"PropertyRangeError: T_from_Ph(P, h, x): el motor teqp no cubre el estado pedido (ver TASK_CONTEXT 2026-09-18-validar-teqp-nh3h2o). Detalle: h=55398.8 fuera de dominio a P=2.7355e+05 Pa, x=0.5639",8.7,2,5,0,4.37,extremo_hi,462.0,1.0,2.0,abs.T8,"PropertyRangeError: T_from_Ph(P, h, x): el motor teqp no cubre el estado pedido (ver TASK_CONTEXT 2026-09-18-validar-teqp-nh3h2o). Detalle: h=55398.8 fuera de dominio a P=2.7355e+05 Pa, x=0.5639",error_backend,PropertyRangeError,"PropertyRangeError: T_from_Ph(P, h, x): el motor teqp no cubre el estado pedido (ver TASK_CONTEXT 2026-09-18-validar-teqp-nh3h2o). Detalle: h=55398.8 fuera de dominio a P=2.7355e+05 Pa, x=0.5639",8.6,2,5,0,4.314,convergio,,"[CORREGIBLE] O2: succión de la bomba bifásica bajo el peor caso de T_amb (riesgo de cavitación) (medido=321.7027875074426, esperado=<= 287.000 K). Causa probable: subenfriamiento insuficiente a la sal",48.4,12,24,0,4.034,convergio,,"[CORREGIBLE] O2: succión de la bomba bifásica bajo el peor caso de T_amb (riesgo de cavitación) (medido=321.7027875078639, esperado=<= 287.000 K). Causa probable: subenfriamiento insuficiente a la sal",50.5,12,24,0,4.205,convergio,,"[CORREGIBLE] O2: succión de la bomba bifásica bajo el peor caso de T_amb (riesgo de cavitación) (medido=321.7027874353742, esperado=<= 287.000 K). Causa probable: subenfriamiento insuficiente a la sal",45.7,10,22,0,4.574,CORREGIBLE,0.117849,192.724,361.3612,,CORREGIBLE,0.117849,192.724,361.3612,,CORREGIBLE,0.117849,192.724,361.3612,,,,,,,,,,,,,,,,,,,,,
barrido_literatura_kcs11,13,lit_T_from_Ph,0.55,3000.0,273.545422,463.0,283.0,1.0,0.8,0.8,0.85,0.75,0.8,0.001,300,303.55,0.55,TeqpVerificado(x=0.55),NO_CONVERGIO,,"PropertyRangeError: T_from_Ph(P, h, x): el motor teqp no cubre el estado pedido (ver TASK_CONTEXT 2026-09-18-validar-teqp-nh3h2o). Detalle: equilibrio no resoluble en T=264.96 K, P=2.7355e+05 Pa, x=0.",convergio,,"[CORREGIBLE] O2: succión de la bomba bifásica bajo el peor caso de T_amb (riesgo de cavitación) (medido=318.3492944878893, esperado=<= 287.000 K). Causa probable: subenfriamiento insuficiente a la sal",69.4,9,28,0,7.706,,,,,,,convergio,,"[CORREGIBLE] O2: succión de la bomba bifásica bajo el peor caso de T_amb (riesgo de cavitación) (medido=318.3492944880527, esperado=<= 287.000 K). Causa probable: subenfriamiento insuficiente a la sal",65.4,9,28,0,7.267,convergio,,"[CORREGIBLE] O2: succión de la bomba bifásica bajo el peor caso de T_amb (riesgo de cavitación) (medido=318.3492944880527, esperado=<= 287.000 K). Causa probable: subenfriamiento insuficiente a la sal",62.8,9,28,0,6.98,convergio,,"[CORREGIBLE] O2: succión de la bomba bifásica bajo el peor caso de T_amb (riesgo de cavitación) (medido=318.3492944878893, esperado=<= 287.000 K). Causa probable: subenfriamiento insuficiente a la sal",63.8,9,28,0,7.091,convergio,,"[CORREGIBLE] O2: succión de la bomba bifásica bajo el peor caso de T_amb (riesgo de cavitación) (medido=318.3492944880527, esperado=<= 287.000 K). Causa probable: subenfriamiento insuficiente a la sal",64.7,9,28,0,7.184,CORREGIBLE,0.144956,211.9458,372.4488,,CORREGIBLE,0.144956,211.9458,372.4488,,CORREGIBLE,0.144956,211.9458,372.4488,,CORREGIBLE,0.144956,211.9458,372.4488,,CORREGIBLE,0.144956,211.9458,372.4488,,,,,,,,,,,
barrido_literatura_kcs11,17,ctl_literatura,0.6,2000.0,336.094594,373.0,283.0,1.0,0.8,0.8,0.875161,0.939973,0.9596,0.001,300,303.55,0.6,TeqpVerificado(x=0.6),CORREGIBLE,0.115983,O2,convergio,,"[CORREGIBLE] O2: succión de la bomba bifásica bajo el peor caso de T_amb (riesgo de cavitación) (medido=303.4126319136307, esperado=<= 287.000 K). Causa probable: subenfriamiento insuficiente a la sal",34.4,9,20,0,3.821,,,,,,,convergio,,"[CORREGIBLE] O2: succión de la bomba bifásica bajo el peor caso de T_amb (riesgo de cavitación) (medido=303.41263191352465, esperado=<= 287.000 K). Causa probable: subenfriamiento insuficiente a la sa",33.5,9,20,0,3.727,convergio,,"[CORREGIBLE] O2: succión de la bomba bifásica bajo el peor caso de T_amb (riesgo de cavitación) (medido=303.41263191352465, esperado=<= 287.000 K). Causa probable: subenfriamiento insuficiente a la sa",33.8,9,20,0,3.759,convergio,,"[CORREGIBLE] O2: succión de la bomba bifásica bajo el peor caso de T_amb (riesgo de cavitación) (medido=303.4126319136307, esperado=<= 287.000 K). Causa probable: subenfriamiento insuficiente a la sal",33.9,9,20,0,3.763,convergio,,"[CORREGIBLE] O2: succión de la bomba bifásica bajo el peor caso de T_amb (riesgo de cavitación) (medido=303.41263191352465, esperado=<= 287.000 K). Causa probable: subenfriamiento insuficiente a la sa",31.6,9,20,0,3.508,CORREGIBLE,0.115983,47.2441,344.3513,-1.9e-07,CORREGIBLE,0.115983,47.2441,344.3513,-1.9e-07,CORREGIBLE,0.115983,47.2441,344.3513,-1.9e-07,CORREGIBLE,0.115983,47.2441,344.3513,-1.9e-07,CORREGIBLE,0.115983,47.2441,344.3513,-1.9e-07,,,,,,,,,,
barrido_literatura_kcs11,18,lit_T_from_Ph,0.6,3000.0,336.094619,373.0,283.0,1.0,0.8,0.8,0.85,0.75,0.8,0.001,300,303.55,0.6,TeqpVerificado(x=0.6),NO_CONVERGIO,,"PropertyRangeError: T_from_Ph(P, h, x): el motor teqp no cubre el estado pedido (ver TASK_CONTEXT 2026-09-18-validar-teqp-nh3h2o). Detalle: h=-518419 fuera de dominio a P=3.3609e+05 Pa, x=0.6134",convergio,,"[CORREGIBLE] O2: succión de la bomba bifásica bajo el peor caso de T_amb (riesgo de cavitación) (medido=300.8795041117707, esperado=<= 287.000 K). Causa probable: subenfriamiento insuficiente a la sal",48.8,10,34,0,4.878,,,,,,,convergio,,"[CORREGIBLE] O2: succión de la bomba bifásica bajo el peor caso de T_amb (riesgo de cavitación) (medido=300.8795041119168, esperado=<= 287.000 K). Causa probable: subenfriamiento insuficiente a la sal",47.7,10,33,0,4.774,convergio,,"[CORREGIBLE] O2: succión de la bomba bifásica bajo el peor caso de T_amb (riesgo de cavitación) (medido=300.8795041119168, esperado=<= 287.000 K). Causa probable: subenfriamiento insuficiente a la sal",45.2,10,33,0,4.521,convergio,,"[CORREGIBLE] O2: succión de la bomba bifásica bajo el peor caso de T_amb (riesgo de cavitación) (medido=300.8795041117707, esperado=<= 287.000 K). Causa probable: subenfriamiento insuficiente a la sal",47.1,10,34,0,4.714,convergio,,"[CORREGIBLE] O2: succión de la bomba bifásica bajo el peor caso de T_amb (riesgo de cavitación) (medido=300.8795041119168, esperado=<= 287.000 K). Causa probable: subenfriamiento insuficiente a la sal",45.9,10,33,0,4.591,CORREGIBLE,0.031573,4.8028,349.8433,,CORREGIBLE,0.031573,4.8028,349.8433,,CORREGIBLE,0.031573,4.8028,349.8433,,CORREGIBLE,0.031573,4.8028,349.8433,,CORREGIBLE,0.031573,4.8028,349.8433,,,,,,,,,,,
barrido_literatura_kcs11,19,lit_bifasico,0.6,5000.0,336.094595,373.0,283.0,1.0,0.8,0.8,0.85,0.75,0.8,0.001,300,303.55,0.6,TeqpVerificado(x=0.6),NO_CONVERGIO,,"PropertyRangeError: equilibrio_liquido_vapor(P=5000.0 kPa, T=360.20055414536876 K): no existe equilibrio bifásico para ninguna composición (T fuera de la campana binaria a esa P, motor teqp).",error_backend,PropertyRangeError,"PropertyRangeError: equilibrio_liquido_vapor(P=5000.0 kPa, T=360.20055414536876 K): no existe equilibrio bifásico para ninguna composición (T fuera de la campana binaria a esa P, motor teqp).",0.1,1,0,0,0.089,extremo_lo,284.0,0.0,1.0,sep.ELV,"PropertyRangeError: equilibrio_liquido_vapor(P=5000.0 kPa, T=360.20055414536876 K): no existe equilibrio bifásico para ninguna composición (T fuera de la campana binaria a esa P, motor teqp).",error_backend,PropertyRangeError,"PropertyRangeError: equilibrio_liquido_vapor(P=5000.0 kPa, T=360.20055414536876 K): no existe equilibrio bifásico para ninguna composición (T fuera de la campana binaria a esa P, motor teqp).",0.1,1,0,0,0.109,no_convergio,NoBracket,"NoBracket: sin dos extremos evaluables en 5.0 K (f_lo=None, f_hi=None)",273.5,19,16,0,14.394,no_convergio,NoBracket,"NoBracket: sin dos extremos evaluables en 5.0 K (f_lo=None, f_hi=None)",249.6,19,16,0,13.135,no_convergio,NoBracket,NoBracket: extremo_lo sin evaluar en 6 intentos de bisección (T=285.3750 K),39.3,7,2,0,5.619,,,,,,,,,,,,,,,,,,,,,,,,,,,,,,,,,,,
barrido_literatura_kcs11,20,lit_T_from_Ph,0.6,1000.0,336.094584,423.0,283.0,1.0,0.8,0.8,0.85,0.75,0.8,0.001,300,303.55,0.6,TeqpVerificado(x=0.6),NO_CONVERGIO,,"PropertyRangeError: T_from_Ph(P, h, x): el motor teqp no cubre el estado pedido (ver TASK_CONTEXT 2026-09-18-validar-teqp-nh3h2o). Detalle: equilibrio no resoluble en T=294.86 K, P=3.3609e+05 Pa, x=0.",error_backend,PropertyRangeError,"PropertyRangeError: T_from_Ph(P, h, x): el motor teqp no cubre el estado pedido (ver TASK_CONTEXT 2026-09-18-validar-teqp-nh3h2o). Detalle: equilibrio no resoluble en T=296.41 K, P=3.3609e+05 Pa, x=0.",20.6,4,11,0,5.147,extremo_hi,422.0,1.0,4.0,valv.T7,"PropertyRangeError: T_from_Ph(P, h, x): el motor teqp no cubre el estado pedido (ver TASK_CONTEXT 2026-09-18-validar-teqp-nh3h2o). Detalle: equilibrio no resoluble en T=296.41 K, P=3.3609e+05 Pa, x=0.1061",convergio,,"[CORREGIBLE] O2: succión de la bomba bifásica bajo el peor caso de T_amb (riesgo de cavitación) (medido=321.1977045065343, esperado=<= 287.000 K). Causa probable: subenfriamiento insuficiente a la sal",43.2,9,20,0,4.8,convergio,,"[CORREGIBLE] O2: succión de la bomba bifásica bajo el peor caso de T_amb (riesgo de cavitación) (medido=321.1977045065343, esperado=<= 287.000 K). Causa probable: subenfriamiento insuficiente a la sal",39.9,9,20,0,4.431,no_convergio,PuntoNoEvaluable,PuntoNoEvaluable: punto interior no evaluable (T=422.0000 K),20.0,4,11,0,5.009,convergio,,"[CORREGIBLE] O2: succión de la bomba bifásica bajo el peor caso de T_amb (riesgo de cavitación) (medido=321.1977045065343, esperado=<= 287.000 K). Causa probable: subenfriamiento insuficiente a la sal",40.1,9,20,0,4.458,CORREGIBLE,0.064908,100.0706,331.5664,,,,,,,CORREGIBLE,0.064908,100.0706,331.5664,,CORREGIBLE,0.064908,100.0706,331.5664,,,,,,,,,,,,,,,,
barrido_literatura_kcs11,25,lit_bifasico,0.6,1000.0,336.094584,463.0,283.0,1.0,0.8,0.8,0.85,0.75,0.8,0.001,300,303.55,0.6,TeqpVerificado(x=0.6),NO_CONVERGIO,,"PropertyRangeError: equilibrio_liquido_vapor(P=1000.0 kPa, T=462.8499711017988 K): no existe equilibrio bifásico para ninguna composición (T fuera de la campana binaria a esa P, motor teqp).",error_backend,PropertyRangeError,"PropertyRangeError: equilibrio_liquido_vapor(P=1000.0 kPa, T=462.8499711017988 K): no existe equilibrio bifásico para ninguna composición (T fuera de la campana binaria a esa P, motor teqp).",5.1,2,3,0,2.532,extremo_hi,462.0,0.0,2.0,sep.ELV,"PropertyRangeError: equilibrio_liquido_vapor(P=1000.0 kPa, T=462.8499711017988 K): no existe equilibrio bifásico para ninguna composición (T fuera de la campana binaria a esa P, motor teqp).",error_backend,PropertyRangeError,"PropertyRangeError: T_from_Ph(P, h, x): el motor teqp no cubre el estado pedido (ver TASK_CONTEXT 2026-09-18-validar-teqp-nh3h2o). Detalle: equilibrio no resoluble en T=278.61 K, P=3.3609e+05 Pa, x=0.",1.5,1,1,0,1.545,convergio,,"[CORREGIBLE] O2: succión de la bomba bifásica bajo el peor caso de T_amb (riesgo de cavitación) (medido=322.49697053178073, esperado=<= 287.000 K). Causa probable: subenfriamiento insuficiente a la sa",49.1,22,26,0,2.233,convergio,,"[CORREGIBLE] O2: succión de la bomba bifásica bajo el peor caso de T_amb (riesgo de cavitación) (medido=322.4969706510617, esperado=<= 287.000 K). Causa probable: subenfriamiento insuficiente a la sal",48.0,20,24,0,2.399,no_convergio,NoBracket,NoBracket: extremo_hi sin evaluar en 6 intentos de bisección (T=460.6094 K),7.4,9,4,0,0.826,CORREGIBLE,0.06448,104.2782,332.0282,,CORREGIBLE,0.06448,104.2782,332.0282,,,,,,,,,,,,,,,,,,,,,,,,,,
barrido_literatura_kcs11,27,lit_T_from_Ph,0.6,2000.0,336.094594,463.0,283.0,1.0,0.8,0.8,0.85,0.75,0.8,0.001,300,303.55,0.6,TeqpVerificado(x=0.6),NO_CONVERGIO,,"PropertyRangeError: T_from_Ph(P, h, x): el motor teqp no cubre el estado pedido (ver TASK_CONTEXT 2026-09-18-validar-teqp-nh3h2o). Detalle: h=61287.7 fuera de dominio a P=3.3609e+05 Pa, x=0.6134",error_backend,PropertyRangeError,"PropertyRangeError: T_from_Ph(P, h, x): el motor teqp no cubre el estado pedido (ver TASK_CONTEXT 2026-09-18-validar-teqp-nh3h2o). Detalle: h=61287.7 fuera de dominio a P=3.3609e+05 Pa, x=0.6134",9.8,2,5,0,4.88,extremo_hi,462.0,1.0,2.0,abs.T8,"PropertyRangeError: T_from_Ph(P, h, x): el motor teqp no cubre el estado pedido (ver TASK_CONTEXT 2026-09-18-validar-teqp-nh3h2o). Detalle: h=61287.7 fuera de dominio a P=3.3609e+05 Pa, x=0.6134",error_backend,PropertyRangeError,"PropertyRangeError: T_from_Ph(P, h, x): el motor teqp no cubre el estado pedido (ver TASK_CONTEXT 2026-09-18-validar-teqp-nh3h2o). Detalle: h=61287.7 fuera de dominio a P=3.3609e+05 Pa, x=0.6134",9.8,2,5,0,4.913,convergio,,"[CORREGIBLE] O2: succión de la bomba bifásica bajo el peor caso de T_amb (riesgo de cavitación) (medido=320.7599095137797, esperado=<= 287.000 K). Causa probable: subenfriamiento insuficiente a la sal",50.8,13,25,0,3.905,convergio,,"[CORREGIBLE] O2: succión de la bomba bifásica bajo el peor caso de T_amb (riesgo de cavitación) (medido=320.75990951391793, esperado=<= 287.000 K). Causa probable: subenfriamiento insuficiente a la sa",48.9,13,25,0,3.764,convergio,,"[CORREGIBLE] O2: succión de la bomba bifásica bajo el peor caso de T_amb (riesgo de cavitación) (medido=320.75990921870505, esperado=<= 287.000 K). Causa probable: subenfriamiento insuficiente a la sa",41.4,10,22,0,4.135,CORREGIBLE,0.108686,172.8516,354.6054,,CORREGIBLE,0.108686,172.8516,354.6054,,CORREGIBLE,0.108686,172.8516,354.6054,,,,,,,,,,,,,,,,,,,,,
barrido_literatura_kcs11,31,ctl_literatura,0.65,1500.0,398.118725,373.0,283.0,1.0,0.8,0.8,0.92825,0.922336,0.97341,0.001,300,303.55,0.65,TeqpVerificado(x=0.65),CORREGIBLE,0.094917,O2,convergio,,"[CORREGIBLE] O2: succión de la bomba bifásica bajo el peor caso de T_amb (riesgo de cavitación) (medido=303.7943311382204, esperado=<= 287.000 K). Causa probable: subenfriamiento insuficiente a la sal",29.5,8,18,0,3.685,,,,,,,convergio,,"[CORREGIBLE] O2: succión de la bomba bifásica bajo el peor caso de T_amb (riesgo de cavitación) (medido=303.7943311382204, esperado=<= 287.000 K). Causa probable: subenfriamiento insuficiente a la sal",29.1,8,18,0,3.635,convergio,,"[CORREGIBLE] O2: succión de la bomba bifásica bajo el peor caso de T_amb (riesgo de cavitación) (medido=303.7943311382204, esperado=<= 287.000 K). Causa probable: subenfriamiento insuficiente a la sal",29.5,8,18,0,3.685,convergio,,"[CORREGIBLE] O2: succión de la bomba bifásica bajo el peor caso de T_amb (riesgo de cavitación) (medido=303.7943311382204, esperado=<= 287.000 K). Causa probable: subenfriamiento insuficiente a la sal",29.4,8,18,0,3.669,convergio,,"[CORREGIBLE] O2: succión de la bomba bifásica bajo el peor caso de T_amb (riesgo de cavitación) (medido=303.7943311382204, esperado=<= 287.000 K). Causa probable: subenfriamiento insuficiente a la sal",27.9,8,18,0,3.484,CORREGIBLE,0.094917,67.7003,328.5372,-2.3e-07,CORREGIBLE,0.094917,67.7003,328.5372,-2.3e-07,CORREGIBLE,0.094917,67.7003,328.5372,-2.3e-07,CORREGIBLE,0.094917,67.7003,328.5372,-2.3e-07,CORREGIBLE,0.094917,67.7003,328.5372,-2.3e-07,,,,,,,,,,
barrido_literatura_kcs11,34,lit_bifasico,0.65,5000.0,398.118726,373.0,283.0,1.0,0.8,0.8,0.85,0.75,0.8,0.001,300,303.55,0.65,TeqpVerificado(x=0.65),NO_CONVERGIO,,"PropertyRangeError: equilibrio_liquido_vapor(P=5000.0 kPa, T=360.26299351030735 K): no existe equilibrio bifásico para ninguna composición (T fuera de la campana binaria a esa P, motor teqp).",error_backend,PropertyRangeError,"PropertyRangeError: equilibrio_liquido_vapor(P=5000.0 kPa, T=360.26299351030735 K): no existe equilibrio bifásico para ninguna composición (T fuera de la campana binaria a esa P, motor teqp).",0.1,1,0,0,0.096,extremo_lo,284.0,0.0,1.0,sep.ELV,"PropertyRangeError: equilibrio_liquido_vapor(P=5000.0 kPa, T=360.26299351030735 K): no existe equilibrio bifásico para ninguna composición (T fuera de la campana binaria a esa P, motor teqp).",error_backend,PropertyRangeError,"PropertyRangeError: equilibrio_liquido_vapor(P=5000.0 kPa, T=360.26299351030735 K): no existe equilibrio bifásico para ninguna composición (T fuera de la campana binaria a esa P, motor teqp).",0.1,1,0,0,0.092,no_convergio,NoBracket,"NoBracket: sin dos extremos evaluables en 5.0 K (f_lo=None, f_hi=None)",258.7,19,16,0,13.614,no_convergio,NoBracket,"NoBracket: sin dos extremos evaluables en 5.0 K (f_lo=None, f_hi=None)",250.6,19,16,0,13.191,no_convergio,NoBracket,NoBracket: extremo_lo sin evaluar en 6 intentos de bisección (T=285.3750 K),35.8,7,2,0,5.12,,,,,,,,,,,,,,,,,,,,,,,,,,,,,,,,,,,
barrido_literatura_kcs11,35,lit_T_from_Ph,0.65,1000.0,398.118722,423.0,283.0,1.0,0.8,0.8,0.85,0.75,0.8,0.001,300,303.55,0.65,TeqpVerificado(x=0.65),NO_CONVERGIO,,"PropertyRangeError: T_from_Ph(P, h, x): el motor teqp no cubre el estado pedido (ver TASK_CONTEXT 2026-09-18-validar-teqp-nh3h2o). Detalle: equilibrio no resoluble en T=292.08 K, P=3.9812e+05 Pa, x=0.",error_backend,PropertyRangeError,"PropertyRangeError: T_from_Ph(P, h, x): el motor teqp no cubre el estado pedido (ver TASK_CONTEXT 2026-09-18-validar-teqp-nh3h2o). Detalle: equilibrio no resoluble en T=293.90 K, P=3.9812e+05 Pa, x=0.",8.7,2,4,0,4.373,extremo_hi,422.0,1.0,2.0,valv.T7,"PropertyRangeError: T_from_Ph(P, h, x): el motor teqp no cubre el estado pedido (ver TASK_CONTEXT 2026-09-18-validar-teqp-nh3h2o). Detalle: equilibrio no resoluble en T=293.90 K, P=3.9812e+05 Pa, x=0.1061",convergio,,"[CORREGIBLE] O2: succión de la bomba bifásica bajo el peor caso de T_amb (riesgo de cavitación) (medido=320.0187551391912, esperado=<= 287.000 K). Causa probable: subenfriamiento insuficiente a la sal",41.8,9,20,0,4.643,convergio,,"[CORREGIBLE] O2: succión de la bomba bifásica bajo el peor caso de T_amb (riesgo de cavitación) (medido=320.0187551391912, esperado=<= 287.000 K). Causa probable: subenfriamiento insuficiente a la sal",41.6,9,20,0,4.625,convergio,,"[CORREGIBLE] O2: succión de la bomba bifásica bajo el peor caso de T_amb (riesgo de cavitación) (medido=320.01875497869617, esperado=<= 287.000 K). Causa probable: subenfriamiento insuficiente a la sa",49.4,11,22,0,4.494,convergio,,"[CORREGIBLE] O2: succión de la bomba bifásica bajo el peor caso de T_amb (riesgo de cavitación) (medido=320.0187551391912, esperado=<= 287.000 K). Causa probable: subenfriamiento insuficiente a la sal",42.7,9,20,0,4.748,CORREGIBLE,0.056526,84.4022,324.746,,CORREGIBLE,0.056526,84.4022,324.746,,CORREGIBLE,0.056526,84.4022,324.746,,CORREGIBLE,0.056526,84.4022,324.746,,,,,,,,,,,,,,,,
barrido_literatura_kcs11,37,lit_T_from_Ph,0.65,2000.0,398.118724,423.0,283.0,1.0,0.8,0.8,0.85,0.75,0.8,0.001,300,303.55,0.65,TeqpVerificado(x=0.65),NO_CONVERGIO,,"PropertyRangeError: T_from_Ph(P, h, x): el motor teqp no cubre el estado pedido (ver TASK_CONTEXT 2026-09-18-validar-teqp-nh3h2o). Detalle: h=-3.22937e+11 fuera de dominio a P=2e+06 Pa, x=0.6627",convergio,,"[CORREGIBLE] O2: succión de la bomba bifásica bajo el peor caso de T_amb (riesgo de cavitación) (medido=312.4163410626183, esperado=<= 287.000 K). Causa probable: subenfriamiento insuficiente a la sal",57.7,9,26,0,6.409,,,,,,,convergio,,"[CORREGIBLE] O2: succión de la bomba bifásica bajo el peor caso de T_amb (riesgo de cavitación) (medido=312.4163410626493, esperado=<= 287.000 K). Causa probable: subenfriamiento insuficiente a la sal",58.1,9,26,0,6.455,convergio,,"[CORREGIBLE] O2: succión de la bomba bifásica bajo el peor caso de T_amb (riesgo de cavitación) (medido=312.4163410626493, esperado=<= 287.000 K). Causa probable: subenfriamiento insuficiente a la sal",58.5,9,26,0,6.497,convergio,,"[CORREGIBLE] O2: succión de la bomba bifásica bajo el peor caso de T_amb (riesgo de cavitación) (medido=312.4163410626183, esperado=<= 287.000 K). Causa probable: subenfriamiento insuficiente a la sal",57.0,9,26,0,6.338,convergio,,"[CORREGIBLE] O2: succión de la bomba bifásica bajo el peor caso de T_amb (riesgo de cavitación) (medido=312.4163410626493, esperado=<= 287.000 K). Causa probable: subenfriamiento insuficiente a la sal",57.1,9,26,0,6.343,CORREGIBLE,0.107357,118.0457,346.1359,,CORREGIBLE,0.107357,118.0457,346.1359,,CORREGIBLE,0.107357,118.0457,346.1359,,CORREGIBLE,0.107357,118.0457,346.1359,,CORREGIBLE,0.107357,118.0457,346.1359,,,,,,,,,,,
barrido_literatura_kcs11,40,lit_bifasico,0.65,1000.0,398.118722,463.0,283.0,1.0,0.8,0.8,0.85,0.75,0.8,0.001,300,303.55,0.65,TeqpVerificado(x=0.65),NO_CONVERGIO,,"PropertyRangeError: equilibrio_liquido_vapor(P=1000.0 kPa, T=462.8499803665554 K): no existe equilibrio bifásico para ninguna composición (T fuera de la campana binaria a esa P, motor teqp).",error_backend,PropertyRangeError,"PropertyRangeError: equilibrio_liquido_vapor(P=1000.0 kPa, T=462.8499803665554 K): no existe equilibrio bifásico para ninguna composición (T fuera de la campana binaria a esa P, motor teqp).",6.0,2,3,0,3.023,extremo_hi,462.0,0.0,2.0,sep.ELV,"PropertyRangeError: equilibrio_liquido_vapor(P=1000.0 kPa, T=462.8499803665554 K): no existe equilibrio bifásico para ninguna composición (T fuera de la campana binaria a esa P, motor teqp).",error_backend,PropertyRangeError,"PropertyRangeError: T_from_Ph(P, h, x): el motor teqp no cubre el estado pedido (ver TASK_CONTEXT 2026-09-18-validar-teqp-nh3h2o). Detalle: equilibrio no resoluble en T=277.84 K, P=3.9812e+05 Pa, x=0.",1.6,1,1,0,1.646,convergio,,"[CORREGIBLE] O2: succión de la bomba bifásica bajo el peor caso de T_amb (riesgo de cavitación) (medido=321.3734479087409, esperado=<= 287.000 K). Causa probable: subenfriamiento insuficiente a la sal",51.0,23,24,0,2.218,convergio,,"[CORREGIBLE] O2: succión de la bomba bifásica bajo el peor caso de T_amb (riesgo de cavitación) (medido=321.3734479360133, esperado=<= 287.000 K). Causa probable: subenfriamiento insuficiente a la sal",50.8,22,23,0,2.31,no_convergio,NoBracket,NoBracket: extremo_hi sin evaluar en 6 intentos de bisección (T=460.6094 K),9.6,9,4,0,1.066,CORREGIBLE,0.056043,87.9085,325.1326,,CORREGIBLE,0.056043,87.9085,325.1326,,,,,,,,,,,,,,,,,,,,,,,,,,
barrido_literatura_kcs11,41,lit_T_from_Ph,0.65,1500.0,398.118725,463.0,283.0,1.0,0.8,0.8,0.85,0.75,0.8,0.001,300,303.55,0.65,TeqpVerificado(x=0.65),NO_CONVERGIO,,"PropertyRangeError: T_from_Ph(P, h, x): el motor teqp no cubre el estado pedido (ver TASK_CONTEXT 2026-09-18-validar-teqp-nh3h2o). Detalle: h=163463 fuera de dominio a P=3.9812e+05 Pa, x=0.6627",error_backend,PropertyRangeError,"PropertyRangeError: T_from_Ph(P, h, x): el motor teqp no cubre el estado pedido (ver TASK_CONTEXT 2026-09-18-validar-teqp-nh3h2o). Detalle: h=163463 fuera de dominio a P=3.9812e+05 Pa, x=0.6627",9.1,2,4,0,4.557,extremo_hi,462.0,1.0,2.0,abs.T8,"PropertyRangeError: T_from_Ph(P, h, x): el motor teqp no cubre el estado pedido (ver TASK_CONTEXT 2026-09-18-validar-teqp-nh3h2o). Detalle: h=163463 fuera de dominio a P=3.9812e+05 Pa, x=0.6627",error_backend,PropertyRangeError,"PropertyRangeError: T_from_Ph(P, h, x): el motor teqp no cubre el estado pedido (ver TASK_CONTEXT 2026-09-18-validar-teqp-nh3h2o). Detalle: h=163463 fuera de dominio a P=3.9812e+05 Pa, x=0.6627",9.0,2,4,0,4.482,convergio,,"[CORREGIBLE] O2: succión de la bomba bifásica bajo el peor caso de T_amb (riesgo de cavitación) (medido=320.35660097651675, esperado=<= 287.000 K). Causa probable: subenfriamiento insuficiente a la sa",69.2,18,29,0,3.843,convergio,,"[CORREGIBLE] O2: succión de la bomba bifásica bajo el peor caso de T_amb (riesgo de cavitación) (medido=320.3566009762212, esperado=<= 287.000 K). Causa probable: subenfriamiento insuficiente a la sal",68.0,18,29,0,3.775,convergio,,"[CORREGIBLE] O2: succión de la bomba bifásica bajo el peor caso de T_amb (riesgo de cavitación) (medido=320.3566008735522, esperado=<= 287.000 K). Causa probable: subenfriamiento insuficiente a la sal",46.9,10,21,0,4.69,CORREGIBLE,0.082223,127.824,338.2284,,CORREGIBLE,0.082223,127.824,338.2284,,CORREGIBLE,0.082223,127.824,338.2284,,,,,,,,,,,,,,,,,,,,,
barrido_literatura_kcs11,42,lit_T_from_Ph,0.65,2000.0,398.118724,463.0,283.0,1.0,0.8,0.8,0.85,0.75,0.8,0.001,300,303.55,0.65,TeqpVerificado(x=0.65),NO_CONVERGIO,,"PropertyRangeError: T_from_Ph(P, h, x): el motor teqp no cubre el estado pedido (ver TASK_CONTEXT 2026-09-18-validar-teqp-nh3h2o). Detalle: h=67244 fuera de dominio a P=3.9812e+05 Pa, x=0.6627",error_backend,PropertyRangeError,"PropertyRangeError: T_from_Ph(P, h, x): el motor teqp no cubre el estado pedido (ver TASK_CONTEXT 2026-09-18-validar-teqp-nh3h2o). Detalle: h=67244 fuera de dominio a P=3.9812e+05 Pa, x=0.6627",10.0,2,4,0,5.008,extremo_hi,462.0,1.0,2.0,abs.T8,"PropertyRangeError: T_from_Ph(P, h, x): el motor teqp no cubre el estado pedido (ver TASK_CONTEXT 2026-09-18-validar-teqp-nh3h2o). Detalle: h=67244 fuera de dominio a P=3.9812e+05 Pa, x=0.6627",error_backend,PropertyRangeError,"PropertyRangeError: T_from_Ph(P, h, x): el motor teqp no cubre el estado pedido (ver TASK_CONTEXT 2026-09-18-validar-teqp-nh3h2o). Detalle: h=67244 fuera de dominio a P=3.9812e+05 Pa, x=0.6627",8.2,2,4,0,4.118,convergio,,"[CORREGIBLE] O2: succión de la bomba bifásica bajo el peor caso de T_amb (riesgo de cavitación) (medido=319.5935883255965, esperado=<= 287.000 K). Causa probable: subenfriamiento insuficiente a la sal",58.0,14,27,0,4.143,convergio,,"[CORREGIBLE] O2: succión de la bomba bifásica bajo el peor caso de T_amb (riesgo de cavitación) (medido=319.59358832559707, esperado=<= 287.000 K). Causa probable: subenfriamiento insuficiente a la sa",56.2,14,27,0,4.018,convergio,,"[CORREGIBLE] O2: succión de la bomba bifásica bajo el peor caso de T_amb (riesgo de cavitación) (medido=319.59358764675557, esperado=<= 287.000 K). Causa probable: subenfriamiento insuficiente a la sa",42.5,10,21,0,4.246,CORREGIBLE,0.101496,156.5612,348.3531,,CORREGIBLE,0.101496,156.5612,348.3531,,CORREGIBLE,0.101496,156.5612,348.3531,,,,,,,,,,,,,,,,,,,,,
barrido_literatura_kcs11,45,ctl_literatura,0.7,1000.0,456.322836,373.0,283.0,1.0,0.8,0.8,0.942333,0.919685,0.980309,0.001,300,303.55,0.7,TeqpVerificado(x=0.7),CORREGIBLE,0.059646,O2,convergio,,"[CORREGIBLE] O2: succión de la bomba bifásica bajo el peor caso de T_amb (riesgo de cavitación) (medido=303.9840365694721, esperado=<= 287.000 K). Causa probable: subenfriamiento insuficiente a la sal",34.2,8,18,0,4.278,,,,,,,convergio,,"[CORREGIBLE] O2: succión de la bomba bifásica bajo el peor caso de T_amb (riesgo de cavitación) (medido=303.9840365694717, esperado=<= 287.000 K). Causa probable: subenfriamiento insuficiente a la sal",33.1,8,18,0,4.131,convergio,,"[CORREGIBLE] O2: succión de la bomba bifásica bajo el peor caso de T_amb (riesgo de cavitación) (medido=303.9840365694717, esperado=<= 287.000 K). Causa probable: subenfriamiento insuficiente a la sal",31.2,8,18,0,3.897,convergio,,"[CORREGIBLE] O2: succión de la bomba bifásica bajo el peor caso de T_amb (riesgo de cavitación) (medido=303.9840365694721, esperado=<= 287.000 K). Causa probable: subenfriamiento insuficiente a la sal",30.0,8,18,0,3.748,convergio,,"[CORREGIBLE] O2: succión de la bomba bifásica bajo el peor caso de T_amb (riesgo de cavitación) (medido=303.9840365694717, esperado=<= 287.000 K). Causa probable: subenfriamiento insuficiente a la sal",29.5,8,18,0,3.685,CORREGIBLE,0.059646,60.464,312.4824,2.65e-07,CORREGIBLE,0.059646,60.464,312.4824,2.65e-07,CORREGIBLE,0.059646,60.464,312.4824,2.65e-07,CORREGIBLE,0.059646,60.464,312.4824,2.65e-07,CORREGIBLE,0.059646,60.464,312.4824,2.65e-07,,,,,,,,,,
barrido_literatura_kcs11,49,lit_bifasico,0.7,5000.0,456.322837,373.0,283.0,1.0,0.8,0.8,0.85,0.75,0.8,0.001,300,303.55,0.7,TeqpVerificado(x=0.7),NO_CONVERGIO,,"PropertyRangeError: equilibrio_liquido_vapor(P=5000.0 kPa, T=360.3439259844327 K): no existe equilibrio bifásico para ninguna composición (T fuera de la campana binaria a esa P, motor teqp).",error_backend,PropertyRangeError,"PropertyRangeError: equilibrio_liquido_vapor(P=5000.0 kPa, T=360.3439259844327 K): no existe equilibrio bifásico para ninguna composición (T fuera de la campana binaria a esa P, motor teqp).",0.1,1,0,0,0.086,extremo_lo,284.0,0.0,1.0,sep.ELV,"PropertyRangeError: equilibrio_liquido_vapor(P=5000.0 kPa, T=360.3439259844327 K): no existe equilibrio bifásico para ninguna composición (T fuera de la campana binaria a esa P, motor teqp).",error_backend,PropertyRangeError,"PropertyRangeError: equilibrio_liquido_vapor(P=5000.0 kPa, T=360.3439259844327 K): no existe equilibrio bifásico para ninguna composición (T fuera de la campana binaria a esa P, motor teqp).",0.1,1,0,0,0.087,no_convergio,NoBracket,"NoBracket: sin dos extremos evaluables en 5.0 K (f_lo=None, f_hi=None)",329.5,19,16,0,17.343,no_convergio,NoBracket,"NoBracket: sin dos extremos evaluables en 5.0 K (f_lo=None, f_hi=None)",260.1,19,16,0,13.689,no_convergio,NoBracket,NoBracket: extremo_lo sin evaluar en 6 intentos de bisección (T=285.3750 K),36.0,7,2,0,5.137,,,,,,,,,,,,,,,,,,,,,,,,,,,,,,,,,,,
barrido_literatura_kcs11,50,lit_T_from_Ph,0.7,1000.0,456.322836,423.0,283.0,1.0,0.8,0.8,0.85,0.75,0.8,0.001,300,303.55,0.7,TeqpVerificado(x=0.7),NO_CONVERGIO,,"PropertyRangeError: T_from_Ph(P, h, x): el motor teqp no cubre el estado pedido (ver TASK_CONTEXT 2026-09-18-validar-teqp-nh3h2o). Detalle: h=49698.1 fuera de dominio a P=4.5632e+05 Pa, x=0.7117",error_backend,PropertyRangeError,"PropertyRangeError: T_from_Ph(P, h, x): el motor teqp no cubre el estado pedido (ver TASK_CONTEXT 2026-09-18-validar-teqp-nh3h2o). Detalle: h=49698.1 fuera de dominio a P=4.5632e+05 Pa, x=0.7117",9.1,2,4,0,4.554,extremo_hi,422.0,1.0,2.0,abs.T8,"PropertyRangeError: T_from_Ph(P, h, x): el motor teqp no cubre el estado pedido (ver TASK_CONTEXT 2026-09-18-validar-teqp-nh3h2o). Detalle: h=49698.1 fuera de dominio a P=4.5632e+05 Pa, x=0.7117",error_backend,PropertyRangeError,"PropertyRangeError: T_from_Ph(P, h, x): el motor teqp no cubre el estado pedido (ver TASK_CONTEXT 2026-09-18-validar-teqp-nh3h2o). Detalle: h=49698.1 fuera de dominio a P=4.5632e+05 Pa, x=0.7117",8.3,2,4,0,4.172,convergio,,"[CORREGIBLE] O2: succión de la bomba bifásica bajo el peor caso de T_amb (riesgo de cavitación) (medido=318.7120061693637, esperado=<= 287.000 K). Causa probable: subenfriamiento insuficiente a la sal",51.4,11,22,0,4.674,convergio,,"[CORREGIBLE] O2: succión de la bomba bifásica bajo el peor caso de T_amb (riesgo de cavitación) (medido=318.71200616933885, esperado=<= 287.000 K). Causa probable: subenfriamiento insuficiente a la sa",48.4,11,22,0,4.397,convergio,,"[CORREGIBLE] O2: succión de la bomba bifásica bajo el peor caso de T_amb (riesgo de cavitación) (medido=318.7120059052646, esperado=<= 287.000 K). Causa probable: subenfriamiento insuficiente a la sal",48.0,10,21,0,4.8,CORREGIBLE,0.049876,71.9094,318.5512,,CORREGIBLE,0.049876,71.9094,318.5512,,CORREGIBLE,0.049876,71.9094,318.5512,,,,,,,,,,,,,,,,,,,,,
barrido_literatura_kcs11,55,lit_T_from_Ph,0.7,1000.0,456.322836,463.0,283.0,1.0,0.8,0.8,0.85,0.75,0.8,0.001,300,303.55,0.7,TeqpVerificado(x=0.7),NO_CONVERGIO,,"PropertyRangeError: T_from_Ph(P, h, x): el motor teqp no cubre el estado pedido (ver TASK_CONTEXT 2026-09-18-validar-teqp-nh3h2o). Detalle: equilibrio no resoluble en T=275.37 K, P=4.5632e+05 Pa, x=0.",error_backend,PropertyRangeError,"PropertyRangeError: equilibrio_liquido_vapor(P=1000.0 kPa, T=462.8499888883884 K): no existe equilibrio bifásico para ninguna composición (T fuera de la campana binaria a esa P, motor teqp).",6.1,2,3,0,3.03,extremo_hi,462.0,0.0,2.0,sep.ELV,"PropertyRangeError: equilibrio_liquido_vapor(P=1000.0 kPa, T=462.8499888883884 K): no existe equilibrio bifásico para ninguna composición (T fuera de la campana binaria a esa P, motor teqp).",error_backend,PropertyRangeError,"PropertyRangeError: equilibrio_liquido_vapor(P=1000.0 kPa, T=462.8499888883884 K): no existe equilibrio bifásico para ninguna composición (T fuera de la campana binaria a esa P, motor teqp).",5.9,2,3,0,2.931,convergio,,"[CORREGIBLE] O2: succión de la bomba bifásica bajo el peor caso de T_amb (riesgo de cavitación) (medido=320.12853970502437, esperado=<= 287.000 K). Causa probable: subenfriamiento insuficiente a la sa",58.6,24,24,0,2.442,convergio,,"[CORREGIBLE] O2: succión de la bomba bifásica bajo el peor caso de T_amb (riesgo de cavitación) (medido=320.12853970515994, esperado=<= 287.000 K). Causa probable: subenfriamiento insuficiente a la sa",58.0,24,24,0,2.416,convergio,,"[CORREGIBLE] O2: succión de la bomba bifásica bajo el peor caso de T_amb (riesgo de cavitación) (medido=320.1285395650723, esperado=<= 287.000 K). Causa probable: subenfriamiento insuficiente a la sal",48.3,10,18,0,4.831,CORREGIBLE,0.049347,74.866,318.8571,,CORREGIBLE,0.049347,74.866,318.8571,,CORREGIBLE,0.049347,74.866,318.8571,,,,,,,,,,,,,,,,,,,,,
barrido_literatura_kcs11,56,lit_T_from_Ph,0.7,1500.0,456.322836,463.0,283.0,1.0,0.8,0.8,0.85,0.75,0.8,0.001,300,303.55,0.7,TeqpVerificado(x=0.7),NO_CONVERGIO,,"PropertyRangeError: T_from_Ph(P, h, x): el motor teqp no cubre el estado pedido (ver TASK_CONTEXT 2026-09-18-validar-teqp-nh3h2o). Detalle: h=178144 fuera de dominio a P=4.5632e+05 Pa, x=0.7117",error_backend,PropertyRangeError,"PropertyRangeError: T_from_Ph(P, h, x): el motor teqp no cubre el estado pedido (ver TASK_CONTEXT 2026-09-18-validar-teqp-nh3h2o). Detalle: h=178144 fuera de dominio a P=4.5632e+05 Pa, x=0.7117",8.6,2,4,0,4.315,extremo_hi,462.0,1.0,2.0,abs.T8,"PropertyRangeError: T_from_Ph(P, h, x): el motor teqp no cubre el estado pedido (ver TASK_CONTEXT 2026-09-18-validar-teqp-nh3h2o). Detalle: h=178144 fuera de dominio a P=4.5632e+05 Pa, x=0.7117",error_backend,PropertyRangeError,"PropertyRangeError: T_from_Ph(P, h, x): el motor teqp no cubre el estado pedido (ver TASK_CONTEXT 2026-09-18-validar-teqp-nh3h2o). Detalle: h=178144 fuera de dominio a P=4.5632e+05 Pa, x=0.7117",8.3,2,4,0,4.144,convergio,,"[CORREGIBLE] O2: succión de la bomba bifásica bajo el peor caso de T_amb (riesgo de cavitación) (medido=319.079048995574, esperado=<= 287.000 K). Causa probable: subenfriamiento insuficiente a la sali",67.7,19,30,0,3.561,convergio,,"[CORREGIBLE] O2: succión de la bomba bifásica bajo el peor caso de T_amb (riesgo de cavitación) (medido=319.0790489955082, esperado=<= 287.000 K). Causa probable: subenfriamiento insuficiente a la sal",73.9,19,30,0,3.889,convergio,,"[CORREGIBLE] O2: succión de la bomba bifásica bajo el peor caso de T_amb (riesgo de cavitación) (medido=319.07904853430244, esperado=<= 287.000 K). Causa probable: subenfriamiento insuficiente a la sa",44.6,10,19,0,4.46,CORREGIBLE,0.076354,114.8022,332.3159,,CORREGIBLE,0.076354,114.8022,332.3159,,CORREGIBLE,0.076354,114.8022,332.3159,,,,,,,,,,,,,,,,,,,,,
barrido_literatura_kcs11,57,lit_T_from_Ph,0.7,2000.0,456.322835,463.0,283.0,1.0,0.8,0.8,0.85,0.75,0.8,0.001,300,303.55,0.7,TeqpVerificado(x=0.7),NO_CONVERGIO,,"PropertyRangeError: T_from_Ph(P, h, x): el motor teqp no cubre el estado pedido (ver TASK_CONTEXT 2026-09-18-validar-teqp-nh3h2o). Detalle: h=73219.5 fuera de dominio a P=4.5632e+05 Pa, x=0.7117",error_backend,PropertyRangeError,"PropertyRangeError: T_from_Ph(P, h, x): el motor teqp no cubre el estado pedido (ver TASK_CONTEXT 2026-09-18-validar-teqp-nh3h2o). Detalle: h=73219.5 fuera de dominio a P=4.5632e+05 Pa, x=0.7117",8.2,2,4,0,4.11,extremo_hi,462.0,1.0,2.0,abs.T8,"PropertyRangeError: T_from_Ph(P, h, x): el motor teqp no cubre el estado pedido (ver TASK_CONTEXT 2026-09-18-validar-teqp-nh3h2o). Detalle: h=73219.5 fuera de dominio a P=4.5632e+05 Pa, x=0.7117",error_backend,PropertyRangeError,"PropertyRangeError: T_from_Ph(P, h, x): el motor teqp no cubre el estado pedido (ver TASK_CONTEXT 2026-09-18-validar-teqp-nh3h2o). Detalle: h=73219.5 fuera de dominio a P=4.5632e+05 Pa, x=0.7117",8.3,2,4,0,4.17,convergio,,"[CORREGIBLE] O2: succión de la bomba bifásica bajo el peor caso de T_amb (riesgo de cavitación) (medido=318.29989647590503, esperado=<= 287.000 K). Causa probable: subenfriamiento insuficiente a la sa",68.9,16,27,0,4.309,convergio,,"[CORREGIBLE] O2: succión de la bomba bifásica bajo el peor caso de T_amb (riesgo de cavitación) (medido=318.29989647582835, esperado=<= 287.000 K). Causa probable: subenfriamiento insuficiente a la sa",60.6,16,27,0,3.79,convergio,,"[CORREGIBLE] O2: succión de la bomba bifásica bajo el peor caso de T_amb (riesgo de cavitación) (medido=318.299896090146, esperado=<= 287.000 K). Causa probable: subenfriamiento insuficiente a la sali",50.9,10,21,0,5.094,CORREGIBLE,0.096283,143.6754,342.7348,,CORREGIBLE,0.096283,143.6754,342.7348,,CORREGIBLE,0.096283,143.6754,342.7348,,,,,,,,,,,,,,,,,,,,,
barrido_literatura_kcs11,58,lit_T_from_Ph,0.7,3000.0,456.322818,463.0,283.0,1.0,0.8,0.8,0.85,0.75,0.8,0.001,300,303.55,0.7,TeqpVerificado(x=0.7),NO_CONVERGIO,,"PropertyRangeError: T_from_Ph(P, h, x): el motor teqp no cubre el estado pedido (ver TASK_CONTEXT 2026-09-18-validar-teqp-nh3h2o). Detalle: equilibrio no resoluble en T=372.84 K, P=4.5632e+05 Pa, x=0.",convergio,,"[CORREGIBLE] O2: succión de la bomba bifásica bajo el peor caso de T_amb (riesgo de cavitación) (medido=317.1166840339935, esperado=<= 287.000 K). Causa probable: subenfriamiento insuficiente a la sal",65.6,9,25,0,7.288,,,,,,,convergio,,"[CORREGIBLE] O2: succión de la bomba bifásica bajo el peor caso de T_amb (riesgo de cavitación) (medido=317.1166840340519, esperado=<= 287.000 K). Causa probable: subenfriamiento insuficiente a la sal",61.3,9,25,0,6.808,convergio,,"[CORREGIBLE] O2: succión de la bomba bifásica bajo el peor caso de T_amb (riesgo de cavitación) (medido=317.1166840340519, esperado=<= 287.000 K). Causa probable: subenfriamiento insuficiente a la sal",58.4,9,25,0,6.485,convergio,,"[CORREGIBLE] O2: succión de la bomba bifásica bajo el peor caso de T_amb (riesgo de cavitación) (medido=317.1166840339935, esperado=<= 287.000 K). Causa probable: subenfriamiento insuficiente a la sal",59.9,9,25,0,6.658,convergio,,"[CORREGIBLE] O2: succión de la bomba bifásica bajo el peor caso de T_amb (riesgo de cavitación) (medido=317.1166840340519, esperado=<= 287.000 K). Causa probable: subenfriamiento insuficiente a la sal",61.2,9,25,0,6.798,CORREGIBLE,0.125632,184.8665,358.8399,,CORREGIBLE,0.125632,184.8665,358.8399,,CORREGIBLE,0.125632,184.8665,358.8399,,CORREGIBLE,0.125632,184.8665,358.8399,,CORREGIBLE,0.125632,184.8665,358.8399,,,,,,,,,,,
barrido_literatura_kcs11,59,ctl_literatura,0.7,5000.0,456.322837,463.0,283.0,1.0,0.8,0.8,0.940784,0.965676,0.985417,0.001,300,303.55,0.7,TeqpVerificado(x=0.7),CORREGIBLE,0.158862,"O1,O2",convergio,,"[CORREGIBLE] O1: título de vapor a la salida de la turbina bajo el umbral tecnológico usual (erosión de álabes) (medido=0.8921689120172435, esperado=>= 0.90). Causa probable: expansión hasta P_baja de",34.5,10,17,0,3.453,,,,,,,convergio,,"[CORREGIBLE] O1: título de vapor a la salida de la turbina bajo el umbral tecnológico usual (erosión de álabes) (medido=0.8921689120189337, esperado=>= 0.90). Causa probable: expansión hasta P_baja de",30.7,10,16,0,3.069,convergio,,"[CORREGIBLE] O1: título de vapor a la salida de la turbina bajo el umbral tecnológico usual (erosión de álabes) (medido=0.8921689120189337, esperado=>= 0.90). Causa probable: expansión hasta P_baja de",29.0,10,16,0,2.902,convergio,,"[CORREGIBLE] O1: título de vapor a la salida de la turbina bajo el umbral tecnológico usual (erosión de álabes) (medido=0.8921689120172435, esperado=>= 0.90). Causa probable: expansión hasta P_baja de",29.2,10,17,0,2.925,convergio,,"[CORREGIBLE] O1: título de vapor a la salida de la turbina bajo el umbral tecnológico usual (erosión de álabes) (medido=0.8921689120189337, esperado=>= 0.90). Causa probable: expansión hasta P_baja de",28.0,10,16,0,2.799,CORREGIBLE,0.158862,249.9523,318.7957,8.1e-08,CORREGIBLE,0.158862,249.9523,318.7957,8.1e-08,CORREGIBLE,0.158862,249.9523,318.7957,8.1e-08,CORREGIBLE,0.158862,249.9523,318.7957,8.1e-08,CORREGIBLE,0.158862,249.9523,318.7957,8.1e-08,,,,,,,,,,
busqueda_libre_v2,0,ctl_KALINA_f2,0.35,3000.0,400.0,470.0,300.032917,1.0,0.85,0.75,0.85,0.75,0.95,0.001,300,303.55,0.5,TeqpVerificado(x=0.5),KALINA,0.1182603625456353,"KALINA: régimen Kalina genuino y admisible, sin fallas.",convergio,,"KALINA: régimen Kalina genuino y admisible, sin fallas.",49.1,9,22,0,5.454,,,,,,,convergio,,"KALINA: régimen Kalina genuino y admisible, sin fallas.",44.6,9,22,0,4.956,convergio,,"KALINA: régimen Kalina genuino y admisible, sin fallas.",42.3,9,22,0,4.699,convergio,,"KALINA: régimen Kalina genuino y admisible, sin fallas.",41.4,9,22,0,4.597,convergio,,"KALINA: régimen Kalina genuino y admisible, sin fallas.",40.9,9,22,0,4.542,KALINA,0.11826,133.9641,373.0129,-0.0,KALINA,0.11826,133.9641,373.0129,0.0,KALINA,0.11826,133.9641,373.0129,-0.0,KALINA,0.11826,133.9641,373.0129,-0.0,KALINA,0.11826,133.9641,373.0129,0.0,True,-1.1441,True,-1.144,True,-1.144,True,-1.144,True,-1.144
busqueda_libre_v2,8,f2_T_from_Ph,0.35,3000.0,500.0,470.0,300.032917,1.0,0.85,0.75,0.85,0.75,0.95,0.001,300,303.55,0.5,TeqpVerificado(x=0.5),NO_CONVERGIO,,"T_from_Ph(P, h, x): el motor teqp no cubre el estado pedido (ver TASK_CONTEXT 2026-09-18-validar-teqp-nh3h2o). Detalle: equilibrio no resoluble en T=296.92 K, P=5e+05 Pa, x=0.1626",error_backend,PropertyRangeError,"PropertyRangeError: T_from_Ph(P, h, x): el motor teqp no cubre el estado pedido (ver TASK_CONTEXT 2026-09-18-validar-teqp-nh3h2o). Detalle: equilibrio no resoluble en T=296.92 K, P=5e+05 Pa, x=0.1626",22.1,5,15,0,4.428,interior_brentq,370.8961,1.0,5.0,valv.T7,"PropertyRangeError: T_from_Ph(P, h, x): el motor teqp no cubre el estado pedido (ver TASK_CONTEXT 2026-09-18-validar-teqp-nh3h2o). Detalle: equilibrio no resoluble en T=296.92 K, P=5e+05 Pa, x=0.1626",error_backend,PropertyRangeError,"PropertyRangeError: T_from_Ph(P, h, x): el motor teqp no cubre el estado pedido (ver TASK_CONTEXT 2026-09-18-validar-teqp-nh3h2o). Detalle: equilibrio no resoluble en T=296.92 K, P=5e+05 Pa, x=0.1626",22.2,5,15,0,4.447,no_convergio,PuntoNoEvaluable,PuntoNoEvaluable: punto interior no evaluable (T=370.8961 K),22.1,5,15,0,4.43,no_convergio,PuntoNoEvaluable,PuntoNoEvaluable: punto interior no evaluable (T=370.8961 K),22.5,5,15,0,4.491,no_convergio,PuntoNoEvaluable,PuntoNoEvaluable: punto interior no evaluable (T=370.8961 K),22.5,5,15,0,4.491,,,,,,,,,,,,,,,,,,,,,,,,,,,,,,,,,,,
busqueda_libre_v2,13,ctl_KALINA_f2,0.35,3000.0,550.0,470.0,300.032917,1.0,0.85,0.75,0.85,0.75,0.85,0.001,300,303.55,0.5,TeqpVerificado(x=0.5),KALINA,0.1075285326410679,"KALINA: régimen Kalina genuino y admisible, sin fallas.",convergio,,"KALINA: régimen Kalina genuino y admisible, sin fallas.",65.8,9,25,0,7.309,,,,,,,convergio,,"KALINA: régimen Kalina genuino y admisible, sin fallas.",62.3,9,25,0,6.927,convergio,,"KALINA: régimen Kalina genuino y admisible, sin fallas.",60.1,9,25,0,6.678,convergio,,"KALINA: régimen Kalina genuino y admisible, sin fallas.",57.8,9,25,0,6.422,convergio,,"KALINA: régimen Kalina genuino y admisible, sin fallas.",59.7,9,25,0,6.639,KALINA,0.107529,115.6058,387.1924,0.0,KALINA,0.107529,115.6058,387.1924,0.0,KALINA,0.107529,115.6058,387.1924,0.0,KALINA,0.107529,115.6058,387.1924,0.0,KALINA,0.107529,115.6058,387.1924,0.0,True,-1.214,True,-1.214,True,-1.214,True,-1.214,True,-1.214
busqueda_libre_v2,21,ctl_KALINA_f2,0.4,3000.0,400.0,470.0,300.032917,1.0,0.85,0.75,0.85,0.75,0.95,0.001,300,303.55,0.5,TeqpVerificado(x=0.5),KALINA,0.1242887803299733,"KALINA: régimen Kalina genuino y admisible, sin fallas.",convergio,,"KALINA: régimen Kalina genuino y admisible, sin fallas.",42.6,9,21,0,4.736,,,,,,,convergio,,"KALINA: régimen Kalina genuino y admisible, sin fallas.",42.4,9,21,0,4.714,convergio,,"KALINA: régimen Kalina genuino y admisible, sin fallas.",41.6,9,21,0,4.625,convergio,,"KALINA: régimen Kalina genuino y admisible, sin fallas.",39.5,9,21,0,4.386,convergio,,"KALINA: régimen Kalina genuino y admisible, sin fallas.",39.2,9,21,0,4.361,KALINA,0.124289,166.6133,361.4001,0.0,KALINA,0.124289,166.6133,361.4001,0.0,KALINA,0.124289,166.6133,361.4001,0.0,KALINA,0.124289,166.6133,361.4001,0.0,KALINA,0.124289,166.6133,361.4001,0.0,True,-1.1508,True,-1.1508,True,-1.1508,True,-1.1508,True,-1.1508
busqueda_libre_v2,33,ctl_KALINA_f2,0.4,3000.0,550.0,470.0,300.032917,1.0,0.85,0.75,0.85,0.75,0.9,0.001,300,303.55,0.5,TeqpVerificado(x=0.5),KALINA,0.1099230068595296,"KALINA: régimen Kalina genuino y admisible, sin fallas.",convergio,,"KALINA: régimen Kalina genuino y admisible, sin fallas.",56.3,12,28,0,4.693,,,,,,,convergio,,"KALINA: régimen Kalina genuino y admisible, sin fallas.",53.6,12,28,0,4.465,convergio,,"KALINA: régimen Kalina genuino y admisible, sin fallas.",51.6,12,28,0,4.303,convergio,,"KALINA: régimen Kalina genuino y admisible, sin fallas.",51.9,12,28,0,4.327,convergio,,"KALINA: régimen Kalina genuino y admisible, sin fallas.",49.7,12,28,0,4.145,KALINA,0.109923,143.1328,370.8385,0.0,KALINA,0.109923,143.1328,370.8385,0.0,KALINA,0.109923,143.1328,370.8385,0.0,KALINA,0.109923,143.1328,370.8385,0.0,KALINA,0.109923,143.1328,370.8385,0.0,True,-1.2232,True,-1.2232,True,-1.2232,True,-1.2232,True,-1.2232
busqueda_libre_v2,159,ctl_KALINA_f2,0.45,3200.0,500.0,470.0,300.032917,1.0,0.85,0.75,0.85,0.75,0.95,0.001,300,303.55,0.5,TeqpVerificado(x=0.5),KALINA,0.1192443110530805,"KALINA: régimen Kalina genuino y admisible, sin fallas.",convergio,,"KALINA: régimen Kalina genuino y admisible, sin fallas.",45.4,9,21,0,5.04,,,,,,,convergio,,"KALINA: régimen Kalina genuino y admisible, sin fallas.",42.5,9,21,0,4.727,convergio,,"KALINA: régimen Kalina genuino y admisible, sin fallas.",42.1,9,21,0,4.683,convergio,,"KALINA: régimen Kalina genuino y admisible, sin fallas.",39.7,9,21,0,4.41,convergio,,"KALINA: régimen Kalina genuino y admisible, sin fallas.",40.6,9,21,0,4.512,KALINA,0.119244,168.1179,355.7567,0.0,KALINA,0.119244,168.1179,355.7567,0.0,KALINA,0.119244,168.1179,355.7567,0.0,KALINA,0.119244,168.1179,355.7567,0.0,KALINA,0.119244,168.1179,355.7567,0.0,True,-1.2495,True,-1.2495,True,-1.2495,True,-1.2495,True,-1.2495
busqueda_libre_v2,379,f2_h_Ps,0.5,3000.0,850.0,470.0,300.032917,1.0,0.85,0.75,0.75,0.85,0.85,0.001,300,303.55,0.5,TeqpVerificado(x=0.5),NO_CONVERGIO,,"h(P, s, x): el motor teqp no cubre el estado pedido (ver TASK_CONTEXT 2026-09-18-validar-teqp-nh3h2o). Detalle: equilibrio no resoluble en T=345.03 K, P=3e+06 Pa, x=0.5140",error_backend,PropertyRangeError,"PropertyRangeError: h(P, s, x): el motor teqp no cubre el estado pedido (ver TASK_CONTEXT 2026-09-18-validar-teqp-nh3h2o). Detalle: equilibrio no resoluble en T=345.03 K, P=3e+06 Pa, x=0.5140",27.5,3,13,0,9.165,extremo_lo,301.0329,4.0,3.0,bom.h10s,"PropertyRangeError: h(P, s, x): el motor teqp no cubre el estado pedido (ver TASK_CONTEXT 2026-09-18-validar-teqp-nh3h2o). Detalle: equilibrio no resoluble en T=345.03 K, P=3e+06 Pa, x=0.5140",error_backend,PropertyRangeError,"PropertyRangeError: h(P, s, x): el motor teqp no cubre el estado pedido (ver TASK_CONTEXT 2026-09-18-validar-teqp-nh3h2o). Detalle: equilibrio no resoluble en T=345.03 K, P=3e+06 Pa, x=0.5140",27.2,3,13,0,9.082,no_convergio,PuntoNoEvaluable,PuntoNoEvaluable: punto interior no evaluable (T=301.0329 K),31.0,3,13,0,10.323,no_convergio,PuntoNoEvaluable,PuntoNoEvaluable: punto interior no evaluable (T=301.0329 K),26.6,3,13,0,8.874,no_convergio,PuntoNoEvaluable,PuntoNoEvaluable: punto interior no evaluable (T=301.0329 K),27.8,3,13,0,9.261,,,,,,,,,,,,,,,,,,,,,,,,,,,,,,,,,,,
busqueda_libre_v2,802,f2_T_from_Ph,0.7,3300.0,2500.0,470.0,300.032917,1.0,0.85,0.75,0.8,0.8,0.8,0.001,300,303.55,0.5,TeqpVerificado(x=0.5),NO_CONVERGIO,,"T_from_Ph(P, h, x): el motor teqp no cubre el estado pedido (ver TASK_CONTEXT 2026-09-18-validar-teqp-nh3h2o). Detalle: h=49522.8 fuera de dominio a P=2.5e+06 Pa, x=0.7117",error_backend,PropertyRangeError,"PropertyRangeError: T_from_Ph(P, h, x): el motor teqp no cubre el estado pedido (ver TASK_CONTEXT 2026-09-18-validar-teqp-nh3h2o). Detalle: h=49522.8 fuera de dominio a P=2.5e+06 Pa, x=0.7117",11.8,2,5,0,5.892,extremo_hi,469.0,1.0,2.0,abs.T8,"PropertyRangeError: T_from_Ph(P, h, x): el motor teqp no cubre el estado pedido (ver TASK_CONTEXT 2026-09-18-validar-teqp-nh3h2o). Detalle: h=49522.8 fuera de dominio a P=2.5e+06 Pa, x=0.7117",error_backend,PropertyRangeError,"PropertyRangeError: T_from_Ph(P, h, x): el motor teqp no cubre el estado pedido (ver TASK_CONTEXT 2026-09-18-validar-teqp-nh3h2o). Detalle: h=49522.8 fuera de dominio a P=2.5e+06 Pa, x=0.7117",11.9,2,5,0,5.929,convergio,,"[CORREGIBLE] O2: succión de la bomba bifásica bajo el peor caso de T_amb (riesgo de cavitación) (medido=351.9187629396136, esperado=<= 349.329 K). Causa probable: subenfriamiento insuficiente a la sal",62.7,12,24,0,5.227,convergio,,"[CORREGIBLE] O2: succión de la bomba bifásica bajo el peor caso de T_amb (riesgo de cavitación) (medido=351.9187629396136, esperado=<= 349.329 K). Causa probable: subenfriamiento insuficiente a la sal",63.0,12,24,0,5.253,convergio,,"[CORREGIBLE] O2: succión de la bomba bifásica bajo el peor caso de T_amb (riesgo de cavitación) (medido=351.9187628373131, esperado=<= 349.329 K). Causa probable: subenfriamiento insuficiente a la sal",60.2,10,22,0,6.019,CORREGIBLE,0.024697,33.2367,364.6174,,CORREGIBLE,0.024697,33.2367,364.6174,,CORREGIBLE,0.024697,33.2367,364.6174,,,,,,,,,,,,,,,,,,,,,
busqueda_libre_v2,853,f2_T_from_Ph,0.8,2800.0,2500.0,470.0,300.032917,1.0,0.85,0.75,0.8,0.8,0.8,0.001,300,303.55,0.5,TeqpVerificado(x=0.5),NO_CONVERGIO,,"T_from_Ph(P, h, x): el motor teqp no cubre el estado pedido (ver TASK_CONTEXT 2026-09-18-validar-teqp-nh3h2o). Detalle: h=69842.5 fuera de dominio a P=2.5e+06 Pa, x=0.8088",error_backend,PropertyRangeError,"PropertyRangeError: T_from_Ph(P, h, x): el motor teqp no cubre el estado pedido (ver TASK_CONTEXT 2026-09-18-validar-teqp-nh3h2o). Detalle: h=69842.5 fuera de dominio a P=2.5e+06 Pa, x=0.8088",9.9,2,4,0,4.933,extremo_hi,469.0,1.0,2.0,abs.T8,"PropertyRangeError: T_from_Ph(P, h, x): el motor teqp no cubre el estado pedido (ver TASK_CONTEXT 2026-09-18-validar-teqp-nh3h2o). Detalle: h=69842.5 fuera de dominio a P=2.5e+06 Pa, x=0.8088",error_backend,PropertyRangeError,"PropertyRangeError: T_from_Ph(P, h, x): el motor teqp no cubre el estado pedido (ver TASK_CONTEXT 2026-09-18-validar-teqp-nh3h2o). Detalle: h=69842.5 fuera de dominio a P=2.5e+06 Pa, x=0.8088",9.9,2,4,0,4.973,no_convergio,PuntoNoEvaluable,PuntoNoEvaluable: punto interior no evaluable (T=348.5788 K),59.2,14,21,0,4.227,no_convergio,PuntoNoEvaluable,PuntoNoEvaluable: punto interior no evaluable (T=348.5788 K),60.6,14,21,0,4.331,no_convergio,PuntoNoEvaluable,PuntoNoEvaluable: punto interior no evaluable (T=348.4539 K),29.2,6,11,0,4.868,,,,,,,,,,,,,,,,,,,,,,,,,,,,,,,,,,,
busqueda_libre_v2,865,f2_h_Ps,0.8,4000.0,2200.0,470.0,300.032917,1.0,0.85,0.75,0.8,0.8,0.8,0.001,300,303.55,0.5,TeqpVerificado(x=0.5),NO_CONVERGIO,,"h(P, s, x): el motor teqp no cubre el estado pedido (ver TASK_CONTEXT 2026-09-18-validar-teqp-nh3h2o). Detalle: equilibrio no resoluble en T=469.60 K, P=2.2e+06 Pa, x=0.8861",error_backend,PropertyRangeError,"PropertyRangeError: h(P, s, x): el motor teqp no cubre el estado pedido (ver TASK_CONTEXT 2026-09-18-validar-teqp-nh3h2o). Detalle: equilibrio no resoluble en T=469.60 K, P=2.2e+06 Pa, x=0.8861",1.7,1,0,0,1.748,extremo_lo,301.0329,0.0,1.0,turb.h4s,"PropertyRangeError: h(P, s, x): el motor teqp no cubre el estado pedido (ver TASK_CONTEXT 2026-09-18-validar-teqp-nh3h2o). Detalle: equilibrio no resoluble en T=469.60 K, P=2.2e+06 Pa, x=0.8861",error_backend,PropertyRangeError,"PropertyRangeError: h(P, s, x): el motor teqp no cubre el estado pedido (ver TASK_CONTEXT 2026-09-18-validar-teqp-nh3h2o). Detalle: equilibrio no resoluble en T=469.60 K, P=2.2e+06 Pa, x=0.8861",2.2,1,0,0,2.21,no_convergio,NoBracket,"NoBracket: extremos [371.0, 459.0] K sin cambio de signo (f_lo=-6.6243, f_hi=-93.837)",49.4,18,9,0,2.745,no_convergio,NoBracket,"NoBracket: extremos [371.0, 459.0] K sin cambio de signo (f_lo=-6.6243, f_hi=-93.837)",46.9,18,9,0,2.604,no_convergio,NoBracket,"NoBracket: extremos [385.0, 427.0] K sin cambio de signo (f_lo=-20.521, f_hi=-62.359)",18.7,4,6,0,4.674,,,,,,,,,,,,,,,,,,,,,,,,,,,,,,,,,,,
busqueda_libre_v2,885,f2_T_from_Ph,0.85,3000.0,1500.0,470.0,300.032917,1.0,0.85,0.75,0.8,0.8,0.8,0.001,300,303.55,0.5,TeqpVerificado(x=0.5),NO_CONVERGIO,,"T_from_Ph(P, h, x): el motor teqp no cubre el estado pedido (ver TASK_CONTEXT 2026-09-18-validar-teqp-nh3h2o). Detalle: h=65584.5 fuera de dominio a P=1.5e+06 Pa, x=0.8570",error_backend,PropertyRangeError,"PropertyRangeError: T_from_Ph(P, h, x): el motor teqp no cubre el estado pedido (ver TASK_CONTEXT 2026-09-18-validar-teqp-nh3h2o). Detalle: h=65584.5 fuera de dominio a P=1.5e+06 Pa, x=0.8570",9.6,2,4,0,4.803,extremo_hi,469.0,1.0,2.0,abs.T8,"PropertyRangeError: T_from_Ph(P, h, x): el motor teqp no cubre el estado pedido (ver TASK_CONTEXT 2026-09-18-validar-teqp-nh3h2o). Detalle: h=65584.5 fuera de dominio a P=1.5e+06 Pa, x=0.8570",error_backend,PropertyRangeError,"PropertyRangeError: T_from_Ph(P, h, x): el motor teqp no cubre el estado pedido (ver TASK_CONTEXT 2026-09-18-validar-teqp-nh3h2o). Detalle: h=65584.5 fuera de dominio a P=1.5e+06 Pa, x=0.8570",9.9,2,4,0,4.945,convergio,,"[CORREGIBLE] O2: succión de la bomba bifásica bajo el peor caso de T_amb (riesgo de cavitación) (medido=319.6894917226156, esperado=<= 318.041 K). Causa probable: subenfriamiento insuficiente a la sal",76.8,19,27,0,4.043,convergio,,"[CORREGIBLE] O2: succión de la bomba bifásica bajo el peor caso de T_amb (riesgo de cavitación) (medido=319.689491722637, esperado=<= 318.041 K). Causa probable: subenfriamiento insuficiente a la sali",79.3,19,27,0,4.176,convergio,,"[CORREGIBLE] O2: succión de la bomba bifásica bajo el peor caso de T_amb (riesgo de cavitación) (medido=319.68949158817685, esperado=<= 318.041 K). Causa probable: subenfriamiento insuficiente a la sa",44.8,10,17,0,4.478,CORREGIBLE,0.06235,75.1325,347.7029,,CORREGIBLE,0.06235,75.1325,347.7029,,CORREGIBLE,0.06235,75.1325,347.7028,,,,,,,,,,,,,,,,,,,,,
busqueda_libre_v2,907,f2_T_from_Ph,0.85,4500.0,1600.0,470.0,300.032917,1.0,0.85,0.75,0.8,0.8,0.8,0.001,300,303.55,0.5,TeqpVerificado(x=0.5),NO_CONVERGIO,,"T_from_Ph(P, h, x): el motor teqp no cubre el estado pedido (ver TASK_CONTEXT 2026-09-18-validar-teqp-nh3h2o). Detalle: equilibrio no resoluble en T=479.01 K, P=4.5e+06 Pa, x=0.8570",error_backend,PropertyRangeError,"PropertyRangeError: T_from_Ph(P, h, x): el motor teqp no cubre el estado pedido (ver TASK_CONTEXT 2026-09-18-validar-teqp-nh3h2o). Detalle: equilibrio no resoluble en T=479.01 K, P=4.5e+06 Pa, x=0.857",5.8,2,4,0,2.908,extremo_hi,469.0,0.0,2.0,hrvg.T2,"PropertyRangeError: T_from_Ph(P, h, x): el motor teqp no cubre el estado pedido (ver TASK_CONTEXT 2026-09-18-validar-teqp-nh3h2o). Detalle: equilibrio no resoluble en T=479.01 K, P=4.5e+06 Pa, x=0.8570",error_backend,PropertyRangeError,"PropertyRangeError: T_from_Ph(P, h, x): el motor teqp no cubre el estado pedido (ver TASK_CONTEXT 2026-09-18-validar-teqp-nh3h2o). Detalle: equilibrio no resoluble en T=479.01 K, P=4.5e+06 Pa, x=0.857",5.7,2,4,0,2.841,convergio,,"[CORREGIBLE] O2: succión de la bomba bifásica bajo el peor caso de T_amb (riesgo de cavitación) (medido=321.91562608170227, esperado=<= 320.496 K). Causa probable: subenfriamiento insuficiente a la sa",52.4,11,23,0,4.767,convergio,,"[CORREGIBLE] O2: succión de la bomba bifásica bajo el peor caso de T_amb (riesgo de cavitación) (medido=321.91562608170034, esperado=<= 320.496 K). Causa probable: subenfriamiento insuficiente a la sa",53.3,11,23,0,4.843,convergio,,"[CORREGIBLE] O2: succión de la bomba bifásica bajo el peor caso de T_amb (riesgo de cavitación) (medido=321.91562610249065, esperado=<= 320.496 K). Causa probable: subenfriamiento insuficiente a la sa",59.6,11,24,0,5.423,CORREGIBLE,0.096148,113.6311,362.6177,,CORREGIBLE,0.096148,113.6311,362.6177,,CORREGIBLE,0.096148,113.6311,362.6177,,,,,,,,,,,,,,,,,,,,,
busqueda_libre_v2,997,f2_T_from_Ph,0.85,3600.0,1655.0,380.0,300.032917,1.0,0.85,0.75,0.8,0.8,0.8,0.001,300,303.55,0.5,TeqpVerificado(x=0.5),NO_CONVERGIO,,"T_from_Ph(P, h, x): el motor teqp no cubre el estado pedido (ver TASK_CONTEXT 2026-09-18-validar-teqp-nh3h2o). Detalle: h=-2.35123e+07 fuera de dominio a P=3.6e+06 Pa, x=0.8570",error_backend,PropertyRangeError,"PropertyRangeError: T_from_Ph(P, h, x): el motor teqp no cubre el estado pedido (ver TASK_CONTEXT 2026-09-18-validar-teqp-nh3h2o). Detalle: h=-2.35123e+07 fuera de dominio a P=3.6e+06 Pa, x=0.8570",19.8,5,21,0,3.956,interior_brentq,346.9964,0.0,5.0,hrvg.T2,"PropertyRangeError: T_from_Ph(P, h, x): el motor teqp no cubre el estado pedido (ver TASK_CONTEXT 2026-09-18-validar-teqp-nh3h2o). Detalle: h=-2.35123e+07 fuera de dominio a P=3.6e+06 Pa, x=0.8570",error_backend,PropertyRangeError,"PropertyRangeError: T_from_Ph(P, h, x): el motor teqp no cubre el estado pedido (ver TASK_CONTEXT 2026-09-18-validar-teqp-nh3h2o). Detalle: h=-2.35123e+07 fuera de dominio a P=3.6e+06 Pa, x=0.8570",19.2,5,20,0,3.837,no_convergio,PuntoNoEvaluable,PuntoNoEvaluable: punto interior no evaluable (T=346.9964 K),18.8,5,20,0,3.768,no_convergio,PuntoNoEvaluable,PuntoNoEvaluable: punto interior no evaluable (T=346.9964 K),20.1,5,21,0,4.025,no_convergio,PuntoNoEvaluable,PuntoNoEvaluable: punto interior no evaluable (T=346.9964 K),19.5,5,20,0,3.891,,,,,,,,,,,,,,,,,,,,,,,,,,,,,,,,,,,
busqueda_libre_v2,1178,f2_h_Ps,0.85,4000.0,2800.0,440.0,300.032917,1.0,0.85,0.75,0.8,0.8,0.8,0.001,300,303.55,0.5,TeqpVerificado(x=0.5),NO_CONVERGIO,,"h(P, s, x): el motor teqp no cubre el estado pedido (ver TASK_CONTEXT 2026-09-18-validar-teqp-nh3h2o). Detalle: equilibrio no resoluble en T=447.38 K, P=2.8e+06 Pa, x=0.9350",error_backend,PropertyRangeError,"PropertyRangeError: h(P, s, x): el motor teqp no cubre el estado pedido (ver TASK_CONTEXT 2026-09-18-validar-teqp-nh3h2o). Detalle: equilibrio no resoluble en T=447.38 K, P=2.8e+06 Pa, x=0.9350",1.4,1,0,0,1.356,extremo_lo,301.0329,0.0,1.0,turb.h4s,"PropertyRangeError: h(P, s, x): el motor teqp no cubre el estado pedido (ver TASK_CONTEXT 2026-09-18-validar-teqp-nh3h2o). Detalle: equilibrio no resoluble en T=447.38 K, P=2.8e+06 Pa, x=0.9350",error_backend,PropertyRangeError,"PropertyRangeError: h(P, s, x): el motor teqp no cubre el estado pedido (ver TASK_CONTEXT 2026-09-18-validar-teqp-nh3h2o). Detalle: equilibrio no resoluble en T=447.38 K, P=2.8e+06 Pa, x=0.9350",1.3,1,0,0,1.348,no_convergio,NoBracket,"NoBracket: extremos [366.0, 439.0] K sin cambio de signo (f_lo=-5.3074, f_hi=-78.018)",36.8,15,6,0,2.452,no_convergio,NoBracket,"NoBracket: extremos [366.0, 439.0] K sin cambio de signo (f_lo=-5.3074, f_hi=-78.018)",37.4,15,6,0,2.49,no_convergio,NoBracket,"NoBracket: extremos [370.0, 439.0] K sin cambio de signo (f_lo=-9.2618, f_hi=-78.018)",18.6,3,6,0,6.215,,,,,,,,,,,,,,,,,,,,,,,,,,,,,,,,,,,
busqueda_libre_v2,1214,f2_T_from_Ph,0.8,2800.0,1400.0,460.0,300.032917,1.0,0.85,0.75,0.8,0.8,0.8,0.001,300,303.55,0.5,TeqpVerificado(x=0.5),NO_CONVERGIO,,"T_from_Ph(P, h, x): el motor teqp no cubre el estado pedido (ver TASK_CONTEXT 2026-09-18-validar-teqp-nh3h2o). Detalle: h=52162 fuera de dominio a P=1.4e+06 Pa, x=0.8088",error_backend,PropertyRangeError,"PropertyRangeError: T_from_Ph(P, h, x): el motor teqp no cubre el estado pedido (ver TASK_CONTEXT 2026-09-18-validar-teqp-nh3h2o). Detalle: h=52162 fuera de dominio a P=1.4e+06 Pa, x=0.8088",8.8,2,4,0,4.399,extremo_hi,459.0,1.0,2.0,abs.T8,"PropertyRangeError: T_from_Ph(P, h, x): el motor teqp no cubre el estado pedido (ver TASK_CONTEXT 2026-09-18-validar-teqp-nh3h2o). Detalle: h=52162 fuera de dominio a P=1.4e+06 Pa, x=0.8088",error_backend,PropertyRangeError,"PropertyRangeError: T_from_Ph(P, h, x): el motor teqp no cubre el estado pedido (ver TASK_CONTEXT 2026-09-18-validar-teqp-nh3h2o). Detalle: h=52162 fuera de dominio a P=1.4e+06 Pa, x=0.8088",8.8,2,4,0,4.42,convergio,,"[CORREGIBLE] O2: succión de la bomba bifásica bajo el peor caso de T_amb (riesgo de cavitación) (medido=320.6453200524495, esperado=<= 317.988 K). Causa probable: subenfriamiento insuficiente a la sal",65.1,15,26,0,4.342,convergio,,"[CORREGIBLE] O2: succión de la bomba bifásica bajo el peor caso de T_amb (riesgo de cavitación) (medido=320.6453200524627, esperado=<= 317.988 K). Causa probable: subenfriamiento insuficiente a la sal",65.9,15,26,0,4.395,convergio,,"[CORREGIBLE] O2: succión de la bomba bifásica bajo el peor caso de T_amb (riesgo de cavitación) (medido=320.6453199591431, esperado=<= 317.988 K). Causa probable: subenfriamiento insuficiente a la sal",43.2,10,18,0,4.322,CORREGIBLE,0.059396,73.5995,348.3397,,CORREGIBLE,0.059396,73.5995,348.3397,,CORREGIBLE,0.059396,73.5995,348.3397,,,,,,,,,,,,,,,,,,,,,
busqueda_libre_v2,1251,f2_T_from_Ph,0.7,4000.0,1280.0,470.0,300.032917,1.0,0.85,0.75,0.8,0.8,0.8,0.001,300,303.55,0.5,TeqpVerificado(x=0.5),NO_CONVERGIO,,"T_from_Ph(P, h, x): el motor teqp no cubre el estado pedido (ver TASK_CONTEXT 2026-09-18-validar-teqp-nh3h2o). Detalle: equilibrio no resoluble en T=516.61 K, P=4e+06 Pa, x=0.7117",error_backend,PropertyRangeError,"PropertyRangeError: T_from_Ph(P, h, x): el motor teqp no cubre el estado pedido (ver TASK_CONTEXT 2026-09-18-validar-teqp-nh3h2o). Detalle: equilibrio no resoluble en T=516.61 K, P=4e+06 Pa, x=0.7117",0.6,1,0,0,0.602,extremo_lo,301.0329,0.0,1.0,hrvg.T2,"PropertyRangeError: T_from_Ph(P, h, x): el motor teqp no cubre el estado pedido (ver TASK_CONTEXT 2026-09-18-validar-teqp-nh3h2o). Detalle: equilibrio no resoluble en T=516.61 K, P=4e+06 Pa, x=0.7117",error_backend,PropertyRangeError,"PropertyRangeError: T_from_Ph(P, h, x): el motor teqp no cubre el estado pedido (ver TASK_CONTEXT 2026-09-18-validar-teqp-nh3h2o). Detalle: equilibrio no resoluble en T=516.61 K, P=4e+06 Pa, x=0.7117",0.6,1,0,0,0.595,convergio,,"[CORREGIBLE] O2: succión de la bomba bifásica bajo el peor caso de T_amb (riesgo de cavitación) (medido=326.4793798479543, esperado=<= 321.293 K). Causa probable: subenfriamiento insuficiente a la sal",80.7,14,26,0,5.767,convergio,,"[CORREGIBLE] O2: succión de la bomba bifásica bajo el peor caso de T_amb (riesgo de cavitación) (medido=326.47937984794567, esperado=<= 321.293 K). Causa probable: subenfriamiento insuficiente a la sa",81.2,14,26,0,5.801,no_convergio,NoBracket,"NoBracket: extremos [385.0, 469.0] K sin cambio de signo (f_lo=-11.717, f_hi=-94.684)",21.2,3,7,0,7.06,CORREGIBLE,0.092556,123.0212,373.1748,,CORREGIBLE,0.092556,123.0212,373.1748,,,,,,,,,,,,,,,,,,,,,,,,,,
busqueda_libre_v2,1285,f2_T_from_Ph,0.85,2800.0,895.0,470.0,300.032917,1.0,0.85,0.75,0.8,0.8,0.8,0.001,300,303.55,0.5,TeqpVerificado(x=0.5),NO_CONVERGIO,,"T_from_Ph(P, h, x): el motor teqp no cubre el estado pedido (ver TASK_CONTEXT 2026-09-18-validar-teqp-nh3h2o). Detalle: h=68987.7 fuera de dominio a P=8.95e+05 Pa, x=0.8570",error_backend,PropertyRangeError,"PropertyRangeError: T_from_Ph(P, h, x): el motor teqp no cubre el estado pedido (ver TASK_CONTEXT 2026-09-18-validar-teqp-nh3h2o). Detalle: h=68987.7 fuera de dominio a P=8.95e+05 Pa, x=0.8570",9.6,2,4,0,4.807,extremo_hi,469.0,1.0,2.0,abs.T8,"PropertyRangeError: T_from_Ph(P, h, x): el motor teqp no cubre el estado pedido (ver TASK_CONTEXT 2026-09-18-validar-teqp-nh3h2o). Detalle: h=68987.7 fuera de dominio a P=8.95e+05 Pa, x=0.8570",error_backend,PropertyRangeError,"PropertyRangeError: T_from_Ph(P, h, x): el motor teqp no cubre el estado pedido (ver TASK_CONTEXT 2026-09-18-validar-teqp-nh3h2o). Detalle: h=68987.7 fuera de dominio a P=8.95e+05 Pa, x=0.8570",9.6,2,4,0,4.788,convergio,,"[CORREGIBLE] O2: succión de la bomba bifásica bajo el peor caso de T_amb (riesgo de cavitación) (medido=307.6378815362767, esperado=<= 299.818 K). Causa probable: subenfriamiento insuficiente a la sal",77.3,20,28,0,3.864,convergio,,"[CORREGIBLE] O2: succión de la bomba bifásica bajo el peor caso de T_amb (riesgo de cavitación) (medido=307.63788153629025, esperado=<= 299.818 K). Causa probable: subenfriamiento insuficiente a la sa",75.9,20,28,0,3.793,convergio,,"[CORREGIBLE] O2: succión de la bomba bifásica bajo el peor caso de T_amb (riesgo de cavitación) (medido=307.6378810452019, esperado=<= 299.818 K). Causa probable: subenfriamiento insuficiente a la sal",43.5,10,17,0,4.345,CORREGIBLE,0.092492,108.4594,345.2148,,CORREGIBLE,0.092492,108.4594,345.2148,,CORREGIBLE,0.092492,108.4594,345.2148,,,,,,,,,,,,,,,,,,,,,
busqueda_libre_v2,1293,f2_h_Ps,0.85,3600.0,2520.0,470.0,300.032917,1.0,0.85,0.75,0.8,0.8,0.8,0.001,300,303.55,0.5,TeqpVerificado(x=0.5),NO_CONVERGIO,,"h(P, s, x): el motor teqp no cubre el estado pedido (ver TASK_CONTEXT 2026-09-18-validar-teqp-nh3h2o). Detalle: equilibrio no resoluble en T=454.86 K, P=2.52e+06 Pa, x=0.9185",error_backend,PropertyRangeError,"PropertyRangeError: h(P, s, x): el motor teqp no cubre el estado pedido (ver TASK_CONTEXT 2026-09-18-validar-teqp-nh3h2o). Detalle: equilibrio no resoluble en T=454.86 K, P=2.52e+06 Pa, x=0.9185",1.6,1,0,0,1.646,extremo_lo,301.0329,0.0,1.0,turb.h4s,"PropertyRangeError: h(P, s, x): el motor teqp no cubre el estado pedido (ver TASK_CONTEXT 2026-09-18-validar-teqp-nh3h2o). Detalle: equilibrio no resoluble en T=454.86 K, P=2.52e+06 Pa, x=0.9185",error_backend,PropertyRangeError,"PropertyRangeError: h(P, s, x): el motor teqp no cubre el estado pedido (ver TASK_CONTEXT 2026-09-18-validar-teqp-nh3h2o). Detalle: equilibrio no resoluble en T=454.86 K, P=2.52e+06 Pa, x=0.9185",1.7,1,0,0,1.706,no_convergio,NoBracket,"NoBracket: extremos [361.0, 429.0] K sin cambio de signo (f_lo=-5.114, f_hi=-72.602)",54.8,22,11,0,2.49,no_convergio,NoBracket,"NoBracket: extremos [361.0, 429.0] K sin cambio de signo (f_lo=-5.114, f_hi=-72.602)",54.3,22,11,0,2.467,no_convergio,NoBracket,"NoBracket: extremos [385.0, 427.0] K sin cambio de signo (f_lo=-29, f_hi=-70.637)",16.9,4,6,0,4.221,,,,,,,,,,,,,,,,,,,,,,,,,,,,,,,,,,,
busqueda_libre_v2,1307,f2_T_from_Ph,0.7,3600.0,1150.0,480.0,300.032917,1.0,0.85,0.75,0.8,0.8,0.8,0.001,300,303.55,0.5,TeqpVerificado(x=0.5),NO_CONVERGIO,,"T_from_Ph(P, h, x): el motor teqp no cubre el estado pedido (ver TASK_CONTEXT 2026-09-18-validar-teqp-nh3h2o). Detalle: h=53841.7 fuera de dominio a P=1.15e+06 Pa, x=0.7117",error_backend,PropertyRangeError,"PropertyRangeError: T_from_Ph(P, h, x): el motor teqp no cubre el estado pedido (ver TASK_CONTEXT 2026-09-18-validar-teqp-nh3h2o). Detalle: h=53841.7 fuera de dominio a P=1.15e+06 Pa, x=0.7117",14.3,2,6,0,7.173,extremo_hi,479.0,1.0,2.0,abs.T8,"PropertyRangeError: T_from_Ph(P, h, x): el motor teqp no cubre el estado pedido (ver TASK_CONTEXT 2026-09-18-validar-teqp-nh3h2o). Detalle: h=53841.7 fuera de dominio a P=1.15e+06 Pa, x=0.7117",error_backend,PropertyRangeError,"PropertyRangeError: T_from_Ph(P, h, x): el motor teqp no cubre el estado pedido (ver TASK_CONTEXT 2026-09-18-validar-teqp-nh3h2o). Detalle: h=53841.7 fuera de dominio a P=1.15e+06 Pa, x=0.7117",14.5,2,6,0,7.26,convergio,,"[CORREGIBLE] O2: succión de la bomba bifásica bajo el peor caso de T_amb (riesgo de cavitación) (medido=323.19991254081486, esperado=<= 317.287 K). Causa probable: subenfriamiento insuficiente a la sa",79.4,14,28,0,5.668,convergio,,"[CORREGIBLE] O2: succión de la bomba bifásica bajo el peor caso de T_amb (riesgo de cavitación) (medido=323.19991254083595, esperado=<= 317.287 K). Causa probable: subenfriamiento insuficiente a la sa",77.4,14,28,0,5.529,convergio,,"[CORREGIBLE] O2: succión de la bomba bifásica bajo el peor caso de T_amb (riesgo de cavitación) (medido=323.19991235693976, esperado=<= 317.287 K). Causa probable: subenfriamiento insuficiente a la sa",65.6,10,24,0,6.558,CORREGIBLE,0.090219,122.8533,368.4642,,CORREGIBLE,0.090219,122.8533,368.4642,,CORREGIBLE,0.090219,122.8533,368.4642,,,,,,,,,,,,,,,,,,,,,
busqueda_libre_v2,1327,f2_T_from_Ph,0.75,4000.0,2800.0,480.0,300.032917,1.0,0.85,0.75,0.8,0.8,0.8,0.001,300,303.55,0.5,TeqpVerificado(x=0.5),NO_CONVERGIO,,"T_from_Ph(P, h, x): el motor teqp no cubre el estado pedido (ver TASK_CONTEXT 2026-09-18-validar-teqp-nh3h2o). Detalle: h=54694.6 fuera de dominio a P=2.8e+06 Pa, x=0.7604",error_backend,PropertyRangeError,"PropertyRangeError: T_from_Ph(P, h, x): el motor teqp no cubre el estado pedido (ver TASK_CONTEXT 2026-09-18-validar-teqp-nh3h2o). Detalle: h=54694.6 fuera de dominio a P=2.8e+06 Pa, x=0.7604",16.0,2,5,0,8.009,extremo_hi,479.0,1.0,2.0,abs.T8,"PropertyRangeError: T_from_Ph(P, h, x): el motor teqp no cubre el estado pedido (ver TASK_CONTEXT 2026-09-18-validar-teqp-nh3h2o). Detalle: h=54694.6 fuera de dominio a P=2.8e+06 Pa, x=0.7604",error_backend,PropertyRangeError,"PropertyRangeError: T_from_Ph(P, h, x): el motor teqp no cubre el estado pedido (ver TASK_CONTEXT 2026-09-18-validar-teqp-nh3h2o). Detalle: h=54694.6 fuera de dominio a P=2.8e+06 Pa, x=0.7604",14.7,2,5,0,7.344,convergio,,"[CORREGIBLE] O2: succión de la bomba bifásica bajo el peor caso de T_amb (riesgo de cavitación) (medido=351.9420907373, esperado=<= 350.374 K). Causa probable: subenfriamiento insuficiente a la salida",91.3,14,30,0,6.521,convergio,,"[CORREGIBLE] O2: succión de la bomba bifásica bajo el peor caso de T_amb (riesgo de cavitación) (medido=351.9420907372931, esperado=<= 350.374 K). Causa probable: subenfriamiento insuficiente a la sal",92.9,14,30,0,6.634,convergio,,"[CORREGIBLE] O2: succión de la bomba bifásica bajo el peor caso de T_amb (riesgo de cavitación) (medido=351.9420904546121, esperado=<= 350.374 K). Causa probable: subenfriamiento insuficiente a la sal",80.0,10,24,0,8.0,CORREGIBLE,0.033516,43.787,368.5306,,CORREGIBLE,0.033516,43.787,368.5306,,CORREGIBLE,0.033516,43.787,368.5306,,,,,,,,,,,,,,,,,,,,,
busqueda_libre_v2,1363,f2_T_from_Ph,0.7,2800.0,1960.0,500.0,300.032917,1.0,0.85,0.75,0.8,0.8,0.8,0.001,300,303.55,0.5,TeqpVerificado(x=0.5),NO_CONVERGIO,,"T_from_Ph(P, h, x): el motor teqp no cubre el estado pedido (ver TASK_CONTEXT 2026-09-18-validar-teqp-nh3h2o). Detalle: h=553036 fuera de dominio a P=1.96e+06 Pa, x=0.7117",error_backend,PropertyRangeError,"PropertyRangeError: T_from_Ph(P, h, x): el motor teqp no cubre el estado pedido (ver TASK_CONTEXT 2026-09-18-validar-teqp-nh3h2o). Detalle: h=553036 fuera de dominio a P=1.96e+06 Pa, x=0.7117",10.1,2,4,0,5.051,extremo_hi,499.0,1.0,2.0,abs.T8,"PropertyRangeError: T_from_Ph(P, h, x): el motor teqp no cubre el estado pedido (ver TASK_CONTEXT 2026-09-18-validar-teqp-nh3h2o). Detalle: h=553036 fuera de dominio a P=1.96e+06 Pa, x=0.7117",error_backend,PropertyRangeError,"PropertyRangeError: T_from_Ph(P, h, x): el motor teqp no cubre el estado pedido (ver TASK_CONTEXT 2026-09-18-validar-teqp-nh3h2o). Detalle: h=553036 fuera de dominio a P=1.96e+06 Pa, x=0.7117",9.5,2,4,0,4.744,convergio,,"[CORREGIBLE] O2: succión de la bomba bifásica bajo el peor caso de T_amb (riesgo de cavitación) (medido=342.9286836089011, esperado=<= 338.489 K). Causa probable: subenfriamiento insuficiente a la sal",93.8,23,34,0,4.079,convergio,,"[CORREGIBLE] O2: succión de la bomba bifásica bajo el peor caso de T_amb (riesgo de cavitación) (medido=342.92868360889037, esperado=<= 338.489 K). Causa probable: subenfriamiento insuficiente a la sa",94.1,23,34,0,4.093,convergio,,"[CORREGIBLE] O2: succión de la bomba bifásica bajo el peor caso de T_amb (riesgo de cavitación) (medido=342.9286835506891, esperado=<= 338.489 K). Causa probable: subenfriamiento insuficiente a la sal",52.6,10,21,0,5.258,CORREGIBLE,0.029726,42.1683,357.8573,,CORREGIBLE,0.029726,42.1683,357.8573,,CORREGIBLE,0.029726,42.1683,357.8573,,,,,,,,,,,,,,,,,,,,,
busqueda_libre_v2,1382,f2_T_from_Ph,0.75,3600.0,1150.0,500.0,300.032917,1.0,0.85,0.75,0.8,0.8,0.8,0.001,300,303.55,0.5,TeqpVerificado(x=0.5),NO_CONVERGIO,,"T_from_Ph(P, h, x): el motor teqp no cubre el estado pedido (ver TASK_CONTEXT 2026-09-18-validar-teqp-nh3h2o). Detalle: equilibrio no resoluble en T=507.15 K, P=3.6e+06 Pa, x=0.7604",error_backend,PropertyRangeError,"PropertyRangeError: T_from_Ph(P, h, x): el motor teqp no cubre el estado pedido (ver TASK_CONTEXT 2026-09-18-validar-teqp-nh3h2o). Detalle: equilibrio no resoluble en T=507.15 K, P=3.6e+06 Pa, x=0.760",8.2,2,3,0,4.077,extremo_hi,499.0,0.0,2.0,hrvg.T2,"PropertyRangeError: T_from_Ph(P, h, x): el motor teqp no cubre el estado pedido (ver TASK_CONTEXT 2026-09-18-validar-teqp-nh3h2o). Detalle: equilibrio no resoluble en T=507.15 K, P=3.6e+06 Pa, x=0.7604",error_backend,PropertyRangeError,"PropertyRangeError: T_from_Ph(P, h, x): el motor teqp no cubre el estado pedido (ver TASK_CONTEXT 2026-09-18-validar-teqp-nh3h2o). Detalle: equilibrio no resoluble en T=507.15 K, P=3.6e+06 Pa, x=0.760",8.4,2,3,0,4.219,convergio,,"[CORREGIBLE] O2: succión de la bomba bifásica bajo el peor caso de T_amb (riesgo de cavitación) (medido=318.27266078286505, esperado=<= 313.692 K). Causa probable: subenfriamiento insuficiente a la sa",86.7,21,29,0,4.131,convergio,,"[CORREGIBLE] O2: succión de la bomba bifásica bajo el peor caso de T_amb (riesgo de cavitación) (medido=318.27266078287545, esperado=<= 313.692 K). Causa probable: subenfriamiento insuficiente a la sa",88.0,21,29,0,4.189,convergio,,"[CORREGIBLE] O2: succión de la bomba bifásica bajo el peor caso de T_amb (riesgo de cavitación) (medido=318.2726604541714, esperado=<= 313.692 K). Causa probable: subenfriamiento insuficiente a la sal",54.4,10,18,0,5.437,CORREGIBLE,0.091933,124.6536,363.8056,,CORREGIBLE,0.091933,124.6536,363.8056,,CORREGIBLE,0.091933,124.6536,363.8056,,,,,,,,,,,,,,,,,,,,,
busqueda_libre_v2,1402,f2_T_from_Ph,0.8,4000.0,2800.0,500.0,300.032917,1.0,0.85,0.75,0.8,0.8,0.8,0.001,300,303.55,0.5,TeqpVerificado(x=0.5),NO_CONVERGIO,,"T_from_Ph(P, h, x): el motor teqp no cubre el estado pedido (ver TASK_CONTEXT 2026-09-18-validar-teqp-nh3h2o). Detalle: h=105570 fuera de dominio a P=2.8e+06 Pa, x=0.8088",error_backend,PropertyRangeError,"PropertyRangeError: T_from_Ph(P, h, x): el motor teqp no cubre el estado pedido (ver TASK_CONTEXT 2026-09-18-validar-teqp-nh3h2o). Detalle: h=105570 fuera de dominio a P=2.8e+06 Pa, x=0.8088",14.4,2,5,0,7.201,extremo_hi,499.0,1.0,2.0,abs.T8,"PropertyRangeError: T_from_Ph(P, h, x): el motor teqp no cubre el estado pedido (ver TASK_CONTEXT 2026-09-18-validar-teqp-nh3h2o). Detalle: h=105570 fuera de dominio a P=2.8e+06 Pa, x=0.8088",error_backend,PropertyRangeError,"PropertyRangeError: T_from_Ph(P, h, x): el motor teqp no cubre el estado pedido (ver TASK_CONTEXT 2026-09-18-validar-teqp-nh3h2o). Detalle: h=105570 fuera de dominio a P=2.8e+06 Pa, x=0.8088",14.6,2,5,0,7.286,convergio,,"[CORREGIBLE] O2: succión de la bomba bifásica bajo el peor caso de T_amb (riesgo de cavitación) (medido=348.1315887691133, esperado=<= 346.783 K). Causa probable: subenfriamiento insuficiente a la sal",118.7,23,33,0,5.163,convergio,,"[CORREGIBLE] O2: succión de la bomba bifásica bajo el peor caso de T_amb (riesgo de cavitación) (medido=348.13158876912746, esperado=<= 346.783 K). Causa probable: subenfriamiento insuficiente a la sa",122.8,23,33,0,5.338,convergio,,"[CORREGIBLE] O2: succión de la bomba bifásica bajo el peor caso de T_amb (riesgo de cavitación) (medido=348.1315885641055, esperado=<= 346.783 K). Causa probable: subenfriamiento insuficiente a la sal",71.7,10,21,0,7.172,CORREGIBLE,0.034262,44.6239,364.4511,,CORREGIBLE,0.034262,44.6239,364.4511,,CORREGIBLE,0.034262,44.6239,364.4511,,,,,,,,,,,,,,,,,,,,,
busqueda_libre_v2,1411,f2_h_Ps,0.85,3600.0,2520.0,500.0,300.032917,1.0,0.85,0.75,0.8,0.8,0.8,0.001,300,303.55,0.5,TeqpVerificado(x=0.5),NO_CONVERGIO,,"h(P, s, x): el motor teqp no cubre el estado pedido (ver TASK_CONTEXT 2026-09-18-validar-teqp-nh3h2o). Detalle: equilibrio no resoluble en T=463.61 K, P=2.52e+06 Pa, x=0.9030",error_backend,PropertyRangeError,"PropertyRangeError: h(P, s, x): el motor teqp no cubre el estado pedido (ver TASK_CONTEXT 2026-09-18-validar-teqp-nh3h2o). Detalle: equilibrio no resoluble en T=463.61 K, P=2.52e+06 Pa, x=0.9030",1.4,1,0,0,1.362,extremo_lo,301.0329,0.0,1.0,turb.h4s,"PropertyRangeError: h(P, s, x): el motor teqp no cubre el estado pedido (ver TASK_CONTEXT 2026-09-18-validar-teqp-nh3h2o). Detalle: equilibrio no resoluble en T=463.61 K, P=2.52e+06 Pa, x=0.9030",error_backend,PropertyRangeError,"PropertyRangeError: h(P, s, x): el motor teqp no cubre el estado pedido (ver TASK_CONTEXT 2026-09-18-validar-teqp-nh3h2o). Detalle: equilibrio no resoluble en T=463.61 K, P=2.52e+06 Pa, x=0.9030",1.3,1,0,0,1.331,convergio,,"[CORREGIBLE] O2: succión de la bomba bifásica bajo el peor caso de T_amb (riesgo de cavitación) (medido=340.1872594190143, esperado=<= 339.059 K). Causa probable: subenfriamiento insuficiente a la sal",129.8,35,36,0,3.709,convergio,,"[CORREGIBLE] O2: succión de la bomba bifásica bajo el peor caso de T_amb (riesgo de cavitación) (medido=340.18725941900993, esperado=<= 339.059 K). Causa probable: subenfriamiento insuficiente a la sa",131.7,35,36,0,3.763,no_convergio,NoBracket,NoBracket: extremo_hi sin evaluar en 6 intentos de bisección (T=497.4534 K),37.6,9,10,0,4.172,CORREGIBLE,0.034644,43.5588,355.9255,,CORREGIBLE,0.034644,43.5588,355.9255,,,,,,,,,,,,,,,,,,,,,,,,,,
busqueda_libre_v2,1505,f2_T_from_Ph,0.75,4000.0,1840.0,400.0,300.032917,1.0,0.85,0.75,0.8,0.8,0.85,0.001,300,303.55,0.5,TeqpVerificado(x=0.5),NO_CONVERGIO,,"T_from_Ph(P, h, x): el motor teqp no cubre el estado pedido (ver TASK_CONTEXT 2026-09-18-validar-teqp-nh3h2o). Detalle: h=-5.83279e+08 fuera de dominio a P=4e+06 Pa, x=0.7604",error_backend,PropertyRangeError,"PropertyRangeError: T_from_Ph(P, h, x): el motor teqp no cubre el estado pedido (ver TASK_CONTEXT 2026-09-18-validar-teqp-nh3h2o). Detalle: h=-5.83279e+08 fuera de dominio a P=4e+06 Pa, x=0.7604",22.7,6,23,0,3.785,interior_brentq,351.8451,0.0,6.0,hrvg.T2,"PropertyRangeError: T_from_Ph(P, h, x): el motor teqp no cubre el estado pedido (ver TASK_CONTEXT 2026-09-18-validar-teqp-nh3h2o). Detalle: h=-5.83279e+08 fuera de dominio a P=4e+06 Pa, x=0.7604",error_backend,PropertyRangeError,"PropertyRangeError: T_from_Ph(P, h, x): el motor teqp no cubre el estado pedido (ver TASK_CONTEXT 2026-09-18-validar-teqp-nh3h2o). Detalle: h=-5.83279e+08 fuera de dominio a P=4e+06 Pa, x=0.7604",23.8,6,23,0,3.959,no_convergio,PuntoNoEvaluable,PuntoNoEvaluable: punto interior no evaluable (T=351.8451 K),23.6,6,23,0,3.938,no_convergio,PuntoNoEvaluable,PuntoNoEvaluable: punto interior no evaluable (T=351.8451 K),23.3,6,23,0,3.88,no_convergio,PuntoNoEvaluable,PuntoNoEvaluable: punto interior no evaluable (T=351.8451 K),27.4,6,23,0,4.559,,,,,,,,,,,,,,,,,,,,,,,,,,,,,,,,,,,
