paquete,magnitud,dwsim,referencia,err_abs,err_rel
Peng-Robinson-Stryjek-Vera 2 (PRSV2-M),T7 p_bub x=0.2 T=300,0.8163063090359198,0.04071,0.7755963090359198,19.051739352393017
Peng-Robinson-Stryjek-Vera 2 (PRSV2-M),T7 x_v x=0.2 T=300,0.9956512734031627,0.936,0.059651273403162675,0.06372999295209687
Peng-Robinson-Stryjek-Vera 2 (PRSV2-M),T7 p_bub x=0.4 T=400,6.384444112651976,2.5545,3.829944112651976,1.4992930564306033
Peng-Robinson-Stryjek-Vera 2 (PRSV2-M),T7 x_v x=0.4 T=400,0.9481369712282761,0.9363,0.011836971228276094,0.012642284767997537
Peng-Robinson-Stryjek-Vera 2 (PRSV2-M),T7 p_bub x=0.6 T=500,21.351730998391396,16.698,4.653730998391396,0.2786999040838062
Peng-Robinson-Stryjek-Vera 2 (PRSV2-M),T7 x_v x=0.6 T=500,0.6584205949055948,0.7844,-0.1259794050944052,-0.16060607482713565
Peng-Robinson-Stryjek-Vera 2 (PRSV2-M),T8 p_dew y=0.2 T=300,0.004428077927026792,0.00437062,5.745792702679161e-05,0.01314640188961557
Peng-Robinson-Stryjek-Vera 2 (PRSV2-M),T8 x_L y=0.2 T=300,9.172742283074094e-05,0.010672,-0.010580272577169259,-0.9914048516837761
Peng-Robinson-Stryjek-Vera 2 (PRSV2-M),T8 p_dew y=0.4 T=400,0.4132854627978522,0.394694,0.018591462797852232,0.04710348471943387
Peng-Robinson-Stryjek-Vera 2 (PRSV2-M),T8 x_L y=0.4 T=400,0.004587225423463198,0.051541,-0.0469537745765368,-0.9109985172297163
Peng-Robinson-Stryjek-Vera 2 (PRSV2-M),T8 p_dew y=0.6 T=500,7.828743086531535,6.52607,1.3026730865315352,0.19961065182131593
Peng-Robinson-Stryjek-Vera 2 (PRSV2-M),T8 x_L y=0.6 T=500,0.08689167090905439,0.22135,-0.1344583290909456,-0.6074467092430341
Peng-Robinson-Stryjek-Vera 2 (PRSV2-M),(a) T_bub 273.55 kPa,264.73343245893193,287.0000129065268,-22.26658044759489,-0.07758390050960348
Peng-Robinson-Stryjek-Vera 2 (PRSV2-M),(b) T_bub 1500 kPa,321.1708011798398,344.3857142664445,-23.214913086604668,-0.06740962857897102
Peng-Robinson-Stryjek-Vera 2 (PRSV2-M),(b) T_dew 1500 kPa,433.9358621638538,437.85004225819034,-3.9141800943365297,-0.008939544859124224
Peng-Robinson-Stryjek-Vera 2 (PRSV2-M),(c) w_liq 1500 kPa 369 K,0.05882334394178023,0.40957150720802277,-0.35074816326624253,-0.8563783297750162
Peng-Robinson-Stryjek-Vera 2 (PRSV2-M),(c) w_vap 1500 kPa 369 K,0.9338218112384262,0.9666427601875816,-0.032820948949155326,-0.033953545509187145
Peng-Robinson-Stryjek-Vera 2 (PRSV2-M),(c) fraccion vapor masica,0.5613457330682373,0.25208353875896405,0.30926219430927326,1.2268242338702726
Peng-Robinson-Stryjek-Vera 2 (PRSV2-M),(d) dh 369-300 K a 1500 kPa,864.8743350348825,648.7910938503215,216.08324118456096,0.3330551902341806
Peng-Robinson-Stryjek-Vera 2 (PRSV2-VL),T7 p_bub x=0.2 T=300,nan,0.04071,nan,nan
Peng-Robinson-Stryjek-Vera 2 (PRSV2-VL),T7 x_v x=0.2 T=300,nan,0.936,nan,nan
Peng-Robinson-Stryjek-Vera 2 (PRSV2-VL),T7 p_bub x=0.4 T=400,nan,2.5545,nan,nan
Peng-Robinson-Stryjek-Vera 2 (PRSV2-VL),T7 x_v x=0.4 T=400,nan,0.9363,nan,nan
Peng-Robinson-Stryjek-Vera 2 (PRSV2-VL),T7 p_bub x=0.6 T=500,nan,16.698,nan,nan
Peng-Robinson-Stryjek-Vera 2 (PRSV2-VL),T7 x_v x=0.6 T=500,nan,0.7844,nan,nan
Peng-Robinson-Stryjek-Vera 2 (PRSV2-VL),T8 p_dew y=0.2 T=300,0.00647275243539095,0.00437062,0.0021021324353909495,0.4809689324148403
Peng-Robinson-Stryjek-Vera 2 (PRSV2-VL),T8 x_L y=0.2 T=300,0.0012209846696260936,0.010672,-0.009451015330373905,-0.8855898922764155
Peng-Robinson-Stryjek-Vera 2 (PRSV2-VL),T8 p_dew y=0.4 T=400,0.4132854627978522,0.394694,0.018591462797852232,0.04710348471943387
Peng-Robinson-Stryjek-Vera 2 (PRSV2-VL),T8 x_L y=0.4 T=400,0.004587225423463198,0.051541,-0.0469537745765368,-0.9109985172297163
Peng-Robinson-Stryjek-Vera 2 (PRSV2-VL),T8 p_dew y=0.6 T=500,7.610181940666405,6.52607,1.0841119406664053,0.1661201826928619
Peng-Robinson-Stryjek-Vera 2 (PRSV2-VL),T8 x_L y=0.6 T=500,0.08695087026936457,0.22135,-0.13439912973063542,-0.607179262392751
Peng-Robinson-Stryjek-Vera 2 (PRSV2-VL),(a) T_bub 273.55 kPa,276.24995832413845,287.0000129065268,-10.750054582388373,-0.03745663449112653
Peng-Robinson-Stryjek-Vera 2 (PRSV2-VL),(b) T_bub 1500 kPa,nan,344.3857142664445,nan,nan
Peng-Robinson-Stryjek-Vera 2 (PRSV2-VL),(b) T_dew 1500 kPa,nan,437.85004225819034,nan,nan
Peng-Robinson-Stryjek-Vera 2 (PRSV2-VL),(c) w_liq 1500 kPa 369 K,0.05882334394178023,0.40957150720802277,-0.35074816326624253,-0.8563783297750162
Peng-Robinson-Stryjek-Vera 2 (PRSV2-VL),(c) w_vap 1500 kPa 369 K,0.9338218112384262,0.9666427601875816,-0.032820948949155326,-0.033953545509187145
Peng-Robinson-Stryjek-Vera 2 (PRSV2-VL),(c) fraccion vapor masica,0.5613457330682373,0.25208353875896405,0.30926219430927326,1.2268242338702726
Peng-Robinson-Stryjek-Vera 2 (PRSV2-VL),(d) dh 369-300 K a 1500 kPa,864.8743350348825,648.7910938503215,216.08324118456096,0.3330551902341806
Soave-Redlich-Kwong (SRK),T7 p_bub x=0.2 T=300,0.9286160630524997,0.04071,0.8879060630524996,21.810514936195027
Soave-Redlich-Kwong (SRK),T7 x_v x=0.2 T=300,0.997057127429015,0.936,0.061057127429014924,0.06523197374894757
Soave-Redlich-Kwong (SRK),T7 p_bub x=0.4 T=400,6.66549057866054,2.5545,4.11099057866054,1.609313203625187
Soave-Redlich-Kwong (SRK),T7 x_v x=0.4 T=400,0.0,0.9363,-0.9363,-1.0
Soave-Redlich-Kwong (SRK),T7 p_bub x=0.6 T=500,21.07726414148481,16.698,4.379264141484811,0.2622627944355498
Soave-Redlich-Kwong (SRK),T7 x_v x=0.6 T=500,0.6630783833876042,0.7844,-0.12132161661239582,-0.15466804769555817
Soave-Redlich-Kwong (SRK),T8 p_dew y=0.2 T=300,0.0033166533133003784,0.00437062,-0.001053966686699622,-0.24114809493838904
Soave-Redlich-Kwong (SRK),T8 x_L y=0.2 T=300,5.716643986087822e-05,0.010672,-0.010614833560139121,-0.9946433246007423
Soave-Redlich-Kwong (SRK),T8 p_dew y=0.4 T=400,0.3930527436305453,0.394694,-0.001641256369454669,-0.0041583007835302
Soave-Redlich-Kwong (SRK),T8 x_L y=0.4 T=400,0.0,0.051541,-0.051541,-1.0
Soave-Redlich-Kwong (SRK),T8 p_dew y=0.6 T=500,7.957761642183483,6.52607,1.431691642183483,0.21938036861135157
Soave-Redlich-Kwong (SRK),T8 x_L y=0.6 T=500,0.08659189683001504,0.22135,-0.13475810316998493,-0.6088010082222044
Soave-Redlich-Kwong (SRK),(a) T_bub 273.55 kPa,263.11745047527427,287.0000129065268,-23.882562431252552,-0.08321449950258669
Soave-Redlich-Kwong (SRK),(b) T_bub 1500 kPa,319.06821305977303,344.3857142664445,-25.317501206671466,-0.07351495767064196
Soave-Redlich-Kwong (SRK),(b) T_dew 1500 kPa,434.5026846653469,437.85004225819034,-3.347357592843423,-0.0076449863418525405
Soave-Redlich-Kwong (SRK),(c) w_liq 1500 kPa 369 K,0.05129985194380603,0.40957150720802277,-0.3582716552642167,-0.8747475079662935
Soave-Redlich-Kwong (SRK),(c) w_vap 1500 kPa 369 K,0.9396408134413238,0.9666427601875816,-0.027001946746257777,-0.02793373918304413
Soave-Redlich-Kwong (SRK),(c) fraccion vapor masica,0.5613837137662907,0.25208353875896405,0.30930017500732665,1.2269749009794395
Soave-Redlich-Kwong (SRK),(d) dh 369-300 K a 1500 kPa,879.8672535000828,648.7910938503215,231.07615964976128,0.3561641980601407
Peng-Robinson 1978 (PR78),T7 p_bub x=0.2 T=300,0.06238571697716387,0.04071,0.02167571697716387,0.5324420775525391
Peng-Robinson 1978 (PR78),T7 x_v x=0.2 T=300,0.9648274712626422,0.936,0.02882747126264218,0.030798580408805745
Peng-Robinson 1978 (PR78),T7 p_bub x=0.4 T=400,2.7199912985065673,2.5545,0.1654912985065673,0.06478422333394687
Peng-Robinson 1978 (PR78),T7 x_v x=0.4 T=400,0.9424697042965572,0.9363,0.006169704296557166,0.00658945241541938
Peng-Robinson 1978 (PR78),T7 p_bub x=0.6 T=500,16.824855872741022,16.698,0.1268558727410216,0.007597069873099869
Peng-Robinson 1978 (PR78),T7 x_v x=0.6 T=500,0.8175672166074295,0.7844,0.033167216607429495,0.04228354998397437
Peng-Robinson 1978 (PR78),T8 p_dew y=0.2 T=300,0.003737831919689055,0.00437062,-0.0006327880803109454,-0.1447822231882308
Peng-Robinson 1978 (PR78),T8 x_L y=0.2 T=300,0.0063281665768004265,0.010672,-0.004343833423199573,-0.4070308679909645
Peng-Robinson 1978 (PR78),T8 p_dew y=0.4 T=400,0.3811868971992097,0.394694,-0.013507102800790316,-0.03422170795803918
Peng-Robinson 1978 (PR78),T8 x_L y=0.4 T=400,0.05086988363505521,0.051541,-0.000671116364944789,-0.013021019478566367
Peng-Robinson 1978 (PR78),T8 p_dew y=0.6 T=500,6.245428314208897,6.52607,-0.28064168579110316,-0.04300316818408371
Peng-Robinson 1978 (PR78),T8 x_L y=0.6 T=500,0.21991393383049962,0.22135,-0.0014360661695003718,-0.00648776222950247
Peng-Robinson 1978 (PR78),(a) T_bub 273.55 kPa,285.0585979429229,287.0000129065268,-1.9414149636039042,-0.0067645117641029675
Peng-Robinson 1978 (PR78),(b) T_bub 1500 kPa,343.23781195872516,344.3857142664445,-1.1479023077193347,-0.003333187934825964
Peng-Robinson 1978 (PR78),(b) T_dew 1500 kPa,439.04601327057264,437.85004225819034,1.1959710123823015,0.002731462594394508
Peng-Robinson 1978 (PR78),(c) w_liq 1500 kPa 369 K,0.38731021627631457,0.40957150720802277,-0.0222612909317082,-0.05435263571789825
Peng-Robinson 1978 (PR78),(c) w_vap 1500 kPa 369 K,0.9666516035818455,0.9666427601875816,8.843394263990945e-06,9.148565145488539e-06
Peng-Robinson 1978 (PR78),(c) fraccion vapor masica,0.2808185075130611,0.25208353875896405,0.028734968754097034,0.11398986580227553
Peng-Robinson 1978 (PR78),(d) dh 369-300 K a 1500 kPa,674.0151072001963,648.7910938503215,25.22401334987478,0.03887848274886161
Peng-Robinson / Lee-Kesler (PR/LK),T7 p_bub x=0.2 T=300,0.06238489863614357,0.04071,0.021674898636143566,0.5324219758325611
Peng-Robinson / Lee-Kesler (PR/LK),T7 x_v x=0.2 T=300,0.9648311911418248,0.936,0.028831191141824752,0.030802554638701657
Peng-Robinson / Lee-Kesler (PR/LK),T7 p_bub x=0.4 T=400,2.7200045863522124,2.5545,0.16550458635221243,0.06478942507426598
Peng-Robinson / Lee-Kesler (PR/LK),T7 x_v x=0.4 T=400,0.9424726265195807,0.9363,0.006172626519580726,0.00659257344823318
Peng-Robinson / Lee-Kesler (PR/LK),T7 p_bub x=0.6 T=500,16.82499871682064,16.698,0.12699871682064057,0.0076056244353000695
Peng-Robinson / Lee-Kesler (PR/LK),T7 x_v x=0.6 T=500,0.8175682584168138,0.7844,0.03316825841681381,0.04228487814484168
Peng-Robinson / Lee-Kesler (PR/LK),T8 p_dew y=0.2 T=300,0.003737388569354909,0.00437062,-0.0006332314306450914,-0.14488366196216815
Peng-Robinson / Lee-Kesler (PR/LK),T8 x_L y=0.2 T=300,0.006327472084899001,0.010672,-0.004344527915100998,-0.40709594406868427
Peng-Robinson / Lee-Kesler (PR/LK),T8 p_dew y=0.4 T=400,0.38116788455026235,0.394694,-0.013526115449737641,-0.03426987856348878
Peng-Robinson / Lee-Kesler (PR/LK),T8 x_L y=0.4 T=400,0.05086691490053027,0.051541,-0.0006740850994697289,-0.013078618953255253
Peng-Robinson / Lee-Kesler (PR/LK),T8 p_dew y=0.6 T=500,6.245335714111518,6.52607,-0.2807342858884816,-0.04301735744306782
Peng-Robinson / Lee-Kesler (PR/LK),T8 x_L y=0.6 T=500,0.2199084384071691,0.22135,-0.0014415615928309033,-0.006512589079877585
Peng-Robinson / Lee-Kesler (PR/LK),(a) T_bub 273.55 kPa,285.0591600864517,287.0000129065268,-1.940852820075122,-0.006762553075937454
Peng-Robinson / Lee-Kesler (PR/LK),(b) T_bub 1500 kPa,343.23800721913597,344.3857142664445,-1.1477070473085291,-0.003332620953087998
Peng-Robinson / Lee-Kesler (PR/LK),(b) T_dew 1500 kPa,439.04731300886726,437.85004225819034,1.1972707506769211,0.002734431049731217
Peng-Robinson / Lee-Kesler (PR/LK),(c) w_liq 1500 kPa 369 K,0.3873098691425511,0.40957150720802277,-0.022261638065471656,-0.054353483271395865
Peng-Robinson / Lee-Kesler (PR/LK),(c) w_vap 1500 kPa 369 K,0.9666536946960612,0.9666427601875816,1.0934508479665261e-05,1.1311840247521606e-05
Peng-Robinson / Lee-Kesler (PR/LK),(c) fraccion vapor masica,0.28081792483420936,0.25208353875896405,0.02873438607524531,0.11398755435086307
Peng-Robinson / Lee-Kesler (PR/LK),(d) dh 369-300 K a 1500 kPa,615.8054132512177,648.7910938503215,-32.98568059910383,-0.05084175925311599
Peng-Robinson (PR),T7 p_bub x=0.2 T=300,0.06238489863614357,0.04071,0.021674898636143566,0.5324219758325611
Peng-Robinson (PR),T7 x_v x=0.2 T=300,0.9648311911418248,0.936,0.028831191141824752,0.030802554638701657
Peng-Robinson (PR),T7 p_bub x=0.4 T=400,2.7200045863522124,2.5545,0.16550458635221243,0.06478942507426598
Peng-Robinson (PR),T7 x_v x=0.4 T=400,0.9424726265195807,0.9363,0.006172626519580726,0.00659257344823318
Peng-Robinson (PR),T7 p_bub x=0.6 T=500,16.82499871682064,16.698,0.12699871682064057,0.0076056244353000695
Peng-Robinson (PR),T7 x_v x=0.6 T=500,0.8175682584168138,0.7844,0.03316825841681381,0.04228487814484168
Peng-Robinson (PR),T8 p_dew y=0.2 T=300,0.003737388569354909,0.00437062,-0.0006332314306450914,-0.14488366196216815
Peng-Robinson (PR),T8 x_L y=0.2 T=300,0.006327472084899001,0.010672,-0.004344527915100998,-0.40709594406868427
Peng-Robinson (PR),T8 p_dew y=0.4 T=400,0.38116788455026235,0.394694,-0.013526115449737641,-0.03426987856348878
Peng-Robinson (PR),T8 x_L y=0.4 T=400,0.05086691490053027,0.051541,-0.0006740850994697289,-0.013078618953255253
Peng-Robinson (PR),T8 p_dew y=0.6 T=500,6.245335714111518,6.52607,-0.2807342858884816,-0.04301735744306782
Peng-Robinson (PR),T8 x_L y=0.6 T=500,0.2199084384071691,0.22135,-0.0014415615928309033,-0.006512589079877585
Peng-Robinson (PR),(a) T_bub 273.55 kPa,285.0591600864517,287.0000129065268,-1.940852820075122,-0.006762553075937454
Peng-Robinson (PR),(b) T_bub 1500 kPa,343.23800721913597,344.3857142664445,-1.1477070473085291,-0.003332620953087998
Peng-Robinson (PR),(b) T_dew 1500 kPa,439.04731300886726,437.85004225819034,1.1972707506769211,0.002734431049731217
Peng-Robinson (PR),(c) w_liq 1500 kPa 369 K,0.3873098691425511,0.40957150720802277,-0.022261638065471656,-0.054353483271395865
Peng-Robinson (PR),(c) w_vap 1500 kPa 369 K,0.9666536946960612,0.9666427601875816,1.0934508479665261e-05,1.1311840247521606e-05
Peng-Robinson (PR),(c) fraccion vapor masica,0.28081792483420936,0.25208353875896405,0.02873438607524531,0.11398755435086307
Peng-Robinson (PR),(d) dh 369-300 K a 1500 kPa,674.0165412762487,648.7910938503215,25.2254474259272,0.03888069313070257
Wilson,T7 p_bub x=0.2 T=300,0.2029476230231668,0.04071,0.1622376230231668,3.985203218451653
Wilson,T7 x_v x=0.2 T=300,0.9860978635279004,0.936,0.050097863527900355,0.05352335846997901
Wilson,T7 p_bub x=0.4 T=400,3.6270427730021795,2.5545,1.0725427730021795,0.41986407242207063
Wilson,T7 x_v x=0.4 T=400,0.9593908009761959,0.9363,0.02309080097619587,0.024661754754027414
Wilson,T7 p_bub x=0.6 T=500,17.694217282032998,16.698,0.9962172820329975,0.059660874477961284
Wilson,T7 x_v x=0.6 T=500,0.9380633487943131,0.7844,0.1536633487943131,0.19589922079846137
Wilson,T8 p_dew y=0.2 T=300,0.0044224305142459,0.00437062,5.181051424589956e-05,0.011854271075019003
Wilson,T8 x_L y=0.2 T=300,0.0009289474467334027,0.010672,-0.009743052553266596,-0.912954699518984
Wilson,T8 p_dew y=0.4 T=400,0.4013637272491655,0.394694,0.006669727249165536,0.016898476412526
Wilson,T8 x_L y=0.4 T=400,0.01982430922321451,0.051541,-0.03171669077678549,-0.615368168580072
Wilson,T8 p_dew y=0.6 T=500,5.83438228834527,6.52607,-0.6916877116547298,-0.10598839909083564
Wilson,T8 x_L y=0.6 T=500,0.1265436748977462,0.22135,-0.09480632510225379,-0.428309578054004
Wilson,(a) T_bub 273.55 kPa,276.8607356249572,287.0000129065268,-10.139277281569605,-0.0353284906815383
Wilson,(b) T_bub 1500 kPa,333.79793152376794,344.3857142664445,-10.587782742676552,-0.03074396615210639
Wilson,(b) T_dew 1500 kPa,439.46395553390994,437.85004225819034,1.6139132757195966,0.003685995477803125
Wilson,(c) w_liq 1500 kPa 369 K,0.2398800147743316,0.40957150720802277,-0.16969149243369117,-0.4143146909570159
Wilson,(c) w_vap 1500 kPa 369 K,0.953961538868453,0.9666427601875816,-0.012681221319128522,-0.013118829252564485
Wilson,(c) fraccion vapor masica,0.43429212878611356,0.25208353875896405,0.1822085900271495,0.7228103466183596
Wilson,(d) dh 369-300 K a 1500 kPa,798.7440205980649,648.7910938503215,149.9529267477434,0.23112667262096862
PC-SAFT (with Association Support) (.NET Code),T7 p_bub x=0.2 T=300,nan,0.04071,nan,nan
PC-SAFT (with Association Support) (.NET Code),T7 x_v x=0.2 T=300,nan,0.936,nan,nan
PC-SAFT (with Association Support) (.NET Code),T7 p_bub x=0.4 T=400,nan,2.5545,nan,nan
PC-SAFT (with Association Support) (.NET Code),T7 x_v x=0.4 T=400,nan,0.9363,nan,nan
PC-SAFT (with Association Support) (.NET Code),T7 p_bub x=0.6 T=500,nan,16.698,nan,nan
PC-SAFT (with Association Support) (.NET Code),T7 x_v x=0.6 T=500,nan,0.7844,nan,nan
PC-SAFT (with Association Support) (.NET Code),T8 p_dew y=0.2 T=300,nan,0.00437062,nan,nan
PC-SAFT (with Association Support) (.NET Code),T8 x_L y=0.2 T=300,nan,0.010672,nan,nan
PC-SAFT (with Association Support) (.NET Code),T8 p_dew y=0.4 T=400,nan,0.394694,nan,nan
PC-SAFT (with Association Support) (.NET Code),T8 x_L y=0.4 T=400,nan,0.051541,nan,nan
PC-SAFT (with Association Support) (.NET Code),T8 p_dew y=0.6 T=500,nan,6.52607,nan,nan
PC-SAFT (with Association Support) (.NET Code),T8 x_L y=0.6 T=500,nan,0.22135,nan,nan
PC-SAFT (with Association Support) (.NET Code),(a) T_bub 273.55 kPa,nan,287.0000129065268,nan,nan
PC-SAFT (with Association Support) (.NET Code),(b) T_bub 1500 kPa,nan,344.3857142664445,nan,nan
PC-SAFT (with Association Support) (.NET Code),(b) T_dew 1500 kPa,nan,437.85004225819034,nan,nan
PC-SAFT (with Association Support) (.NET Code),(c) w_liq 1500 kPa 369 K,nan,0.40957150720802277,nan,nan
PC-SAFT (with Association Support) (.NET Code),(c) w_vap 1500 kPa 369 K,nan,0.9666427601875816,nan,nan
PC-SAFT (with Association Support) (.NET Code),(c) fraccion vapor masica,nan,0.25208353875896405,nan,nan
PC-SAFT (with Association Support) (.NET Code),(d) dh 369-300 K a 1500 kPa,nan,648.7910938503215,nan,nan
CoolProp,T7 p_bub x=0.2 T=300,0.2150612233753605,0.04071,0.1743512233753605,4.282761566577266
CoolProp,T7 x_v x=0.2 T=300,0.9868430614270163,0.936,0.05084306142701622,0.05431951007159853
CoolProp,T7 p_bub x=0.4 T=400,4.266391129580878,2.5545,1.711891129580878,0.670147241957674
CoolProp,T7 x_v x=0.4 T=400,0.9654359923188114,0.9363,0.029135992318811366,0.03111822313234152
CoolProp,T7 p_bub x=0.6 T=500,17.65398791496108,16.698,0.9559879149610779,0.057251641811059885
CoolProp,T7 x_v x=0.6 T=500,0.9402012887914339,0.7844,0.15580128879143396,0.19862479448168532
CoolProp,T8 p_dew y=0.2 T=300,0.004417325083973696,0.00437062,4.670508397369537e-05,0.01068614612427879
CoolProp,T8 x_L y=0.2 T=300,0.0008325789779808877,0.010672,-0.009839421022019111,-0.9219847284500667
CoolProp,T8 p_dew y=0.4 T=400,0.4031999421566711,0.394694,0.008505942156671109,0.021550725769003607
CoolProp,T8 x_L y=0.4 T=400,0.015662547419359886,0.051541,-0.03587845258064011,-0.6961147936718363
CoolProp,T8 p_dew y=0.6 T=500,5.771949288065085,6.52607,-0.7541207119349149,-0.11555510620249475
CoolProp,T8 x_L y=0.6 T=500,0.12518930338547318,0.22135,-0.09616069661452681,-0.43442826570827564
CoolProp,(a) T_bub 273.55 kPa,276.43314904727276,287.0000129065268,-10.566863859254056,-0.036818339317272374
CoolProp,(b) T_bub 1500 kPa,333.6172694907742,344.3857142664445,-10.768444775670275,-0.03126855827515232
CoolProp,(b) T_dew 1500 kPa,439.49527978554556,437.85004225819034,1.6452375273552207,0.0037575365275060568
CoolProp,(c) w_liq 1500 kPa 369 K,0.23860851473623598,0.40957150720802277,-0.17096299247178678,-0.41741915505112054
CoolProp,(c) w_vap 1500 kPa 369 K,0.9538843909752113,0.9666427601875816,-0.01275836921237028,-0.013198639391758811
CoolProp,(c) fraccion vapor masica,0.43534459305562745,0.25208353875896405,0.1832610542966634,0.7269854080868525
CoolProp,(d) dh 369-300 K a 1500 kPa,861.7983013285893,648.7910938503215,213.0072074782678,0.3283140127805289
UNIFAC,T7 p_bub x=0.2 T=300,nan,0.04071,nan,nan
UNIFAC,T7 x_v x=0.2 T=300,nan,0.936,nan,nan
UNIFAC,T7 p_bub x=0.4 T=400,nan,2.5545,nan,nan
UNIFAC,T7 x_v x=0.4 T=400,nan,0.9363,nan,nan
UNIFAC,T7 p_bub x=0.6 T=500,nan,16.698,nan,nan
UNIFAC,T7 x_v x=0.6 T=500,nan,0.7844,nan,nan
UNIFAC,T8 p_dew y=0.2 T=300,nan,0.00437062,nan,nan
UNIFAC,T8 x_L y=0.2 T=300,nan,0.010672,nan,nan
UNIFAC,T8 p_dew y=0.4 T=400,nan,0.394694,nan,nan
UNIFAC,T8 x_L y=0.4 T=400,nan,0.051541,nan,nan
UNIFAC,T8 p_dew y=0.6 T=500,nan,6.52607,nan,nan
UNIFAC,T8 x_L y=0.6 T=500,nan,0.22135,nan,nan
UNIFAC,(a) T_bub 273.55 kPa,nan,287.0000129065268,nan,nan
UNIFAC,(b) T_bub 1500 kPa,nan,344.3857142664445,nan,nan
UNIFAC,(b) T_dew 1500 kPa,nan,437.85004225819034,nan,nan
UNIFAC,(c) w_liq 1500 kPa 369 K,nan,0.40957150720802277,nan,nan
UNIFAC,(c) w_vap 1500 kPa 369 K,nan,0.9666427601875816,nan,nan
UNIFAC,(c) fraccion vapor masica,nan,0.25208353875896405,nan,nan
UNIFAC,(d) dh 369-300 K a 1500 kPa,nan,648.7910938503215,nan,nan
Modified UNIFAC (Dortmund),T7 p_bub x=0.2 T=300,nan,0.04071,nan,nan
Modified UNIFAC (Dortmund),T7 x_v x=0.2 T=300,nan,0.936,nan,nan
Modified UNIFAC (Dortmund),T7 p_bub x=0.4 T=400,nan,2.5545,nan,nan
Modified UNIFAC (Dortmund),T7 x_v x=0.4 T=400,nan,0.9363,nan,nan
Modified UNIFAC (Dortmund),T7 p_bub x=0.6 T=500,nan,16.698,nan,nan
Modified UNIFAC (Dortmund),T7 x_v x=0.6 T=500,nan,0.7844,nan,nan
Modified UNIFAC (Dortmund),T8 p_dew y=0.2 T=300,nan,0.00437062,nan,nan
Modified UNIFAC (Dortmund),T8 x_L y=0.2 T=300,nan,0.010672,nan,nan
Modified UNIFAC (Dortmund),T8 p_dew y=0.4 T=400,nan,0.394694,nan,nan
Modified UNIFAC (Dortmund),T8 x_L y=0.4 T=400,nan,0.051541,nan,nan
Modified UNIFAC (Dortmund),T8 p_dew y=0.6 T=500,nan,6.52607,nan,nan
Modified UNIFAC (Dortmund),T8 x_L y=0.6 T=500,nan,0.22135,nan,nan
Modified UNIFAC (Dortmund),(a) T_bub 273.55 kPa,nan,287.0000129065268,nan,nan
Modified UNIFAC (Dortmund),(b) T_bub 1500 kPa,nan,344.3857142664445,nan,nan
Modified UNIFAC (Dortmund),(b) T_dew 1500 kPa,nan,437.85004225819034,nan,nan
Modified UNIFAC (Dortmund),(c) w_liq 1500 kPa 369 K,nan,0.40957150720802277,nan,nan
Modified UNIFAC (Dortmund),(c) w_vap 1500 kPa 369 K,nan,0.9666427601875816,nan,nan
Modified UNIFAC (Dortmund),(c) fraccion vapor masica,nan,0.25208353875896405,nan,nan
Modified UNIFAC (Dortmund),(d) dh 369-300 K a 1500 kPa,nan,648.7910938503215,nan,nan
NRTL,T7 p_bub x=0.2 T=300,nan,0.04071,nan,nan
NRTL,T7 x_v x=0.2 T=300,nan,0.936,nan,nan
NRTL,T7 p_bub x=0.4 T=400,nan,2.5545,nan,nan
NRTL,T7 x_v x=0.4 T=400,nan,0.9363,nan,nan
NRTL,T7 p_bub x=0.6 T=500,nan,16.698,nan,nan
NRTL,T7 x_v x=0.6 T=500,nan,0.7844,nan,nan
NRTL,T8 p_dew y=0.2 T=300,nan,0.00437062,nan,nan
NRTL,T8 x_L y=0.2 T=300,nan,0.010672,nan,nan
NRTL,T8 p_dew y=0.4 T=400,nan,0.394694,nan,nan
NRTL,T8 x_L y=0.4 T=400,nan,0.051541,nan,nan
NRTL,T8 p_dew y=0.6 T=500,nan,6.52607,nan,nan
NRTL,T8 x_L y=0.6 T=500,nan,0.22135,nan,nan
NRTL,(a) T_bub 273.55 kPa,nan,287.0000129065268,nan,nan
NRTL,(b) T_bub 1500 kPa,nan,344.3857142664445,nan,nan
NRTL,(b) T_dew 1500 kPa,nan,437.85004225819034,nan,nan
NRTL,(c) w_liq 1500 kPa 369 K,nan,0.40957150720802277,nan,nan
NRTL,(c) w_vap 1500 kPa 369 K,nan,0.9666427601875816,nan,nan
NRTL,(c) fraccion vapor masica,nan,0.25208353875896405,nan,nan
NRTL,(d) dh 369-300 K a 1500 kPa,nan,648.7910938503215,nan,nan
Modified UNIFAC (NIST),T7 p_bub x=0.2 T=300,nan,0.04071,nan,nan
Modified UNIFAC (NIST),T7 x_v x=0.2 T=300,nan,0.936,nan,nan
Modified UNIFAC (NIST),T7 p_bub x=0.4 T=400,nan,2.5545,nan,nan
Modified UNIFAC (NIST),T7 x_v x=0.4 T=400,nan,0.9363,nan,nan
Modified UNIFAC (NIST),T7 p_bub x=0.6 T=500,nan,16.698,nan,nan
Modified UNIFAC (NIST),T7 x_v x=0.6 T=500,nan,0.7844,nan,nan
Modified UNIFAC (NIST),T8 p_dew y=0.2 T=300,nan,0.00437062,nan,nan
Modified UNIFAC (NIST),T8 x_L y=0.2 T=300,nan,0.010672,nan,nan
Modified UNIFAC (NIST),T8 p_dew y=0.4 T=400,nan,0.394694,nan,nan
Modified UNIFAC (NIST),T8 x_L y=0.4 T=400,nan,0.051541,nan,nan
Modified UNIFAC (NIST),T8 p_dew y=0.6 T=500,nan,6.52607,nan,nan
Modified UNIFAC (NIST),T8 x_L y=0.6 T=500,nan,0.22135,nan,nan
Modified UNIFAC (NIST),(a) T_bub 273.55 kPa,nan,287.0000129065268,nan,nan
Modified UNIFAC (NIST),(b) T_bub 1500 kPa,nan,344.3857142664445,nan,nan
Modified UNIFAC (NIST),(b) T_dew 1500 kPa,nan,437.85004225819034,nan,nan
Modified UNIFAC (NIST),(c) w_liq 1500 kPa 369 K,nan,0.40957150720802277,nan,nan
Modified UNIFAC (NIST),(c) w_vap 1500 kPa 369 K,nan,0.9666427601875816,nan,nan
Modified UNIFAC (NIST),(c) fraccion vapor masica,nan,0.25208353875896405,nan,nan
Modified UNIFAC (NIST),(d) dh 369-300 K a 1500 kPa,nan,648.7910938503215,nan,nan
UNIFAC-LL,T7 p_bub x=0.2 T=300,nan,0.04071,nan,nan
UNIFAC-LL,T7 x_v x=0.2 T=300,nan,0.936,nan,nan
UNIFAC-LL,T7 p_bub x=0.4 T=400,nan,2.5545,nan,nan
UNIFAC-LL,T7 x_v x=0.4 T=400,nan,0.9363,nan,nan
UNIFAC-LL,T7 p_bub x=0.6 T=500,nan,16.698,nan,nan
UNIFAC-LL,T7 x_v x=0.6 T=500,nan,0.7844,nan,nan
UNIFAC-LL,T8 p_dew y=0.2 T=300,nan,0.00437062,nan,nan
UNIFAC-LL,T8 x_L y=0.2 T=300,nan,0.010672,nan,nan
UNIFAC-LL,T8 p_dew y=0.4 T=400,nan,0.394694,nan,nan
UNIFAC-LL,T8 x_L y=0.4 T=400,nan,0.051541,nan,nan
UNIFAC-LL,T8 p_dew y=0.6 T=500,nan,6.52607,nan,nan
UNIFAC-LL,T8 x_L y=0.6 T=500,nan,0.22135,nan,nan
UNIFAC-LL,(a) T_bub 273.55 kPa,nan,287.0000129065268,nan,nan
UNIFAC-LL,(b) T_bub 1500 kPa,nan,344.3857142664445,nan,nan
UNIFAC-LL,(b) T_dew 1500 kPa,nan,437.85004225819034,nan,nan
UNIFAC-LL,(c) w_liq 1500 kPa 369 K,nan,0.40957150720802277,nan,nan
UNIFAC-LL,(c) w_vap 1500 kPa 369 K,nan,0.9666427601875816,nan,nan
UNIFAC-LL,(c) fraccion vapor masica,nan,0.25208353875896405,nan,nan
UNIFAC-LL,(d) dh 369-300 K a 1500 kPa,nan,648.7910938503215,nan,nan
UNIQUAC,T7 p_bub x=0.2 T=300,nan,0.04071,nan,nan
UNIQUAC,T7 x_v x=0.2 T=300,nan,0.936,nan,nan
UNIQUAC,T7 p_bub x=0.4 T=400,nan,2.5545,nan,nan
UNIQUAC,T7 x_v x=0.4 T=400,nan,0.9363,nan,nan
UNIQUAC,T7 p_bub x=0.6 T=500,nan,16.698,nan,nan
UNIQUAC,T7 x_v x=0.6 T=500,nan,0.7844,nan,nan
UNIQUAC,T8 p_dew y=0.2 T=300,nan,0.00437062,nan,nan
UNIQUAC,T8 x_L y=0.2 T=300,nan,0.010672,nan,nan
UNIQUAC,T8 p_dew y=0.4 T=400,nan,0.394694,nan,nan
UNIQUAC,T8 x_L y=0.4 T=400,nan,0.051541,nan,nan
UNIQUAC,T8 p_dew y=0.6 T=500,nan,6.52607,nan,nan
UNIQUAC,T8 x_L y=0.6 T=500,nan,0.22135,nan,nan
UNIQUAC,(a) T_bub 273.55 kPa,nan,287.0000129065268,nan,nan
UNIQUAC,(b) T_bub 1500 kPa,nan,344.3857142664445,nan,nan
UNIQUAC,(b) T_dew 1500 kPa,nan,437.85004225819034,nan,nan
UNIQUAC,(c) w_liq 1500 kPa 369 K,nan,0.40957150720802277,nan,nan
UNIQUAC,(c) w_vap 1500 kPa 369 K,nan,0.9666427601875816,nan,nan
UNIQUAC,(c) fraccion vapor masica,nan,0.25208353875896405,nan,nan
UNIQUAC,(d) dh 369-300 K a 1500 kPa,nan,648.7910938503215,nan,nan
Chao-Seader,T7 p_bub x=0.2 T=300,0.19235142358968046,0.04071,0.15164142358968047,3.7249182900928632
Chao-Seader,T7 x_v x=0.2 T=300,0.9795788165950313,0.936,0.04357881659503127,0.046558564738281266
Chao-Seader,T7 p_bub x=0.4 T=400,3.1767616649331134,2.5545,0.6222616649331134,0.2435943100149201
Chao-Seader,T7 x_v x=0.4 T=400,0.9419203954335392,0.9363,0.005620395433539205,0.006002772010615406
Chao-Seader,T7 p_bub x=0.6 T=500,11.134949598113787,16.698,-5.563050401886214,-0.3331566895368435
Chao-Seader,T7 x_v x=0.6 T=500,0.8633203142766341,0.7844,0.07892031427663415,0.10061233334604049
Chao-Seader,T8 p_dew y=0.2 T=300,0.005980120250714222,0.00437062,0.0016095002507142218,0.36825444690094805
Chao-Seader,T8 x_L y=0.2 T=300,0.001291362544484769,0.010672,-0.00938063745551523,-0.8789952638226416
Chao-Seader,T8 p_dew y=0.4 T=400,0.40968663197346905,0.394694,0.014992631973469062,0.037985457021056976
Chao-Seader,T8 x_L y=0.4 T=400,0.024498891571925734,0.051541,-0.027042108428074262,-0.5246717841732652
Chao-Seader,T8 p_dew y=0.6 T=500,5.7838540424453875,6.52607,-0.7422159575546123,-0.11373092191083031
Chao-Seader,T8 x_L y=0.6 T=500,0.22406637318287748,0.22135,0.002716373182877485,0.012271846319753716
Chao-Seader,(a) T_bub 273.55 kPa,277.9679769609154,287.0000129065268,-9.032035945611426,-0.03147050710605046
Chao-Seader,(b) T_bub 1500 kPa,338.8128381571863,344.3857142664445,-5.572876109258175,-0.016182076893429296
Chao-Seader,(b) T_dew 1500 kPa,437.50622378284993,437.85004225819034,-0.343818475340413,-0.0007852425309066681
Chao-Seader,(c) w_liq 1500 kPa 369 K,0.3042012692297605,0.40957150720802277,-0.10537023797826228,-0.25726945386546235
Chao-Seader,(c) w_vap 1500 kPa 369 K,0.9497322764449526,0.9666427601875816,-0.016910483742628935,-0.017494036513910658
Chao-Seader,(c) fraccion vapor masica,0.38076982828541484,0.25208353875896405,0.12868628952645078,0.510490649885304
Chao-Seader,(d) dh 369-300 K a 1500 kPa,710.2662580817528,648.7910938503215,61.47516423143122,0.09475340338998822
Peng-Robinson 1978 (PR78) Advanced,T7 p_bub x=0.2 T=300,0.043460508269205236,0.04071,0.0027505082692052332,0.06756345539683697
Peng-Robinson 1978 (PR78) Advanced,T7 x_v x=0.2 T=300,0.9146730055674454,0.936,-0.021326994432554702,-0.02278525046213109
Peng-Robinson 1978 (PR78) Advanced,T7 p_bub x=0.4 T=400,2.0453217086179367,2.5545,-0.5091782913820633,-0.19932600954474977
Peng-Robinson 1978 (PR78) Advanced,T7 x_v x=0.4 T=400,0.8659009377568265,0.9363,-0.0703990622431735,-0.07518857443466143
Peng-Robinson 1978 (PR78) Advanced,T7 p_bub x=0.6 T=500,14.113399802511603,16.698,-2.584600197488397,-0.15478501601918776
Peng-Robinson 1978 (PR78) Advanced,T7 x_v x=0.6 T=500,0.73964977586768,0.7844,-0.04475022413231999,-0.057050260240081585
Peng-Robinson 1978 (PR78) Advanced,T8 p_dew y=0.2 T=300,0.0037928104956898023,0.00437062,-0.0005778095043101981,-0.1322030980296155
Peng-Robinson 1978 (PR78) Advanced,T8 x_L y=0.2 T=300,0.006532031364910957,0.010672,-0.004139968635089042,-0.3879280954918518
Peng-Robinson 1978 (PR78) Advanced,T8 p_dew y=0.4 T=400,0.4097755047986157,0.394694,0.015081504798615697,0.03821062594976285
Peng-Robinson 1978 (PR78) Advanced,T8 x_L y=0.4 T=400,0.05856455497764245,0.051541,0.007023554977642454,0.1362712205359317
Peng-Robinson 1978 (PR78) Advanced,T8 p_dew y=0.6 T=500,7.485262650439097,6.52607,0.9591926504390971,0.1469786028098223
Peng-Robinson 1978 (PR78) Advanced,T8 x_L y=0.6 T=500,0.2948138631933312,0.22135,0.0734638631933312,0.33189005282733774
Peng-Robinson 1978 (PR78) Advanced,(a) T_bub 273.55 kPa,nan,287.0000129065268,nan,nan
Peng-Robinson 1978 (PR78) Advanced,(b) T_bub 1500 kPa,360.9341546209313,344.3857142664445,16.548440354486786,0.048052052303434345
Peng-Robinson 1978 (PR78) Advanced,(b) T_dew 1500 kPa,433.52250439719853,437.85004225819034,-4.327537860991811,-0.009883607270363031
Peng-Robinson 1978 (PR78) Advanced,(c) w_liq 1500 kPa 369 K,0.49136765470088867,0.40957150720802277,0.0817961474928659,0.1997115181435738
Peng-Robinson 1978 (PR78) Advanced,(c) w_vap 1500 kPa 369 K,0.9315386527913557,0.9666427601875816,-0.035104107396225825,-0.03631549197080182
Peng-Robinson 1978 (PR78) Advanced,(c) fraccion vapor masica,0.1332035630549672,0.25208353875896405,-0.11887997570399686,-0.4715896019599555
Peng-Robinson 1978 (PR78) Advanced,(d) dh 369-300 K a 1500 kPa,480.29872310117844,648.7910938503215,-168.4923707491431,-0.25970204021945914
Soave-Redlich-Kwong (SRK) Advanced,T7 p_bub x=0.2 T=300,0.9286160630524997,0.04071,0.8879060630524996,21.810514936195027
Soave-Redlich-Kwong (SRK) Advanced,T7 x_v x=0.2 T=300,0.997057127429015,0.936,0.061057127429014924,0.06523197374894757
Soave-Redlich-Kwong (SRK) Advanced,T7 p_bub x=0.4 T=400,6.66549057866054,2.5545,4.11099057866054,1.609313203625187
Soave-Redlich-Kwong (SRK) Advanced,T7 x_v x=0.4 T=400,0.0,0.9363,-0.9363,-1.0
Soave-Redlich-Kwong (SRK) Advanced,T7 p_bub x=0.6 T=500,21.07726414148481,16.698,4.379264141484811,0.2622627944355498
Soave-Redlich-Kwong (SRK) Advanced,T7 x_v x=0.6 T=500,0.6630783833876042,0.7844,-0.12132161661239582,-0.15466804769555817
Soave-Redlich-Kwong (SRK) Advanced,T8 p_dew y=0.2 T=300,0.0033166533133003784,0.00437062,-0.001053966686699622,-0.24114809493838904
Soave-Redlich-Kwong (SRK) Advanced,T8 x_L y=0.2 T=300,5.716643986087822e-05,0.010672,-0.010614833560139121,-0.9946433246007423
Soave-Redlich-Kwong (SRK) Advanced,T8 p_dew y=0.4 T=400,0.3930527436305453,0.394694,-0.001641256369454669,-0.0041583007835302
Soave-Redlich-Kwong (SRK) Advanced,T8 x_L y=0.4 T=400,0.0,0.051541,-0.051541,-1.0
Soave-Redlich-Kwong (SRK) Advanced,T8 p_dew y=0.6 T=500,7.957761642183483,6.52607,1.431691642183483,0.21938036861135157
Soave-Redlich-Kwong (SRK) Advanced,T8 x_L y=0.6 T=500,0.08659189683001504,0.22135,-0.13475810316998493,-0.6088010082222044
Soave-Redlich-Kwong (SRK) Advanced,(a) T_bub 273.55 kPa,263.11745047527427,287.0000129065268,-23.882562431252552,-0.08321449950258669
Soave-Redlich-Kwong (SRK) Advanced,(b) T_bub 1500 kPa,319.06821305977303,344.3857142664445,-25.317501206671466,-0.07351495767064196
Soave-Redlich-Kwong (SRK) Advanced,(b) T_dew 1500 kPa,434.5026846653469,437.85004225819034,-3.347357592843423,-0.0076449863418525405
Soave-Redlich-Kwong (SRK) Advanced,(c) w_liq 1500 kPa 369 K,0.05129985194380603,0.40957150720802277,-0.3582716552642167,-0.8747475079662935
Soave-Redlich-Kwong (SRK) Advanced,(c) w_vap 1500 kPa 369 K,0.9396408134413238,0.9666427601875816,-0.027001946746257777,-0.02793373918304413
Soave-Redlich-Kwong (SRK) Advanced,(c) fraccion vapor masica,0.5613837137662907,0.25208353875896405,0.30930017500732665,1.2269749009794395
Soave-Redlich-Kwong (SRK) Advanced,(d) dh 369-300 K a 1500 kPa,879.8672535000828,648.7910938503215,231.07615964976128,0.3561641980601407
Grayson-Streed,T7 p_bub x=0.2 T=300,0.19574370846630185,0.04071,0.15503370846630185,3.808246339137849
Grayson-Streed,T7 x_v x=0.2 T=300,0.9752777613387673,0.936,0.03927776133876726,0.0419634202337257
Grayson-Streed,T7 p_bub x=0.4 T=400,3.2319773955793214,2.5545,0.6774773955793214,0.2652093934544222
Grayson-Streed,T7 x_v x=0.4 T=400,0.9430356389005596,0.9363,0.006735638900559615,0.007193889672711326
Grayson-Streed,T7 p_bub x=0.6 T=500,10.244859397843149,16.698,-6.453140602156852,-0.386461887780384
Grayson-Streed,T7 x_v x=0.6 T=500,0.8579746854742787,0.7844,0.0735746854742787,0.09379740626501619
Grayson-Streed,T8 p_dew y=0.2 T=300,0.007371089734969692,0.00437062,0.0030004697349696914,0.6865089472362482
Grayson-Streed,T8 x_L y=0.2 T=300,0.0015697093751038682,0.010672,-0.00910229062489613,-0.8529132894392927
Grayson-Streed,T8 p_dew y=0.4 T=400,0.41235888736864856,0.394694,0.017664887368648574,0.044755905508187546
Grayson-Streed,T8 x_L y=0.4 T=400,0.024747826289541176,0.051541,-0.02679317371045882,-0.5198419454503953
Grayson-Streed,T8 p_dew y=0.6 T=500,5.484351689092442,6.52607,-1.0417183109075578,-0.15962413993529917
Grayson-Streed,T8 x_L y=0.6 T=500,0.26011851933560987,0.22135,0.038768519335609875,0.17514578421328159
Grayson-Streed,(a) T_bub 273.55 kPa,277.8443894315178,287.0000129065268,-9.155623475009008,-0.03190112565601489
Grayson-Streed,(b) T_bub 1500 kPa,337.53061210845465,344.3857142664445,-6.8551021579898475,-0.01990530348389013
Grayson-Streed,(b) T_dew 1500 kPa,437.81725406726935,437.85004225819034,-0.032788190920996385,-7.488452154050936e-05
Grayson-Streed,(c) w_liq 1500 kPa 369 K,0.29539696873716453,0.40957150720802277,-0.11417453847085823,-0.27876582345575274
Grayson-Streed,(c) w_vap 1500 kPa 369 K,0.9478742386010508,0.9666427601875816,-0.01876852158653075,-0.019416192164816538
Grayson-Streed,(c) fraccion vapor masica,0.39020980963206336,0.25208353875896405,0.1381262708730993,0.5479384792561651
Grayson-Streed,(d) dh 369-300 K a 1500 kPa,719.3225923450259,648.7910938503215,70.53149849470435,0.10871218665491765
Raoult's Law,T7 p_bub x=0.2 T=300,0.21446948243183986,0.04071,0.17375948243183986,4.268226048436253
Raoult's Law,T7 x_v x=0.2 T=300,0.9867903239951576,0.936,0.050790323995157594,0.054263166661493153
Raoult's Law,T7 p_bub x=0.4 T=400,4.257849453482619,2.5545,1.7033494534826188,0.6668034658377838
Raoult's Law,T7 x_v x=0.4 T=400,0.965406840188901,0.9363,0.029106840188900973,0.031087087673716728
Raoult's Law,T7 p_bub x=0.6 T=500,17.651868705819115,16.698,0.9538687058191151,0.05712472786076866
Raoult's Law,T7 x_v x=0.6 T=500,0.9403141657819405,0.7844,0.1559141657819405,0.19876869681532447
Raoult's Law,T8 p_dew y=0.2 T=300,0.0044228123571729795,0.00437062,5.219235717297908e-05,0.011941636924047178
Raoult's Law,T8 x_L y=0.2 T=300,0.0008359572137895785,0.010672,-0.009836042786210421,-0.9216681771186677
Raoult's Law,T8 p_dew y=0.4 T=400,0.40272657705951154,0.394694,0.008032577059511548,0.0203514040231459
Raoult's Law,T8 x_L y=0.4 T=400,0.015676017681254432,0.051541,-0.03586498231874556,-0.6958534432538283
Raoult's Law,T8 p_dew y=0.6 T=500,5.761810465575468,6.52607,-0.7642595344245322,-0.11710869396505588
Raoult's Law,T8 x_L y=0.6 T=500,0.12496940042125149,0.22135,-0.0963805995787485,-0.43542172838829235
Raoult's Law,(a) T_bub 273.55 kPa,276.49973693549964,287.0000129065268,-10.500275971027179,-0.0365863257798773
Raoult's Law,(b) T_bub 1500 kPa,333.6857480072706,344.3857142664445,-10.699966259173891,-0.03106971577484058
Raoult's Law,(b) T_dew 1500 kPa,439.5691990831958,437.85004225819034,1.7191568250054843,0.0039263598471728275
Raoult's Law,(c) w_liq 1500 kPa 369 K,0.23854889007056584,0.40957150720802277,-0.17102261713745692,-0.4175647332093195
Raoult's Law,(c) w_vap 1500 kPa 369 K,0.9538867932748725,0.9666427601875816,-0.012755966912709082,-0.013196154192717201
Raoult's Law,(c) fraccion vapor masica,0.435390196065818,0.25208353875896405,0.18330665730685397,0.7271663124426668
Raoult's Law,(d) dh 369-300 K a 1500 kPa,799.7221037715414,648.7910938503215,150.9310099212198,0.23263421978483592
Lee-Kesler-Plöcker,T7 p_bub x=0.2 T=300,0.0001,0.04071,-0.04061,-0.9975436010808154
Lee-Kesler-Plöcker,T7 x_v x=0.2 T=300,0.0,0.936,-0.936,-1.0
Lee-Kesler-Plöcker,T7 p_bub x=0.4 T=400,2.1863803509662736,2.5545,-0.3681196490337264,-0.1441063413715899
Lee-Kesler-Plöcker,T7 x_v x=0.4 T=400,0.8585718232462368,0.9363,-0.0777281767537632,-0.0830163160886075
Lee-Kesler-Plöcker,T7 p_bub x=0.6 T=500,15.453817205848404,16.698,-1.2441827941515964,-0.07451088718119514
Lee-Kesler-Plöcker,T7 x_v x=0.6 T=500,0.758658570427146,0.7844,-0.02574142957285397,-0.03281671286697344
Lee-Kesler-Plöcker,T8 p_dew y=0.2 T=300,0.0001,0.00437062,-0.00427062,-0.9771199509451748
Lee-Kesler-Plöcker,T8 x_L y=0.2 T=300,0.2,0.010672,0.18932800000000002,17.740629685157426
Lee-Kesler-Plöcker,T8 p_dew y=0.4 T=400,0.46961902382314635,0.394694,0.07492502382314636,0.18983066330662834
Lee-Kesler-Plöcker,T8 x_L y=0.4 T=400,0.06978378667061354,0.051541,0.01824278667061354,0.3539470842749179
Lee-Kesler-Plöcker,T8 p_dew y=0.6 T=500,8.281538337108763,6.52607,1.7554683371087636,0.26899318228409497
Lee-Kesler-Plöcker,T8 x_L y=0.6 T=500,0.32498299827312177,0.22135,0.10363299827312178,0.4681861227608845
Lee-Kesler-Plöcker,(a) T_bub 273.55 kPa,nan,287.0000129065268,nan,nan
Lee-Kesler-Plöcker,(b) T_bub 1500 kPa,355.6796398703765,344.3857142664445,11.293925603931996,0.03279440794455866
Lee-Kesler-Plöcker,(b) T_dew 1500 kPa,428.1658155311418,437.85004225819034,-9.684226727048554,-0.022117679096483864
Lee-Kesler-Plöcker,(c) w_liq 1500 kPa 369 K,0.4585999362691314,0.40957150720802277,0.04902842906110866,0.11970664022828852
Lee-Kesler-Plöcker,(c) w_vap 1500 kPa 369 K,0.9234430177242918,0.9666427601875816,-0.043199742463289725,-0.044690493988603
Lee-Kesler-Plöcker,(c) fraccion vapor masica,0.19662562997548935,0.25208353875896405,-0.0554579087834747,-0.21999813655623965
Lee-Kesler-Plöcker,(d) dh 369-300 K a 1500 kPa,575.3943513152044,648.7910938503215,-73.39674253511714,-0.11312846805515804
