paquete,estado,err_rel_p_sat_pct,err_abs_x,err_T_ciclo_K,err_rel_dh_pct,err_abs_vf,n_nan,segundos,fallos
Black Oil,excluido: petroleo (pseudocomponentes),,,,,,,,
Peng-Robinson-Stryjek-Vera 2 (PRSV2-M),medido,351.4932141889632,0.09662864227323668,16.465224542845363,33.305519023418064,0.30926219430927326,0,85.4,
Peng-Robinson-Stryjek-Vera 2 (PRSV2-VL),medido,23.139753327571203,0.1148746063705888,10.750054582388373,33.305519023418064,0.30926219430927326,8,19.4,"p_burbuja(300.0, 0.2): PT/PV/TV Flash: Maximum number of iterations reached. (T = 300,00 K, P = 243.016,35 Pa, MoleFracs =  | <lambda>(nan, 300.0, 0.2): Phase equilibria calculation error. (T = 300,00 K, P = NaN Pa, MoleFracs = { 0,8, 0,2, }) | p_burbuja(400.0, 0.4): PT/PV/TV Flash: Maximum number of iterations reached. (T = 400,00 K, P = 4.951.626,64 Pa, MoleFracs  | <lambda>(nan, 400.0, 0.4): Ph"
Soave-Redlich-Kwong (SRK),medido,402.4462949764839,0.21260828534775117,17.51580707692248,35.61641980601407,0.30930017500732665,0,6.5,
Peng-Robinson 1978 (PR78),medido,13.780507834832326,0.01211069280628072,1.4284294279018468,3.887848274886161,0.028734968754097034,0,9.4,
GERG-2008,excluido: gas natural; sin NH3 en el modelo,,,,,,,,
Peng-Robinson / Lee-Kesler (PR/LK),medido,13.783132055180866,0.01211310290744653,1.4286102060201908,5.084175925311599,0.02873438607524531,0,15.4,
Peng-Robinson (PR),medido,13.783132055180866,0.01211310290744653,1.4286102060201908,3.8880693130702566,0.02873438607524531,0,4.2,
Wilson,medido,76.65782186550109,0.06818634943544186,7.446991099988584,23.11266726209686,0.1822085900271495,0,5.1,
PC-SAFT (with Association Support) (.NET Code),medido,nan,nan,nan,nan,nan,19,2.5,"p_burbuja(300.0, 0.2): The given key was not present in the dictionary. | <lambda>(nan, 300.0, 0.2): The given key was not present in the dictionary. | p_burbuja(400.0, 0.4): The given key was not present in the dictionary. | <lambda>(nan, 400.0, 0.4): The given key was not present in the dictionary. | p_burbuja(500.0, 0.6): The given key was not present in the dictionary. | <lambda>(nan, 500.0, 0"
CoolProp,medido,85.96587380736295,0.07017253430482558,7.660182054093184,32.831401278052894,0.1832610542966634,0,145.7,
CoolProp (Incompressible Fluids),excluido: fluidos incompresibles,,,,,,,,
CoolProp (Incompressible Mixtures),excluido: mezclas incompresibles,,,,,,,,
Steam Tables (IAPWS-IF97),excluido: agua pura,,,,,,,,
Seawater IAPWS-08,excluido: agua de mar (requiere sal),,,,,,,,
UNIFAC,medido,nan,nan,nan,nan,nan,19,2.3,"p_burbuja(300.0, 0.2): Error calculating excess enthalpy from activity coefficients. If this error persists, try changing t | <lambda>(nan, 300.0, 0.2): Phase equilibria calculation error. (T = 300,00 K, P = NaN Pa, MoleFracs = { 0,8, 0,2, }) | p_burbuja(400.0, 0.4): Error calculating excess enthalpy from activity coefficients. If this error persists, try changing t | <lambda>(nan, 400.0, 0.4): Ph"
Modified UNIFAC (Dortmund),medido,nan,nan,nan,nan,nan,19,2.2,"p_burbuja(300.0, 0.2): Error calculating excess enthalpy from activity coefficients. If this error persists, try changing t | <lambda>(nan, 300.0, 0.2): Phase equilibria calculation error. (T = 300,00 K, P = NaN Pa, MoleFracs = { 0,8, 0,2, }) | p_burbuja(400.0, 0.4): Error calculating excess enthalpy from activity coefficients. If this error persists, try changing t | <lambda>(nan, 400.0, 0.4): Ph"
NRTL,medido,nan,nan,nan,nan,nan,19,2.4,"p_burbuja(300.0, 0.2): NRTL error: missing interaction parameters for binary pair Water/Ammonia. | <lambda>(nan, 300.0, 0.2): NRTL error: missing interaction parameters for binary pair Water/Ammonia. | p_burbuja(400.0, 0.4): NRTL error: missing interaction parameters for binary pair Water/Ammonia. | <lambda>(nan, 400.0, 0.4): NRTL error: missing interaction parameters for binary pair Water/Ammonia"
Modified UNIFAC (NIST),medido,nan,nan,nan,nan,nan,19,2.4,"p_burbuja(300.0, 0.2): Error calculating excess enthalpy from activity coefficients. If this error persists, try changing t | <lambda>(nan, 300.0, 0.2): Phase equilibria calculation error. (T = 300,00 K, P = NaN Pa, MoleFracs = { 0,8, 0,2, }) | p_burbuja(400.0, 0.4): Error calculating excess enthalpy from activity coefficients. If this error persists, try changing t | <lambda>(nan, 400.0, 0.4): Ph"
UNIFAC-LL,medido,nan,nan,nan,nan,nan,19,2.3,"p_burbuja(300.0, 0.2): Error calculating excess enthalpy from activity coefficients. If this error persists, try changing t | <lambda>(nan, 300.0, 0.2): Phase equilibria calculation error. (T = 300,00 K, P = NaN Pa, MoleFracs = { 0,8, 0,2, }) | p_burbuja(400.0, 0.4): Error calculating excess enthalpy from activity coefficients. If this error persists, try changing t | <lambda>(nan, 400.0, 0.4): Ph"
UNIQUAC,medido,nan,nan,nan,nan,nan,19,2.0,"p_burbuja(300.0, 0.2): UNIQUAC error: missing interaction parameters for binary pair Water/Ammonia. | <lambda>(nan, 300.0, 0.2): UNIQUAC error: missing interaction parameters for binary pair Water/Ammonia. | p_burbuja(400.0, 0.4): UNIQUAC error: missing interaction parameters for binary pair Water/Ammonia. | <lambda>(nan, 400.0, 0.4): UNIQUAC error: missing interaction parameters for binary pair W"
Chao-Seader,medido,80.36066859129105,0.036192420886570355,4.982910176736671,9.475340338998823,0.12868628952645078,0,17.2,
Peng-Robinson 1978 (PR78) Advanced,medido,12.317780129166252,0.042250490312900325,10.437989107739298,25.970204021945914,0.11887997570399686,1,11.7,"T_burbuja(273550.0, 0.5638699810769684): PT/PV/TV Flash: Maximum number of iterations reached. (T = 302,19 K, P = 273.550,00 Pa, MoleFracs = "
Soave-Redlich-Kwong (SRK) Advanced,medido,402.4462949764839,0.21260828534775117,17.51580707692248,35.61641980601407,0.30930017500732665,0,14.1,
Grayson-Streed,medido,89.18011021753983,0.04089939118024492,5.347837941306618,10.871218665491766,0.1381262708730993,0,17.6,
Raoult's Law,medido,85.69259961745091,0.07020894233748369,7.639799685068851,23.263421978483592,0.18330665730685397,0,4.5,
Lee-Kesler-Plöcker,medido,44.20174376949164,0.18036269534934388,10.489076165490275,11.312846805515804,0.0554579087834747,1,97.3,"T_burbuja(273550.0, 0.5638699810769684): PT/PV/TV Flash: Maximum number of iterations reached. (T = 295,00 K, P = 273.550,00 Pa, MoleFracs = "
CAPE-OPEN,excluido: requiere paquete externo,,,,,,,,
