P,h4s,T4s,fase,q,salto_h4s
419.0,1484.593758,281.757132,bifasico,0.902923,
419.25,1625.39539,272.521393,liquido,0.0,140.801632
419.5,1625.410859,272.537254,liquido,0.0,0.015469
419.75,1625.426315,272.553107,liquido,0.0,0.015456
420.0,1625.441763,272.568953,liquido,0.0,0.015447
420.25,1625.457195,272.584791,liquido,0.0,0.015433
420.5,1625.472618,272.600622,liquido,0.0,0.015423
420.75,1625.488029,272.616447,liquido,0.0,0.015411
421.0,1625.503427,272.632263,liquido,0.0,0.015398
421.25,1625.518815,272.648072,liquido,0.0,0.015388
421.5,1625.53419,272.663874,liquido,0.0,0.015375
421.75,1625.549555,272.679668,liquido,0.0,0.015365
422.0,1625.564907,272.695455,liquido,0.0,0.015352
422.25,1625.580247,272.711235,liquido,0.0,0.01534
422.5,1625.595576,272.727008,liquido,0.0,0.01533
422.75,1625.610894,272.742773,liquido,0.0,0.015317
423.0,1625.626202,272.758531,liquido,0.0,0.015308
423.25,1625.641495,272.774282,liquido,0.0,0.015293
423.5,1625.656778,272.790025,liquido,0.0,0.015283
423.75,1625.67205,272.805761,liquido,0.0,0.015271
424.0,1625.687311,272.821491,liquido,0.0,0.015261
424.25,1486.052729,282.186492,bifasico,0.903446,139.634582
424.5,1486.121814,282.206863,bifasico,0.90347,0.069085
424.75,1486.190864,282.227226,bifasico,0.903495,0.06905
425.0,1486.259879,282.247583,bifasico,0.90352,0.069015
425.25,1486.328859,282.267933,bifasico,0.903544,0.06898
425.5,1486.397804,282.288276,bifasico,0.903569,0.068945
425.75,1486.466714,282.308613,bifasico,0.903594,0.06891
426.0,1486.53559,282.328943,bifasico,0.903618,0.068875
426.25,1486.60443,282.349265,bifasico,0.903643,0.06884
426.5,1486.673235,282.369582,bifasico,0.903667,0.068805
426.75,1486.742006,282.389891,bifasico,0.903692,0.068771
427.0,1486.810742,282.410194,bifasico,0.903717,0.068736
427.25,1486.879443,282.43049,bifasico,0.903741,0.068701
427.5,1486.948109,282.450779,bifasico,0.903766,0.068666
427.75,1487.016741,282.471062,bifasico,0.90379,0.068632
428.0,1487.085338,282.491338,bifasico,0.903815,0.068597
428.25,1487.153901,282.511607,bifasico,0.903839,0.068563
428.5,1487.222429,282.53187,bifasico,0.903864,0.068528
428.75,1487.290922,282.552125,bifasico,0.903888,0.068494
429.0,1487.359382,282.572375,bifasico,0.903912,0.068459
424.169832,1486.030568,282.179959,bifasico,0.903438,1.328814
