T,s,h,fase,ds,crece
250.0,1.045626,211.5456,liquido,,
250.5,1.054597,213.7905,liquido,0.00897,si
251.0,1.063555,216.0367,liquido,0.008958,si
251.5,1.0725,218.2841,liquido,0.008945,si
252.0,1.081432,220.5329,liquido,0.008933,si
252.5,1.090352,222.783,liquido,0.00892,si
253.0,1.09926,225.0344,liquido,0.008908,si
253.5,1.108155,227.287,liquido,0.008895,si
254.0,1.117038,229.541,liquido,0.008883,si
254.5,1.125908,231.7963,liquido,0.00887,si
255.0,1.134766,234.0529,liquido,0.008858,si
255.5,1.143612,236.3108,liquido,0.008846,si
256.0,1.152445,238.5699,liquido,0.008834,si
256.5,1.161267,240.8304,liquido,0.008821,si
257.0,1.170076,243.0922,liquido,0.008809,si
257.5,1.178873,245.3553,liquido,0.008797,si
258.0,1.187659,247.6197,liquido,0.008785,si
258.5,1.196432,249.8854,liquido,0.008773,si
259.0,1.205193,252.1524,liquido,0.008761,si
259.5,1.213943,254.4207,liquido,0.00875,si
260.0,1.22268,256.6903,liquido,0.008738,si
260.5,1.231406,258.9613,liquido,0.008726,si
261.0,1.240121,261.2335,liquido,0.008714,si
261.5,1.248823,263.5071,liquido,0.008703,si
262.0,1.257514,265.782,liquido,0.008691,si
262.5,1.266194,268.0582,liquido,0.00868,si
263.0,1.274862,270.3357,liquido,0.008668,si
263.5,1.283518,272.6145,liquido,0.008657,si
264.0,1.292164,274.8947,liquido,0.008645,si
264.5,1.300798,277.1762,liquido,0.008634,si
265.0,1.30942,279.459,liquido,0.008623,si
265.5,1.318032,281.7432,liquido,0.008611,si
266.0,1.326632,284.0287,liquido,0.0086,si
266.5,1.335221,286.3156,liquido,0.008589,si
267.0,1.343799,288.6038,liquido,0.008578,si
267.5,1.352366,290.8934,liquido,0.008567,si
268.0,1.360922,293.1843,liquido,0.008556,si
268.5,1.369468,295.4766,liquido,0.008545,si
269.0,1.378002,297.7702,liquido,0.008534,si
269.5,1.386526,300.0652,liquido,0.008524,si
270.0,1.395039,302.3616,liquido,0.008513,si
270.5,1.403541,304.6594,liquido,0.008502,si
271.0,1.412033,306.9585,liquido,0.008492,si
271.5,1.420514,309.2591,liquido,0.008481,si
272.0,1.428985,311.561,liquido,0.008471,si
272.5,1.437446,313.8644,liquido,0.00846,si
273.0,6.15328,1626.1828,liquido,4.715834,si
273.5,1.535492,340.671,bifasico,-4.617788,NO
274.0,3.450172,864.7276,bifasico,1.91468,si
274.5,4.222479,1076.51,bifasico,0.772307,si
275.0,4.637297,1190.472,bifasico,0.414818,si
275.5,4.895198,1261.4549,bifasico,0.257901,si
276.0,5.070782,1309.8698,bifasico,0.175585,si
276.5,5.198076,1345.0332,bifasico,0.127294,si
277.0,5.294761,1371.7896,bifasico,0.096685,si
277.5,5.370901,1392.8988,bifasico,0.07614,si
278.0,5.432629,1410.0432,bifasico,0.061728,si
278.5,5.483883,1424.3044,bifasico,0.051254,si
279.0,5.527304,1436.4076,bifasico,0.043421,si
279.5,5.564723,1446.8566,bifasico,0.037419,si
280.0,5.597449,1456.0115,bifasico,0.032726,si
280.5,5.62644,1464.1362,bifasico,0.028991,si
281.0,5.652415,1471.4283,bifasico,0.025974,si
281.5,5.675918,1478.0386,bifasico,0.023504,si
282.0,5.697374,1484.0838,bifasico,0.021456,si
282.5,5.717116,1489.6559,bifasico,0.019742,si
283.0,5.735409,1494.8281,bifasico,0.018292,si
283.5,5.752465,1499.6592,bifasico,0.017056,si
284.0,5.768459,1504.1975,bifasico,0.015994,si
284.5,5.783533,1508.4823,bifasico,0.015074,si
285.0,5.797807,1512.5466,bifasico,0.014273,si
285.5,5.811378,1516.4178,bifasico,0.013571,si
286.0,5.824331,1520.119,bifasico,0.012953,si
286.5,5.836736,1523.67,bifasico,0.012405,si
287.0,5.848654,1527.0874,bifasico,0.011918,si
287.5,5.860137,1530.3858,bifasico,0.011483,si
288.0,5.871229,1533.5778,bifasico,0.011093,si
288.5,5.881971,1536.6741,bifasico,0.010742,si
289.0,5.892397,1539.6845,bifasico,0.010426,si
289.5,5.902536,1542.6172,bifasico,0.010139,si
290.0,5.912415,1545.4798,bifasico,0.009879,si
290.5,5.922059,1548.2787,bifasico,0.009643,si
291.0,5.931487,1551.0199,bifasico,0.009428,si
291.5,5.940718,1553.7087,bifasico,0.009232,si
292.0,5.949771,1556.3497,bifasico,0.009053,si
292.5,5.95866,1558.9474,bifasico,0.008889,si
293.0,5.967398,1561.5055,bifasico,0.008738,si
293.5,5.975999,1564.0277,bifasico,0.008601,si
294.0,5.984473,1566.5171,bifasico,0.008475,si
294.5,5.992833,1568.9768,bifasico,0.008359,si
295.0,6.001086,1571.4095,bifasico,0.008253,si
295.5,6.009242,1573.8176,bifasico,0.008156,si
296.0,6.01731,1576.2037,bifasico,0.008068,si
296.5,6.025297,1578.5697,bifasico,0.007987,si
297.0,6.033209,1580.9178,bifasico,0.007913,si
297.5,6.041055,1583.2499,bifasico,0.007846,si
298.0,6.048839,1585.5677,bifasico,0.007785,si
298.5,6.056569,1587.873,bifasico,0.007729,si
299.0,6.064249,1590.1674,bifasico,0.00768,si
299.5,6.071884,1592.4523,bifasico,0.007635,si
300.0,6.07948,1594.7292,bifasico,0.007596,si
300.5,6.087042,1596.9995,bifasico,0.007561,si
301.0,6.094573,1599.2645,bifasico,0.007531,si
301.5,6.102078,1601.5254,bifasico,0.007505,si
302.0,6.109561,1603.7835,bifasico,0.007483,si
302.5,6.117026,1606.0399,bifasico,0.007465,si
303.0,6.124478,1608.2958,bifasico,0.007451,si
303.5,6.131919,1610.5522,bifasico,0.007441,si
304.0,6.139352,1612.8103,bifasico,0.007434,si
304.5,6.146783,1615.071,bifasico,0.00743,si
305.0,6.154213,1617.3353,bifasico,0.00743,si
305.5,6.161646,1619.6043,bifasico,0.007433,si
306.0,6.169086,1621.8789,bifasico,0.007439,si
306.5,6.176535,1624.1601,bifasico,0.007449,si
307.0,6.183996,1626.4488,bifasico,0.007461,si
307.5,6.191472,1628.746,bifasico,0.007476,si
308.0,6.198967,1631.0524,bifasico,0.007495,si
308.5,6.206483,1633.3692,bifasico,0.007516,si
309.0,6.214022,1635.697,bifasico,0.00754,si
309.5,6.221588,1638.0369,bifasico,0.007566,si
310.0,6.229184,1640.3896,bifasico,0.007596,si
310.5,6.236812,1642.7561,bifasico,0.007628,si
311.0,6.244474,1645.1373,bifasico,0.007663,si
311.5,6.252174,1647.534,bifasico,0.0077,si
312.0,6.259915,1649.947,bifasico,0.00774,si
312.5,6.267698,1652.3773,bifasico,0.007783,si
313.0,6.275527,1654.8257,bifasico,0.007829,si
313.5,6.283403,1657.2931,bifasico,0.007877,si
314.0,6.291331,1659.7803,bifasico,0.007927,si
314.5,6.299311,1662.2882,bifasico,0.007981,si
315.0,6.307348,1664.8177,bifasico,0.008037,si
315.5,6.315443,1667.3698,bifasico,0.008095,si
316.0,6.323599,1669.9451,bifasico,0.008156,si
316.5,6.33182,1672.5447,bifasico,0.00822,si
317.0,6.340106,1675.1695,bifasico,0.008287,si
317.5,6.348462,1677.8204,bifasico,0.008356,si
318.0,6.356889,1680.4981,bifasico,0.008427,si
318.5,6.365391,1683.2038,bifasico,0.008502,si
319.0,6.37397,1685.9383,bifasico,0.008579,si
319.5,6.382628,1688.7026,bifasico,0.008659,si
320.0,6.391369,1691.4975,bifasico,0.008741,si
320.5,6.400195,1694.3241,bifasico,0.008826,si
321.0,6.40911,1697.1833,bifasico,0.008914,si
321.5,6.418114,1700.0761,bifasico,0.009005,si
322.0,6.427213,1703.0035,bifasico,0.009098,si
322.5,6.436407,1705.9665,bifasico,0.009195,si
323.0,6.445701,1708.9661,bifasico,0.009294,si
323.5,6.455097,1712.0033,bifasico,0.009396,si
324.0,6.464598,1715.0792,bifasico,0.009501,si
324.5,6.474207,1718.1948,bifasico,0.009609,si
325.0,6.483926,1721.3512,bifasico,0.00972,si
325.5,6.493759,1724.5495,bifasico,0.009833,si
326.0,6.50371,1727.7908,bifasico,0.00995,si
326.5,6.51378,1731.0762,bifasico,0.01007,si
327.0,6.523973,1734.4068,bifasico,0.010193,si
327.5,6.534292,1737.7839,bifasico,0.010319,si
328.0,6.544741,1741.2085,bifasico,0.010449,si
328.5,6.555323,1744.6818,bifasico,0.010581,si
329.0,6.56604,1748.2051,bifasico,0.010717,si
329.5,6.576896,1751.7796,bifasico,0.010856,si
330.0,6.587895,1755.4065,bifasico,0.010999,si
330.5,6.59904,1759.0871,bifasico,0.011145,si
331.0,6.610335,1762.8228,bifasico,0.011294,si
331.5,6.621782,1766.6147,bifasico,0.011447,si
332.0,6.633386,1770.4643,bifasico,0.011604,si
332.5,6.640617,1772.8664,vapor,0.007231,si
333.0,6.644124,1774.0332,vapor,0.003506,si
333.5,6.647624,1775.1996,vapor,0.0035,si
334.0,6.651117,1776.3656,vapor,0.003494,si
334.5,6.654605,1777.5313,vapor,0.003487,si
335.0,6.658086,1778.6967,vapor,0.003481,si
335.5,6.661561,1779.8617,vapor,0.003475,si
336.0,6.66503,1781.0264,vapor,0.003469,si
336.5,6.668493,1782.1907,vapor,0.003463,si
337.0,6.67195,1783.3548,vapor,0.003457,si
337.5,6.675401,1784.5186,vapor,0.003451,si
338.0,6.678845,1785.6821,vapor,0.003445,si
338.5,6.682284,1786.8453,vapor,0.003439,si
339.0,6.685717,1788.0082,vapor,0.003433,si
339.5,6.689144,1789.1708,vapor,0.003427,si
340.0,6.692566,1790.3332,vapor,0.003421,si
340.5,6.695981,1791.4954,vapor,0.003416,si
341.0,6.699391,1792.6573,vapor,0.00341,si
341.5,6.702795,1793.819,vapor,0.003404,si
342.0,6.706194,1794.9805,vapor,0.003399,si
342.5,6.709587,1796.1417,vapor,0.003393,si
343.0,6.712974,1797.3028,vapor,0.003387,si
343.5,6.716356,1798.4636,vapor,0.003382,si
344.0,6.719733,1799.6243,vapor,0.003376,si
344.5,6.723104,1800.7847,vapor,0.003371,si
345.0,6.726469,1801.945,vapor,0.003366,si
345.5,6.729829,1803.1051,vapor,0.00336,si
346.0,6.733184,1804.265,vapor,0.003355,si
346.5,6.736534,1805.4248,vapor,0.00335,si
347.0,6.739878,1806.5845,vapor,0.003344,si
347.5,6.743217,1807.7439,vapor,0.003339,si
348.0,6.746551,1808.9033,vapor,0.003334,si
348.5,6.74988,1810.0625,vapor,0.003329,si
349.0,6.753203,1811.2216,vapor,0.003324,si
349.5,6.756522,1812.3806,vapor,0.003318,si
350.0,6.759835,1813.5394,vapor,0.003313,si
